Commodity_Code,Commodity_Description,Country_Code,Country_Name,Market_Year,Calendar_Year,Month,Attribute_ID,Attribute_Description,Unit_ID,Unit_Description,Value
2226000,"Oilseed, Rapeseed",AR,Argentina,2022,2025,4,4,Area Harvested,4,(1000 HA),23.0
2226000,"Oilseed, Rapeseed",AR,Argentina,2022,2025,4,20,Beginning Stocks,8,(1000 MT),9.0
2226000,"Oilseed, Rapeseed",AR,Argentina,2022,2025,4,7,Crush,8,(1000 MT),1.0
2226000,"Oilseed, Rapeseed",AR,Argentina,2022,2025,4,125,Domestic Consumption,8,(1000 MT),26.0
2226000,"Oilseed, Rapeseed",AR,Argentina,2022,2025,4,176,Ending Stocks,8,(1000 MT),7.0
2226000,"Oilseed, Rapeseed",AR,Argentina,2022,2025,4,88,Exports,8,(1000 MT),15.0
2226000,"Oilseed, Rapeseed",AR,Argentina,2022,2025,4,161,Feed Waste Dom. Cons.,8,(1000 MT),25.0
2226000,"Oilseed, Rapeseed",AR,Argentina,2022,2025,4,149,Food Use Dom. Cons.,8,(1000 MT),0.0
2226000,"Oilseed, Rapeseed",AR,Argentina,2022,2025,4,57,Imports,8,(1000 MT),0.0
2226000,"Oilseed, Rapeseed",AR,Argentina,2022,2025,4,28,Production,8,(1000 MT),39.0
2226000,"Oilseed, Rapeseed",AR,Argentina,2022,2025,4,178,Total Distribution,8,(1000 MT),48.0
2226000,"Oilseed, Rapeseed",AR,Argentina,2022,2025,4,86,Total Supply,8,(1000 MT),48.0
2226000,"Oilseed, Rapeseed",AR,Argentina,2022,2025,4,184,Yield,26,(MT/HA),1.7
2226000,"Oilseed, Rapeseed",AR,Argentina,2023,2025,6,4,Area Harvested,4,(1000 HA),32.0
2226000,"Oilseed, Rapeseed",AR,Argentina,2023,2025,6,20,Beginning Stocks,8,(1000 MT),7.0
2226000,"Oilseed, Rapeseed",AR,Argentina,2023,2025,6,7,Crush,8,(1000 MT),1.0
2226000,"Oilseed, Rapeseed",AR,Argentina,2023,2025,6,125,Domestic Consumption,8,(1000 MT),33.0
2226000,"Oilseed, Rapeseed",AR,Argentina,2023,2025,6,176,Ending Stocks,8,(1000 MT),12.0
2226000,"Oilseed, Rapeseed",AR,Argentina,2023,2025,6,88,Exports,8,(1000 MT),10.0
2226000,"Oilseed, Rapeseed",AR,Argentina,2023,2025,6,161,Feed Waste Dom. Cons.,8,(1000 MT),32.0
2226000,"Oilseed, Rapeseed",AR,Argentina,2023,2025,6,149,Food Use Dom. Cons.,8,(1000 MT),0.0
2226000,"Oilseed, Rapeseed",AR,Argentina,2023,2025,6,57,Imports,8,(1000 MT),3.0
2226000,"Oilseed, Rapeseed",AR,Argentina,2023,2025,6,28,Production,8,(1000 MT),45.0
2226000,"Oilseed, Rapeseed",AR,Argentina,2023,2025,6,178,Total Distribution,8,(1000 MT),55.0
2226000,"Oilseed, Rapeseed",AR,Argentina,2023,2025,6,86,Total Supply,8,(1000 MT),55.0
2226000,"Oilseed, Rapeseed",AR,Argentina,2023,2025,6,184,Yield,26,(MT/HA),1.41
2226000,"Oilseed, Rapeseed",AR,Argentina,2024,2025,9,4,Area Harvested,4,(1000 HA),35.0
2226000,"Oilseed, Rapeseed",AR,Argentina,2024,2025,9,20,Beginning Stocks,8,(1000 MT),12.0
2226000,"Oilseed, Rapeseed",AR,Argentina,2024,2025,9,7,Crush,8,(1000 MT),1.0
2226000,"Oilseed, Rapeseed",AR,Argentina,2024,2025,9,125,Domestic Consumption,8,(1000 MT),36.0
2226000,"Oilseed, Rapeseed",AR,Argentina,2024,2025,9,176,Ending Stocks,8,(1000 MT),14.0
2226000,"Oilseed, Rapeseed",AR,Argentina,2024,2025,9,88,Exports,8,(1000 MT),20.0
2226000,"Oilseed, Rapeseed",AR,Argentina,2024,2025,9,161,Feed Waste Dom. Cons.,8,(1000 MT),35.0
2226000,"Oilseed, Rapeseed",AR,Argentina,2024,2025,9,149,Food Use Dom. Cons.,8,(1000 MT),0.0
2226000,"Oilseed, Rapeseed",AR,Argentina,2024,2025,9,57,Imports,8,(1000 MT),0.0
2226000,"Oilseed, Rapeseed",AR,Argentina,2024,2025,9,28,Production,8,(1000 MT),58.0
2226000,"Oilseed, Rapeseed",AR,Argentina,2024,2025,9,178,Total Distribution,8,(1000 MT),70.0
2226000,"Oilseed, Rapeseed",AR,Argentina,2024,2025,9,86,Total Supply,8,(1000 MT),70.0
2226000,"Oilseed, Rapeseed",AR,Argentina,2024,2025,9,184,Yield,26,(MT/HA),1.66
2226000,"Oilseed, Rapeseed",AR,Argentina,2025,2026,3,4,Area Harvested,4,(1000 HA),25.0
2226000,"Oilseed, Rapeseed",AR,Argentina,2025,2026,3,20,Beginning Stocks,8,(1000 MT),14.0
2226000,"Oilseed, Rapeseed",AR,Argentina,2025,2026,3,7,Crush,8,(1000 MT),1.0
2226000,"Oilseed, Rapeseed",AR,Argentina,2025,2026,3,125,Domestic Consumption,8,(1000 MT),26.0
2226000,"Oilseed, Rapeseed",AR,Argentina,2025,2026,3,176,Ending Stocks,8,(1000 MT),13.0
2226000,"Oilseed, Rapeseed",AR,Argentina,2025,2026,3,88,Exports,8,(1000 MT),15.0
2226000,"Oilseed, Rapeseed",AR,Argentina,2025,2026,3,161,Feed Waste Dom. Cons.,8,(1000 MT),25.0
2226000,"Oilseed, Rapeseed",AR,Argentina,2025,2026,3,149,Food Use Dom. Cons.,8,(1000 MT),0.0
2226000,"Oilseed, Rapeseed",AR,Argentina,2025,2026,3,57,Imports,8,(1000 MT),0.0
2226000,"Oilseed, Rapeseed",AR,Argentina,2025,2026,3,28,Production,8,(1000 MT),40.0
2226000,"Oilseed, Rapeseed",AR,Argentina,2025,2026,3,178,Total Distribution,8,(1000 MT),54.0
2226000,"Oilseed, Rapeseed",AR,Argentina,2025,2026,3,86,Total Supply,8,(1000 MT),54.0
2226000,"Oilseed, Rapeseed",AR,Argentina,2025,2026,3,184,Yield,26,(MT/HA),1.6
2226000,"Oilseed, Rapeseed",AS,Australia,2022,2025,12,4,Area Harvested,4,(1000 HA),3900.0
2226000,"Oilseed, Rapeseed",AS,Australia,2022,2025,12,20,Beginning Stocks,8,(1000 MT),739.0
2226000,"Oilseed, Rapeseed",AS,Australia,2022,2025,12,7,Crush,8,(1000 MT),1000.0
2226000,"Oilseed, Rapeseed",AS,Australia,2022,2025,12,125,Domestic Consumption,8,(1000 MT),1220.0
2226000,"Oilseed, Rapeseed",AS,Australia,2022,2025,12,176,Ending Stocks,8,(1000 MT),1622.0
2226000,"Oilseed, Rapeseed",AS,Australia,2022,2025,12,88,Exports,8,(1000 MT),6339.0
2226000,"Oilseed, Rapeseed",AS,Australia,2022,2025,12,161,Feed Waste Dom. Cons.,8,(1000 MT),220.0
2226000,"Oilseed, Rapeseed",AS,Australia,2022,2025,12,149,Food Use Dom. Cons.,8,(1000 MT),0.0
2226000,"Oilseed, Rapeseed",AS,Australia,2022,2025,12,57,Imports,8,(1000 MT),2.0
2226000,"Oilseed, Rapeseed",AS,Australia,2022,2025,12,28,Production,8,(1000 MT),8440.0
2226000,"Oilseed, Rapeseed",AS,Australia,2022,2025,12,178,Total Distribution,8,(1000 MT),9181.0
2226000,"Oilseed, Rapeseed",AS,Australia,2022,2025,12,86,Total Supply,8,(1000 MT),9181.0
2226000,"Oilseed, Rapeseed",AS,Australia,2022,2025,12,184,Yield,26,(MT/HA),2.16
2226000,"Oilseed, Rapeseed",AS,Australia,2023,2025,12,4,Area Harvested,4,(1000 HA),3507.0
2226000,"Oilseed, Rapeseed",AS,Australia,2023,2025,12,20,Beginning Stocks,8,(1000 MT),1622.0
2226000,"Oilseed, Rapeseed",AS,Australia,2023,2025,12,7,Crush,8,(1000 MT),1100.0
2226000,"Oilseed, Rapeseed",AS,Australia,2023,2025,12,125,Domestic Consumption,8,(1000 MT),1225.0
2226000,"Oilseed, Rapeseed",AS,Australia,2023,2025,12,176,Ending Stocks,8,(1000 MT),456.0
2226000,"Oilseed, Rapeseed",AS,Australia,2023,2025,12,88,Exports,8,(1000 MT),5994.0
2226000,"Oilseed, Rapeseed",AS,Australia,2023,2025,12,161,Feed Waste Dom. Cons.,8,(1000 MT),125.0
2226000,"Oilseed, Rapeseed",AS,Australia,2023,2025,12,149,Food Use Dom. Cons.,8,(1000 MT),0.0
2226000,"Oilseed, Rapeseed",AS,Australia,2023,2025,12,57,Imports,8,(1000 MT),3.0
2226000,"Oilseed, Rapeseed",AS,Australia,2023,2025,12,28,Production,8,(1000 MT),6050.0
2226000,"Oilseed, Rapeseed",AS,Australia,2023,2025,12,178,Total Distribution,8,(1000 MT),7675.0
2226000,"Oilseed, Rapeseed",AS,Australia,2023,2025,12,86,Total Supply,8,(1000 MT),7675.0
2226000,"Oilseed, Rapeseed",AS,Australia,2023,2025,12,184,Yield,26,(MT/HA),1.73
2226000,"Oilseed, Rapeseed",AS,Australia,2024,2025,12,4,Area Harvested,4,(1000 HA),3439.0
2226000,"Oilseed, Rapeseed",AS,Australia,2024,2025,12,20,Beginning Stocks,8,(1000 MT),456.0
2226000,"Oilseed, Rapeseed",AS,Australia,2024,2025,12,7,Crush,8,(1000 MT),1140.0
2226000,"Oilseed, Rapeseed",AS,Australia,2024,2025,12,125,Domestic Consumption,8,(1000 MT),1360.0
2226000,"Oilseed, Rapeseed",AS,Australia,2024,2025,12,176,Ending Stocks,8,(1000 MT),211.0
2226000,"Oilseed, Rapeseed",AS,Australia,2024,2025,12,88,Exports,8,(1000 MT),5282.0
2226000,"Oilseed, Rapeseed",AS,Australia,2024,2025,12,161,Feed Waste Dom. Cons.,8,(1000 MT),220.0
2226000,"Oilseed, Rapeseed",AS,Australia,2024,2025,12,149,Food Use Dom. Cons.,8,(1000 MT),0.0
2226000,"Oilseed, Rapeseed",AS,Australia,2024,2025,12,57,Imports,8,(1000 MT),1.0
2226000,"Oilseed, Rapeseed",AS,Australia,2024,2025,12,28,Production,8,(1000 MT),6396.0
2226000,"Oilseed, Rapeseed",AS,Australia,2024,2025,12,178,Total Distribution,8,(1000 MT),6853.0
2226000,"Oilseed, Rapeseed",AS,Australia,2024,2025,12,86,Total Supply,8,(1000 MT),6853.0
2226000,"Oilseed, Rapeseed",AS,Australia,2024,2025,12,184,Yield,26,(MT/HA),1.86
2226000,"Oilseed, Rapeseed",AS,Australia,2025,2026,3,4,Area Harvested,4,(1000 HA),3702.0
2226000,"Oilseed, Rapeseed",AS,Australia,2025,2026,3,20,Beginning Stocks,8,(1000 MT),211.0
2226000,"Oilseed, Rapeseed",AS,Australia,2025,2026,3,7,Crush,8,(1000 MT),1200.0
2226000,"Oilseed, Rapeseed",AS,Australia,2025,2026,3,125,Domestic Consumption,8,(1000 MT),1475.0
2226000,"Oilseed, Rapeseed",AS,Australia,2025,2026,3,176,Ending Stocks,8,(1000 MT),1068.0
2226000,"Oilseed, Rapeseed",AS,Australia,2025,2026,3,88,Exports,8,(1000 MT),5350.0
2226000,"Oilseed, Rapeseed",AS,Australia,2025,2026,3,161,Feed Waste Dom. Cons.,8,(1000 MT),275.0
2226000,"Oilseed, Rapeseed",AS,Australia,2025,2026,3,149,Food Use Dom. Cons.,8,(1000 MT),0.0
2226000,"Oilseed, Rapeseed",AS,Australia,2025,2026,3,57,Imports,8,(1000 MT),2.0
2226000,"Oilseed, Rapeseed",AS,Australia,2025,2026,3,28,Production,8,(1000 MT),7680.0
2226000,"Oilseed, Rapeseed",AS,Australia,2025,2026,3,178,Total Distribution,8,(1000 MT),7893.0
2226000,"Oilseed, Rapeseed",AS,Australia,2025,2026,3,86,Total Supply,8,(1000 MT),7893.0
2226000,"Oilseed, Rapeseed",AS,Australia,2025,2026,3,184,Yield,26,(MT/HA),2.07
2226000,"Oilseed, Rapeseed",BG,Bangladesh,2022,2025,4,4,Area Harvested,4,(1000 HA),810.0
2226000,"Oilseed, Rapeseed",BG,Bangladesh,2022,2025,4,20,Beginning Stocks,8,(1000 MT),49.0
2226000,"Oilseed, Rapeseed",BG,Bangladesh,2022,2025,4,7,Crush,8,(1000 MT),1225.0
2226000,"Oilseed, Rapeseed",BG,Bangladesh,2022,2025,4,125,Domestic Consumption,8,(1000 MT),1345.0
2226000,"Oilseed, Rapeseed",BG,Bangladesh,2022,2025,4,176,Ending Stocks,8,(1000 MT),62.0
2226000,"Oilseed, Rapeseed",BG,Bangladesh,2022,2025,4,88,Exports,8,(1000 MT),0.0
2226000,"Oilseed, Rapeseed",BG,Bangladesh,2022,2025,4,161,Feed Waste Dom. Cons.,8,(1000 MT),100.0
2226000,"Oilseed, Rapeseed",BG,Bangladesh,2022,2025,4,149,Food Use Dom. Cons.,8,(1000 MT),20.0
2226000,"Oilseed, Rapeseed",BG,Bangladesh,2022,2025,4,57,Imports,8,(1000 MT),308.0
2226000,"Oilseed, Rapeseed",BG,Bangladesh,2022,2025,4,28,Production,8,(1000 MT),1050.0
2226000,"Oilseed, Rapeseed",BG,Bangladesh,2022,2025,4,178,Total Distribution,8,(1000 MT),1407.0
2226000,"Oilseed, Rapeseed",BG,Bangladesh,2022,2025,4,86,Total Supply,8,(1000 MT),1407.0
2226000,"Oilseed, Rapeseed",BG,Bangladesh,2022,2025,4,184,Yield,26,(MT/HA),1.3
2226000,"Oilseed, Rapeseed",BG,Bangladesh,2023,2025,6,4,Area Harvested,4,(1000 HA),1097.0
2226000,"Oilseed, Rapeseed",BG,Bangladesh,2023,2025,6,20,Beginning Stocks,8,(1000 MT),62.0
2226000,"Oilseed, Rapeseed",BG,Bangladesh,2023,2025,6,7,Crush,8,(1000 MT),1470.0
2226000,"Oilseed, Rapeseed",BG,Bangladesh,2023,2025,6,125,Domestic Consumption,8,(1000 MT),1610.0
2226000,"Oilseed, Rapeseed",BG,Bangladesh,2023,2025,6,176,Ending Stocks,8,(1000 MT),160.0
2226000,"Oilseed, Rapeseed",BG,Bangladesh,2023,2025,6,88,Exports,8,(1000 MT),0.0
2226000,"Oilseed, Rapeseed",BG,Bangladesh,2023,2025,6,161,Feed Waste Dom. Cons.,8,(1000 MT),120.0
2226000,"Oilseed, Rapeseed",BG,Bangladesh,2023,2025,6,149,Food Use Dom. Cons.,8,(1000 MT),20.0
2226000,"Oilseed, Rapeseed",BG,Bangladesh,2023,2025,6,57,Imports,8,(1000 MT),283.0
2226000,"Oilseed, Rapeseed",BG,Bangladesh,2023,2025,6,28,Production,8,(1000 MT),1425.0
2226000,"Oilseed, Rapeseed",BG,Bangladesh,2023,2025,6,178,Total Distribution,8,(1000 MT),1770.0
2226000,"Oilseed, Rapeseed",BG,Bangladesh,2023,2025,6,86,Total Supply,8,(1000 MT),1770.0
2226000,"Oilseed, Rapeseed",BG,Bangladesh,2023,2025,6,184,Yield,26,(MT/HA),1.3
2226000,"Oilseed, Rapeseed",BG,Bangladesh,2024,2025,6,4,Area Harvested,4,(1000 HA),1040.0
2226000,"Oilseed, Rapeseed",BG,Bangladesh,2024,2025,6,20,Beginning Stocks,8,(1000 MT),160.0
2226000,"Oilseed, Rapeseed",BG,Bangladesh,2024,2025,6,7,Crush,8,(1000 MT),1550.0
2226000,"Oilseed, Rapeseed",BG,Bangladesh,2024,2025,6,125,Domestic Consumption,8,(1000 MT),1685.0
2226000,"Oilseed, Rapeseed",BG,Bangladesh,2024,2025,6,176,Ending Stocks,8,(1000 MT),125.0
2226000,"Oilseed, Rapeseed",BG,Bangladesh,2024,2025,6,88,Exports,8,(1000 MT),0.0
2226000,"Oilseed, Rapeseed",BG,Bangladesh,2024,2025,6,161,Feed Waste Dom. Cons.,8,(1000 MT),110.0
2226000,"Oilseed, Rapeseed",BG,Bangladesh,2024,2025,6,149,Food Use Dom. Cons.,8,(1000 MT),25.0
2226000,"Oilseed, Rapeseed",BG,Bangladesh,2024,2025,6,57,Imports,8,(1000 MT),300.0
2226000,"Oilseed, Rapeseed",BG,Bangladesh,2024,2025,6,28,Production,8,(1000 MT),1350.0
2226000,"Oilseed, Rapeseed",BG,Bangladesh,2024,2025,6,178,Total Distribution,8,(1000 MT),1810.0
2226000,"Oilseed, Rapeseed",BG,Bangladesh,2024,2025,6,86,Total Supply,8,(1000 MT),1810.0
2226000,"Oilseed, Rapeseed",BG,Bangladesh,2024,2025,6,184,Yield,26,(MT/HA),1.3
2226000,"Oilseed, Rapeseed",BG,Bangladesh,2025,2026,3,4,Area Harvested,4,(1000 HA),1100.0
2226000,"Oilseed, Rapeseed",BG,Bangladesh,2025,2026,3,20,Beginning Stocks,8,(1000 MT),125.0
2226000,"Oilseed, Rapeseed",BG,Bangladesh,2025,2026,3,7,Crush,8,(1000 MT),1600.0
2226000,"Oilseed, Rapeseed",BG,Bangladesh,2025,2026,3,125,Domestic Consumption,8,(1000 MT),1745.0
2226000,"Oilseed, Rapeseed",BG,Bangladesh,2025,2026,3,176,Ending Stocks,8,(1000 MT),150.0
2226000,"Oilseed, Rapeseed",BG,Bangladesh,2025,2026,3,88,Exports,8,(1000 MT),0.0
2226000,"Oilseed, Rapeseed",BG,Bangladesh,2025,2026,3,161,Feed Waste Dom. Cons.,8,(1000 MT),120.0
2226000,"Oilseed, Rapeseed",BG,Bangladesh,2025,2026,3,149,Food Use Dom. Cons.,8,(1000 MT),25.0
2226000,"Oilseed, Rapeseed",BG,Bangladesh,2025,2026,3,57,Imports,8,(1000 MT),320.0
2226000,"Oilseed, Rapeseed",BG,Bangladesh,2025,2026,3,28,Production,8,(1000 MT),1450.0
2226000,"Oilseed, Rapeseed",BG,Bangladesh,2025,2026,3,178,Total Distribution,8,(1000 MT),1895.0
2226000,"Oilseed, Rapeseed",BG,Bangladesh,2025,2026,3,86,Total Supply,8,(1000 MT),1895.0
2226000,"Oilseed, Rapeseed",BG,Bangladesh,2025,2026,3,184,Yield,26,(MT/HA),1.32
2226000,"Oilseed, Rapeseed",BO,Belarus,2022,2024,4,4,Area Harvested,4,(1000 HA),360.0
2226000,"Oilseed, Rapeseed",BO,Belarus,2022,2024,4,20,Beginning Stocks,8,(1000 MT),89.0
2226000,"Oilseed, Rapeseed",BO,Belarus,2022,2024,4,7,Crush,8,(1000 MT),1225.0
2226000,"Oilseed, Rapeseed",BO,Belarus,2022,2024,4,125,Domestic Consumption,8,(1000 MT),1275.0
2226000,"Oilseed, Rapeseed",BO,Belarus,2022,2024,4,176,Ending Stocks,8,(1000 MT),14.0
2226000,"Oilseed, Rapeseed",BO,Belarus,2022,2024,4,88,Exports,8,(1000 MT),0.0
2226000,"Oilseed, Rapeseed",BO,Belarus,2022,2024,4,161,Feed Waste Dom. Cons.,8,(1000 MT),50.0
2226000,"Oilseed, Rapeseed",BO,Belarus,2022,2024,4,149,Food Use Dom. Cons.,8,(1000 MT),0.0
2226000,"Oilseed, Rapeseed",BO,Belarus,2022,2024,4,57,Imports,8,(1000 MT),400.0
2226000,"Oilseed, Rapeseed",BO,Belarus,2022,2024,4,28,Production,8,(1000 MT),800.0
2226000,"Oilseed, Rapeseed",BO,Belarus,2022,2024,4,178,Total Distribution,8,(1000 MT),1289.0
2226000,"Oilseed, Rapeseed",BO,Belarus,2022,2024,4,86,Total Supply,8,(1000 MT),1289.0
2226000,"Oilseed, Rapeseed",BO,Belarus,2022,2024,4,184,Yield,26,(MT/HA),2.22
2226000,"Oilseed, Rapeseed",BO,Belarus,2023,2024,4,4,Area Harvested,4,(1000 HA),400.0
2226000,"Oilseed, Rapeseed",BO,Belarus,2023,2024,4,20,Beginning Stocks,8,(1000 MT),14.0
2226000,"Oilseed, Rapeseed",BO,Belarus,2023,2024,4,7,Crush,8,(1000 MT),1225.0
2226000,"Oilseed, Rapeseed",BO,Belarus,2023,2024,4,125,Domestic Consumption,8,(1000 MT),1275.0
2226000,"Oilseed, Rapeseed",BO,Belarus,2023,2024,4,176,Ending Stocks,8,(1000 MT),36.0
2226000,"Oilseed, Rapeseed",BO,Belarus,2023,2024,4,88,Exports,8,(1000 MT),3.0
2226000,"Oilseed, Rapeseed",BO,Belarus,2023,2024,4,161,Feed Waste Dom. Cons.,8,(1000 MT),50.0
2226000,"Oilseed, Rapeseed",BO,Belarus,2023,2024,4,149,Food Use Dom. Cons.,8,(1000 MT),0.0
2226000,"Oilseed, Rapeseed",BO,Belarus,2023,2024,4,57,Imports,8,(1000 MT),400.0
2226000,"Oilseed, Rapeseed",BO,Belarus,2023,2024,4,28,Production,8,(1000 MT),900.0
2226000,"Oilseed, Rapeseed",BO,Belarus,2023,2024,4,178,Total Distribution,8,(1000 MT),1314.0
2226000,"Oilseed, Rapeseed",BO,Belarus,2023,2024,4,86,Total Supply,8,(1000 MT),1314.0
2226000,"Oilseed, Rapeseed",BO,Belarus,2023,2024,4,184,Yield,26,(MT/HA),2.25
2226000,"Oilseed, Rapeseed",BO,Belarus,2024,2025,4,4,Area Harvested,4,(1000 HA),480.0
2226000,"Oilseed, Rapeseed",BO,Belarus,2024,2025,4,20,Beginning Stocks,8,(1000 MT),36.0
2226000,"Oilseed, Rapeseed",BO,Belarus,2024,2025,4,7,Crush,8,(1000 MT),1325.0
2226000,"Oilseed, Rapeseed",BO,Belarus,2024,2025,4,125,Domestic Consumption,8,(1000 MT),1375.0
2226000,"Oilseed, Rapeseed",BO,Belarus,2024,2025,4,176,Ending Stocks,8,(1000 MT),41.0
2226000,"Oilseed, Rapeseed",BO,Belarus,2024,2025,4,88,Exports,8,(1000 MT),0.0
2226000,"Oilseed, Rapeseed",BO,Belarus,2024,2025,4,161,Feed Waste Dom. Cons.,8,(1000 MT),50.0
2226000,"Oilseed, Rapeseed",BO,Belarus,2024,2025,4,149,Food Use Dom. Cons.,8,(1000 MT),0.0
2226000,"Oilseed, Rapeseed",BO,Belarus,2024,2025,4,57,Imports,8,(1000 MT),300.0
2226000,"Oilseed, Rapeseed",BO,Belarus,2024,2025,4,28,Production,8,(1000 MT),1080.0
2226000,"Oilseed, Rapeseed",BO,Belarus,2024,2025,4,178,Total Distribution,8,(1000 MT),1416.0
2226000,"Oilseed, Rapeseed",BO,Belarus,2024,2025,4,86,Total Supply,8,(1000 MT),1416.0
2226000,"Oilseed, Rapeseed",BO,Belarus,2024,2025,4,184,Yield,26,(MT/HA),2.25
2226000,"Oilseed, Rapeseed",BO,Belarus,2025,2026,3,4,Area Harvested,4,(1000 HA),450.0
2226000,"Oilseed, Rapeseed",BO,Belarus,2025,2026,3,20,Beginning Stocks,8,(1000 MT),41.0
2226000,"Oilseed, Rapeseed",BO,Belarus,2025,2026,3,7,Crush,8,(1000 MT),1225.0
2226000,"Oilseed, Rapeseed",BO,Belarus,2025,2026,3,125,Domestic Consumption,8,(1000 MT),1275.0
2226000,"Oilseed, Rapeseed",BO,Belarus,2025,2026,3,176,Ending Stocks,8,(1000 MT),41.0
2226000,"Oilseed, Rapeseed",BO,Belarus,2025,2026,3,88,Exports,8,(1000 MT),0.0
2226000,"Oilseed, Rapeseed",BO,Belarus,2025,2026,3,161,Feed Waste Dom. Cons.,8,(1000 MT),50.0
2226000,"Oilseed, Rapeseed",BO,Belarus,2025,2026,3,149,Food Use Dom. Cons.,8,(1000 MT),0.0
2226000,"Oilseed, Rapeseed",BO,Belarus,2025,2026,3,57,Imports,8,(1000 MT),325.0
2226000,"Oilseed, Rapeseed",BO,Belarus,2025,2026,3,28,Production,8,(1000 MT),950.0
2226000,"Oilseed, Rapeseed",BO,Belarus,2025,2026,3,178,Total Distribution,8,(1000 MT),1316.0
2226000,"Oilseed, Rapeseed",BO,Belarus,2025,2026,3,86,Total Supply,8,(1000 MT),1316.0
2226000,"Oilseed, Rapeseed",BO,Belarus,2025,2026,3,184,Yield,26,(MT/HA),2.11
2226000,"Oilseed, Rapeseed",CA,Canada,2022,2025,7,4,Area Harvested,4,(1000 HA),8596.0
2226000,"Oilseed, Rapeseed",CA,Canada,2022,2025,7,20,Beginning Stocks,8,(1000 MT),1484.0
2226000,"Oilseed, Rapeseed",CA,Canada,2022,2025,7,7,Crush,8,(1000 MT),9961.0
2226000,"Oilseed, Rapeseed",CA,Canada,2022,2025,7,125,Domestic Consumption,8,(1000 MT),10668.0
2226000,"Oilseed, Rapeseed",CA,Canada,2022,2025,7,176,Ending Stocks,8,(1000 MT),1866.0
2226000,"Oilseed, Rapeseed",CA,Canada,2022,2025,7,88,Exports,8,(1000 MT),7951.0
2226000,"Oilseed, Rapeseed",CA,Canada,2022,2025,7,161,Feed Waste Dom. Cons.,8,(1000 MT),707.0
2226000,"Oilseed, Rapeseed",CA,Canada,2022,2025,7,149,Food Use Dom. Cons.,8,(1000 MT),0.0
2226000,"Oilseed, Rapeseed",CA,Canada,2022,2025,7,57,Imports,8,(1000 MT),151.0
2226000,"Oilseed, Rapeseed",CA,Canada,2022,2025,7,28,Production,8,(1000 MT),18850.0
2226000,"Oilseed, Rapeseed",CA,Canada,2022,2025,7,178,Total Distribution,8,(1000 MT),20485.0
2226000,"Oilseed, Rapeseed",CA,Canada,2022,2025,7,86,Total Supply,8,(1000 MT),20485.0
2226000,"Oilseed, Rapeseed",CA,Canada,2022,2025,7,184,Yield,26,(MT/HA),2.19
2226000,"Oilseed, Rapeseed",CA,Canada,2023,2025,12,4,Area Harvested,4,(1000 HA),8857.0
2226000,"Oilseed, Rapeseed",CA,Canada,2023,2025,12,20,Beginning Stocks,8,(1000 MT),1866.0
2226000,"Oilseed, Rapeseed",CA,Canada,2023,2025,12,7,Crush,8,(1000 MT),11033.0
2226000,"Oilseed, Rapeseed",CA,Canada,2023,2025,12,125,Domestic Consumption,8,(1000 MT),11628.0
2226000,"Oilseed, Rapeseed",CA,Canada,2023,2025,12,176,Ending Stocks,8,(1000 MT),3231.0
2226000,"Oilseed, Rapeseed",CA,Canada,2023,2025,12,88,Exports,8,(1000 MT),6747.0
2226000,"Oilseed, Rapeseed",CA,Canada,2023,2025,12,161,Feed Waste Dom. Cons.,8,(1000 MT),595.0
2226000,"Oilseed, Rapeseed",CA,Canada,2023,2025,12,149,Food Use Dom. Cons.,8,(1000 MT),0.0
2226000,"Oilseed, Rapeseed",CA,Canada,2023,2025,12,57,Imports,8,(1000 MT),276.0
2226000,"Oilseed, Rapeseed",CA,Canada,2023,2025,12,28,Production,8,(1000 MT),19464.0
2226000,"Oilseed, Rapeseed",CA,Canada,2023,2025,12,178,Total Distribution,8,(1000 MT),21606.0
2226000,"Oilseed, Rapeseed",CA,Canada,2023,2025,12,86,Total Supply,8,(1000 MT),21606.0
2226000,"Oilseed, Rapeseed",CA,Canada,2023,2025,12,184,Yield,26,(MT/HA),2.2
2226000,"Oilseed, Rapeseed",CA,Canada,2024,2026,2,4,Area Harvested,4,(1000 HA),8846.0
2226000,"Oilseed, Rapeseed",CA,Canada,2024,2026,2,20,Beginning Stocks,8,(1000 MT),3231.0
2226000,"Oilseed, Rapeseed",CA,Canada,2024,2026,2,7,Crush,8,(1000 MT),11412.0
2226000,"Oilseed, Rapeseed",CA,Canada,2024,2026,2,125,Domestic Consumption,8,(1000 MT),11673.0
2226000,"Oilseed, Rapeseed",CA,Canada,2024,2026,2,176,Ending Stocks,8,(1000 MT),1597.0
2226000,"Oilseed, Rapeseed",CA,Canada,2024,2026,2,88,Exports,8,(1000 MT),9331.0
2226000,"Oilseed, Rapeseed",CA,Canada,2024,2026,2,161,Feed Waste Dom. Cons.,8,(1000 MT),261.0
2226000,"Oilseed, Rapeseed",CA,Canada,2024,2026,2,149,Food Use Dom. Cons.,8,(1000 MT),0.0
2226000,"Oilseed, Rapeseed",CA,Canada,2024,2026,2,57,Imports,8,(1000 MT),131.0
2226000,"Oilseed, Rapeseed",CA,Canada,2024,2026,2,28,Production,8,(1000 MT),19239.0
2226000,"Oilseed, Rapeseed",CA,Canada,2024,2026,2,178,Total Distribution,8,(1000 MT),22601.0
2226000,"Oilseed, Rapeseed",CA,Canada,2024,2026,2,86,Total Supply,8,(1000 MT),22601.0
2226000,"Oilseed, Rapeseed",CA,Canada,2024,2026,2,184,Yield,26,(MT/HA),2.17
2226000,"Oilseed, Rapeseed",CA,Canada,2025,2026,3,4,Area Harvested,4,(1000 HA),8700.0
2226000,"Oilseed, Rapeseed",CA,Canada,2025,2026,3,20,Beginning Stocks,8,(1000 MT),1597.0
2226000,"Oilseed, Rapeseed",CA,Canada,2025,2026,3,7,Crush,8,(1000 MT),12000.0
2226000,"Oilseed, Rapeseed",CA,Canada,2025,2026,3,125,Domestic Consumption,8,(1000 MT),13000.0
2226000,"Oilseed, Rapeseed",CA,Canada,2025,2026,3,176,Ending Stocks,8,(1000 MT),3147.0
2226000,"Oilseed, Rapeseed",CA,Canada,2025,2026,3,88,Exports,8,(1000 MT),7600.0
2226000,"Oilseed, Rapeseed",CA,Canada,2025,2026,3,161,Feed Waste Dom. Cons.,8,(1000 MT),1000.0
2226000,"Oilseed, Rapeseed",CA,Canada,2025,2026,3,149,Food Use Dom. Cons.,8,(1000 MT),0.0
2226000,"Oilseed, Rapeseed",CA,Canada,2025,2026,3,57,Imports,8,(1000 MT),150.0
2226000,"Oilseed, Rapeseed",CA,Canada,2025,2026,3,28,Production,8,(1000 MT),22000.0
2226000,"Oilseed, Rapeseed",CA,Canada,2025,2026,3,178,Total Distribution,8,(1000 MT),23747.0
2226000,"Oilseed, Rapeseed",CA,Canada,2025,2026,3,86,Total Supply,8,(1000 MT),23747.0
2226000,"Oilseed, Rapeseed",CA,Canada,2025,2026,3,184,Yield,26,(MT/HA),2.53
2226000,"Oilseed, Rapeseed",CI,Chile,2022,2025,4,4,Area Harvested,4,(1000 HA),33.0
2226000,"Oilseed, Rapeseed",CI,Chile,2022,2025,4,20,Beginning Stocks,8,(1000 MT),3.0
2226000,"Oilseed, Rapeseed",CI,Chile,2022,2025,4,7,Crush,8,(1000 MT),110.0
2226000,"Oilseed, Rapeseed",CI,Chile,2022,2025,4,125,Domestic Consumption,8,(1000 MT),115.0
2226000,"Oilseed, Rapeseed",CI,Chile,2022,2025,4,176,Ending Stocks,8,(1000 MT),5.0
2226000,"Oilseed, Rapeseed",CI,Chile,2022,2025,4,88,Exports,8,(1000 MT),11.0
2226000,"Oilseed, Rapeseed",CI,Chile,2022,2025,4,161,Feed Waste Dom. Cons.,8,(1000 MT),5.0
2226000,"Oilseed, Rapeseed",CI,Chile,2022,2025,4,149,Food Use Dom. Cons.,8,(1000 MT),0.0
2226000,"Oilseed, Rapeseed",CI,Chile,2022,2025,4,57,Imports,8,(1000 MT),5.0
2226000,"Oilseed, Rapeseed",CI,Chile,2022,2025,4,28,Production,8,(1000 MT),123.0
2226000,"Oilseed, Rapeseed",CI,Chile,2022,2025,4,178,Total Distribution,8,(1000 MT),131.0
2226000,"Oilseed, Rapeseed",CI,Chile,2022,2025,4,86,Total Supply,8,(1000 MT),131.0
2226000,"Oilseed, Rapeseed",CI,Chile,2022,2025,4,184,Yield,26,(MT/HA),3.73
2226000,"Oilseed, Rapeseed",CI,Chile,2023,2025,4,4,Area Harvested,4,(1000 HA),28.0
2226000,"Oilseed, Rapeseed",CI,Chile,2023,2025,4,20,Beginning Stocks,8,(1000 MT),5.0
2226000,"Oilseed, Rapeseed",CI,Chile,2023,2025,4,7,Crush,8,(1000 MT),150.0
2226000,"Oilseed, Rapeseed",CI,Chile,2023,2025,4,125,Domestic Consumption,8,(1000 MT),160.0
2226000,"Oilseed, Rapeseed",CI,Chile,2023,2025,4,176,Ending Stocks,8,(1000 MT),5.0
2226000,"Oilseed, Rapeseed",CI,Chile,2023,2025,4,88,Exports,8,(1000 MT),9.0
2226000,"Oilseed, Rapeseed",CI,Chile,2023,2025,4,161,Feed Waste Dom. Cons.,8,(1000 MT),10.0
2226000,"Oilseed, Rapeseed",CI,Chile,2023,2025,4,149,Food Use Dom. Cons.,8,(1000 MT),0.0
2226000,"Oilseed, Rapeseed",CI,Chile,2023,2025,4,57,Imports,8,(1000 MT),46.0
2226000,"Oilseed, Rapeseed",CI,Chile,2023,2025,4,28,Production,8,(1000 MT),123.0
2226000,"Oilseed, Rapeseed",CI,Chile,2023,2025,4,178,Total Distribution,8,(1000 MT),174.0
2226000,"Oilseed, Rapeseed",CI,Chile,2023,2025,4,86,Total Supply,8,(1000 MT),174.0
2226000,"Oilseed, Rapeseed",CI,Chile,2023,2025,4,184,Yield,26,(MT/HA),4.39
2226000,"Oilseed, Rapeseed",CI,Chile,2024,2025,11,4,Area Harvested,4,(1000 HA),35.0
2226000,"Oilseed, Rapeseed",CI,Chile,2024,2025,11,20,Beginning Stocks,8,(1000 MT),5.0
2226000,"Oilseed, Rapeseed",CI,Chile,2024,2025,11,7,Crush,8,(1000 MT),155.0
2226000,"Oilseed, Rapeseed",CI,Chile,2024,2025,11,125,Domestic Consumption,8,(1000 MT),160.0
2226000,"Oilseed, Rapeseed",CI,Chile,2024,2025,11,176,Ending Stocks,8,(1000 MT),10.0
2226000,"Oilseed, Rapeseed",CI,Chile,2024,2025,11,88,Exports,8,(1000 MT),5.0
2226000,"Oilseed, Rapeseed",CI,Chile,2024,2025,11,161,Feed Waste Dom. Cons.,8,(1000 MT),5.0
2226000,"Oilseed, Rapeseed",CI,Chile,2024,2025,11,149,Food Use Dom. Cons.,8,(1000 MT),0.0
2226000,"Oilseed, Rapeseed",CI,Chile,2024,2025,11,57,Imports,8,(1000 MT),35.0
2226000,"Oilseed, Rapeseed",CI,Chile,2024,2025,11,28,Production,8,(1000 MT),135.0
2226000,"Oilseed, Rapeseed",CI,Chile,2024,2025,11,178,Total Distribution,8,(1000 MT),175.0
2226000,"Oilseed, Rapeseed",CI,Chile,2024,2025,11,86,Total Supply,8,(1000 MT),175.0
2226000,"Oilseed, Rapeseed",CI,Chile,2024,2025,11,184,Yield,26,(MT/HA),3.86
2226000,"Oilseed, Rapeseed",CI,Chile,2025,2026,3,4,Area Harvested,4,(1000 HA),35.0
2226000,"Oilseed, Rapeseed",CI,Chile,2025,2026,3,20,Beginning Stocks,8,(1000 MT),10.0
2226000,"Oilseed, Rapeseed",CI,Chile,2025,2026,3,7,Crush,8,(1000 MT),165.0
2226000,"Oilseed, Rapeseed",CI,Chile,2025,2026,3,125,Domestic Consumption,8,(1000 MT),170.0
2226000,"Oilseed, Rapeseed",CI,Chile,2025,2026,3,176,Ending Stocks,8,(1000 MT),10.0
2226000,"Oilseed, Rapeseed",CI,Chile,2025,2026,3,88,Exports,8,(1000 MT),5.0
2226000,"Oilseed, Rapeseed",CI,Chile,2025,2026,3,161,Feed Waste Dom. Cons.,8,(1000 MT),5.0
2226000,"Oilseed, Rapeseed",CI,Chile,2025,2026,3,149,Food Use Dom. Cons.,8,(1000 MT),0.0
2226000,"Oilseed, Rapeseed",CI,Chile,2025,2026,3,57,Imports,8,(1000 MT),35.0
2226000,"Oilseed, Rapeseed",CI,Chile,2025,2026,3,28,Production,8,(1000 MT),140.0
2226000,"Oilseed, Rapeseed",CI,Chile,2025,2026,3,178,Total Distribution,8,(1000 MT),185.0
2226000,"Oilseed, Rapeseed",CI,Chile,2025,2026,3,86,Total Supply,8,(1000 MT),185.0
2226000,"Oilseed, Rapeseed",CI,Chile,2025,2026,3,184,Yield,26,(MT/HA),4.0
2226000,"Oilseed, Rapeseed",CH,China,2022,2025,4,4,Area Harvested,4,(1000 HA),7788.0
2226000,"Oilseed, Rapeseed",CH,China,2022,2025,4,20,Beginning Stocks,8,(1000 MT),2846.0
2226000,"Oilseed, Rapeseed",CH,China,2022,2025,4,7,Crush,8,(1000 MT),19500.0
2226000,"Oilseed, Rapeseed",CH,China,2022,2025,4,125,Domestic Consumption,8,(1000 MT),20325.0
2226000,"Oilseed, Rapeseed",CH,China,2022,2025,4,176,Ending Stocks,8,(1000 MT),4173.0
2226000,"Oilseed, Rapeseed",CH,China,2022,2025,4,88,Exports,8,(1000 MT),0.0
2226000,"Oilseed, Rapeseed",CH,China,2022,2025,4,161,Feed Waste Dom. Cons.,8,(1000 MT),825.0
2226000,"Oilseed, Rapeseed",CH,China,2022,2025,4,149,Food Use Dom. Cons.,8,(1000 MT),0.0
2226000,"Oilseed, Rapeseed",CH,China,2022,2025,4,57,Imports,8,(1000 MT),5335.0
2226000,"Oilseed, Rapeseed",CH,China,2022,2025,4,28,Production,8,(1000 MT),16317.0
2226000,"Oilseed, Rapeseed",CH,China,2022,2025,4,178,Total Distribution,8,(1000 MT),24498.0
2226000,"Oilseed, Rapeseed",CH,China,2022,2025,4,86,Total Supply,8,(1000 MT),24498.0
2226000,"Oilseed, Rapeseed",CH,China,2022,2025,4,184,Yield,26,(MT/HA),2.1
2226000,"Oilseed, Rapeseed",CH,China,2023,2025,4,4,Area Harvested,4,(1000 HA),7400.0
2226000,"Oilseed, Rapeseed",CH,China,2023,2025,4,20,Beginning Stocks,8,(1000 MT),4173.0
2226000,"Oilseed, Rapeseed",CH,China,2023,2025,4,7,Crush,8,(1000 MT),19800.0
2226000,"Oilseed, Rapeseed",CH,China,2023,2025,4,125,Domestic Consumption,8,(1000 MT),20675.0
2226000,"Oilseed, Rapeseed",CH,China,2023,2025,4,176,Ending Stocks,8,(1000 MT),4784.0
2226000,"Oilseed, Rapeseed",CH,China,2023,2025,4,88,Exports,8,(1000 MT),0.0
2226000,"Oilseed, Rapeseed",CH,China,2023,2025,4,161,Feed Waste Dom. Cons.,8,(1000 MT),875.0
2226000,"Oilseed, Rapeseed",CH,China,2023,2025,4,149,Food Use Dom. Cons.,8,(1000 MT),0.0
2226000,"Oilseed, Rapeseed",CH,China,2023,2025,4,57,Imports,8,(1000 MT),5486.0
2226000,"Oilseed, Rapeseed",CH,China,2023,2025,4,28,Production,8,(1000 MT),15800.0
2226000,"Oilseed, Rapeseed",CH,China,2023,2025,4,178,Total Distribution,8,(1000 MT),25459.0
2226000,"Oilseed, Rapeseed",CH,China,2023,2025,4,86,Total Supply,8,(1000 MT),25459.0
2226000,"Oilseed, Rapeseed",CH,China,2023,2025,4,184,Yield,26,(MT/HA),2.14
2226000,"Oilseed, Rapeseed",CH,China,2024,2025,11,4,Area Harvested,4,(1000 HA),7400.0
2226000,"Oilseed, Rapeseed",CH,China,2024,2025,11,20,Beginning Stocks,8,(1000 MT),4784.0
2226000,"Oilseed, Rapeseed",CH,China,2024,2025,11,7,Crush,8,(1000 MT),20100.0
2226000,"Oilseed, Rapeseed",CH,China,2024,2025,11,125,Domestic Consumption,8,(1000 MT),20925.0
2226000,"Oilseed, Rapeseed",CH,China,2024,2025,11,176,Ending Stocks,8,(1000 MT),4259.0
2226000,"Oilseed, Rapeseed",CH,China,2024,2025,11,88,Exports,8,(1000 MT),0.0
2226000,"Oilseed, Rapeseed",CH,China,2024,2025,11,161,Feed Waste Dom. Cons.,8,(1000 MT),825.0
2226000,"Oilseed, Rapeseed",CH,China,2024,2025,11,149,Food Use Dom. Cons.,8,(1000 MT),0.0
2226000,"Oilseed, Rapeseed",CH,China,2024,2025,11,57,Imports,8,(1000 MT),4600.0
2226000,"Oilseed, Rapeseed",CH,China,2024,2025,11,28,Production,8,(1000 MT),15800.0
2226000,"Oilseed, Rapeseed",CH,China,2024,2025,11,178,Total Distribution,8,(1000 MT),25184.0
2226000,"Oilseed, Rapeseed",CH,China,2024,2025,11,86,Total Supply,8,(1000 MT),25184.0
2226000,"Oilseed, Rapeseed",CH,China,2024,2025,11,184,Yield,26,(MT/HA),2.14
2226000,"Oilseed, Rapeseed",CH,China,2025,2026,3,4,Area Harvested,4,(1000 HA),7500.0
2226000,"Oilseed, Rapeseed",CH,China,2025,2026,3,20,Beginning Stocks,8,(1000 MT),4259.0
2226000,"Oilseed, Rapeseed",CH,China,2025,2026,3,7,Crush,8,(1000 MT),19800.0
2226000,"Oilseed, Rapeseed",CH,China,2025,2026,3,125,Domestic Consumption,8,(1000 MT),20625.0
2226000,"Oilseed, Rapeseed",CH,China,2025,2026,3,176,Ending Stocks,8,(1000 MT),4034.0
2226000,"Oilseed, Rapeseed",CH,China,2025,2026,3,88,Exports,8,(1000 MT),0.0
2226000,"Oilseed, Rapeseed",CH,China,2025,2026,3,161,Feed Waste Dom. Cons.,8,(1000 MT),825.0
2226000,"Oilseed, Rapeseed",CH,China,2025,2026,3,149,Food Use Dom. Cons.,8,(1000 MT),0.0
2226000,"Oilseed, Rapeseed",CH,China,2025,2026,3,57,Imports,8,(1000 MT),4400.0
2226000,"Oilseed, Rapeseed",CH,China,2025,2026,3,28,Production,8,(1000 MT),16000.0
2226000,"Oilseed, Rapeseed",CH,China,2025,2026,3,178,Total Distribution,8,(1000 MT),24659.0
2226000,"Oilseed, Rapeseed",CH,China,2025,2026,3,86,Total Supply,8,(1000 MT),24659.0
2226000,"Oilseed, Rapeseed",CH,China,2025,2026,3,184,Yield,26,(MT/HA),2.13
2226000,"Oilseed, Rapeseed",ET,Ethiopia,2022,2023,4,4,Area Harvested,4,(1000 HA),25.0
2226000,"Oilseed, Rapeseed",ET,Ethiopia,2022,2023,4,20,Beginning Stocks,8,(1000 MT),0.0
2226000,"Oilseed, Rapeseed",ET,Ethiopia,2022,2023,4,7,Crush,8,(1000 MT),42.0
2226000,"Oilseed, Rapeseed",ET,Ethiopia,2022,2023,4,125,Domestic Consumption,8,(1000 MT),45.0
2226000,"Oilseed, Rapeseed",ET,Ethiopia,2022,2023,4,176,Ending Stocks,8,(1000 MT),0.0
2226000,"Oilseed, Rapeseed",ET,Ethiopia,2022,2023,4,88,Exports,8,(1000 MT),0.0
2226000,"Oilseed, Rapeseed",ET,Ethiopia,2022,2023,4,161,Feed Waste Dom. Cons.,8,(1000 MT),3.0
2226000,"Oilseed, Rapeseed",ET,Ethiopia,2022,2023,4,149,Food Use Dom. Cons.,8,(1000 MT),0.0
2226000,"Oilseed, Rapeseed",ET,Ethiopia,2022,2023,4,57,Imports,8,(1000 MT),0.0
2226000,"Oilseed, Rapeseed",ET,Ethiopia,2022,2023,4,28,Production,8,(1000 MT),45.0
2226000,"Oilseed, Rapeseed",ET,Ethiopia,2022,2023,4,178,Total Distribution,8,(1000 MT),45.0
2226000,"Oilseed, Rapeseed",ET,Ethiopia,2022,2023,4,86,Total Supply,8,(1000 MT),45.0
2226000,"Oilseed, Rapeseed",ET,Ethiopia,2022,2023,4,184,Yield,26,(MT/HA),1.8
2226000,"Oilseed, Rapeseed",ET,Ethiopia,2023,2024,4,4,Area Harvested,4,(1000 HA),25.0
2226000,"Oilseed, Rapeseed",ET,Ethiopia,2023,2024,4,20,Beginning Stocks,8,(1000 MT),0.0
2226000,"Oilseed, Rapeseed",ET,Ethiopia,2023,2024,4,7,Crush,8,(1000 MT),42.0
2226000,"Oilseed, Rapeseed",ET,Ethiopia,2023,2024,4,125,Domestic Consumption,8,(1000 MT),45.0
2226000,"Oilseed, Rapeseed",ET,Ethiopia,2023,2024,4,176,Ending Stocks,8,(1000 MT),0.0
2226000,"Oilseed, Rapeseed",ET,Ethiopia,2023,2024,4,88,Exports,8,(1000 MT),0.0
2226000,"Oilseed, Rapeseed",ET,Ethiopia,2023,2024,4,161,Feed Waste Dom. Cons.,8,(1000 MT),3.0
2226000,"Oilseed, Rapeseed",ET,Ethiopia,2023,2024,4,149,Food Use Dom. Cons.,8,(1000 MT),0.0
2226000,"Oilseed, Rapeseed",ET,Ethiopia,2023,2024,4,57,Imports,8,(1000 MT),0.0
2226000,"Oilseed, Rapeseed",ET,Ethiopia,2023,2024,4,28,Production,8,(1000 MT),45.0
2226000,"Oilseed, Rapeseed",ET,Ethiopia,2023,2024,4,178,Total Distribution,8,(1000 MT),45.0
2226000,"Oilseed, Rapeseed",ET,Ethiopia,2023,2024,4,86,Total Supply,8,(1000 MT),45.0
2226000,"Oilseed, Rapeseed",ET,Ethiopia,2023,2024,4,184,Yield,26,(MT/HA),1.8
2226000,"Oilseed, Rapeseed",ET,Ethiopia,2024,2025,4,4,Area Harvested,4,(1000 HA),25.0
2226000,"Oilseed, Rapeseed",ET,Ethiopia,2024,2025,4,20,Beginning Stocks,8,(1000 MT),0.0
2226000,"Oilseed, Rapeseed",ET,Ethiopia,2024,2025,4,7,Crush,8,(1000 MT),42.0
2226000,"Oilseed, Rapeseed",ET,Ethiopia,2024,2025,4,125,Domestic Consumption,8,(1000 MT),45.0
2226000,"Oilseed, Rapeseed",ET,Ethiopia,2024,2025,4,176,Ending Stocks,8,(1000 MT),0.0
2226000,"Oilseed, Rapeseed",ET,Ethiopia,2024,2025,4,88,Exports,8,(1000 MT),0.0
2226000,"Oilseed, Rapeseed",ET,Ethiopia,2024,2025,4,161,Feed Waste Dom. Cons.,8,(1000 MT),3.0
2226000,"Oilseed, Rapeseed",ET,Ethiopia,2024,2025,4,149,Food Use Dom. Cons.,8,(1000 MT),0.0
2226000,"Oilseed, Rapeseed",ET,Ethiopia,2024,2025,4,57,Imports,8,(1000 MT),0.0
2226000,"Oilseed, Rapeseed",ET,Ethiopia,2024,2025,4,28,Production,8,(1000 MT),45.0
2226000,"Oilseed, Rapeseed",ET,Ethiopia,2024,2025,4,178,Total Distribution,8,(1000 MT),45.0
2226000,"Oilseed, Rapeseed",ET,Ethiopia,2024,2025,4,86,Total Supply,8,(1000 MT),45.0
2226000,"Oilseed, Rapeseed",ET,Ethiopia,2024,2025,4,184,Yield,26,(MT/HA),1.8
2226000,"Oilseed, Rapeseed",ET,Ethiopia,2025,2026,3,4,Area Harvested,4,(1000 HA),25.0
2226000,"Oilseed, Rapeseed",ET,Ethiopia,2025,2026,3,20,Beginning Stocks,8,(1000 MT),0.0
2226000,"Oilseed, Rapeseed",ET,Ethiopia,2025,2026,3,7,Crush,8,(1000 MT),42.0
2226000,"Oilseed, Rapeseed",ET,Ethiopia,2025,2026,3,125,Domestic Consumption,8,(1000 MT),45.0
2226000,"Oilseed, Rapeseed",ET,Ethiopia,2025,2026,3,176,Ending Stocks,8,(1000 MT),0.0
2226000,"Oilseed, Rapeseed",ET,Ethiopia,2025,2026,3,88,Exports,8,(1000 MT),0.0
2226000,"Oilseed, Rapeseed",ET,Ethiopia,2025,2026,3,161,Feed Waste Dom. Cons.,8,(1000 MT),3.0
2226000,"Oilseed, Rapeseed",ET,Ethiopia,2025,2026,3,149,Food Use Dom. Cons.,8,(1000 MT),0.0
2226000,"Oilseed, Rapeseed",ET,Ethiopia,2025,2026,3,57,Imports,8,(1000 MT),0.0
2226000,"Oilseed, Rapeseed",ET,Ethiopia,2025,2026,3,28,Production,8,(1000 MT),45.0
2226000,"Oilseed, Rapeseed",ET,Ethiopia,2025,2026,3,178,Total Distribution,8,(1000 MT),45.0
2226000,"Oilseed, Rapeseed",ET,Ethiopia,2025,2026,3,86,Total Supply,8,(1000 MT),45.0
2226000,"Oilseed, Rapeseed",ET,Ethiopia,2025,2026,3,184,Yield,26,(MT/HA),1.8
2226000,"Oilseed, Rapeseed",E4,European Union,2022,2025,5,4,Area Harvested,4,(1000 HA),5924.0
2226000,"Oilseed, Rapeseed",E4,European Union,2022,2025,5,20,Beginning Stocks,8,(1000 MT),699.0
2226000,"Oilseed, Rapeseed",E4,European Union,2022,2025,5,7,Crush,8,(1000 MT),24200.0
2226000,"Oilseed, Rapeseed",E4,European Union,2022,2025,5,125,Domestic Consumption,8,(1000 MT),24875.0
2226000,"Oilseed, Rapeseed",E4,European Union,2022,2025,5,176,Ending Stocks,8,(1000 MT),1734.0
2226000,"Oilseed, Rapeseed",E4,European Union,2022,2025,5,88,Exports,8,(1000 MT),544.0
2226000,"Oilseed, Rapeseed",E4,European Union,2022,2025,5,161,Feed Waste Dom. Cons.,8,(1000 MT),675.0
2226000,"Oilseed, Rapeseed",E4,European Union,2022,2025,5,149,Food Use Dom. Cons.,8,(1000 MT),0.0
2226000,"Oilseed, Rapeseed",E4,European Union,2022,2025,5,57,Imports,8,(1000 MT),6841.0
2226000,"Oilseed, Rapeseed",E4,European Union,2022,2025,5,28,Production,8,(1000 MT),19613.0
2226000,"Oilseed, Rapeseed",E4,European Union,2022,2025,5,178,Total Distribution,8,(1000 MT),27153.0
2226000,"Oilseed, Rapeseed",E4,European Union,2022,2025,5,86,Total Supply,8,(1000 MT),27153.0
2226000,"Oilseed, Rapeseed",E4,European Union,2022,2025,5,184,Yield,26,(MT/HA),3.31
2226000,"Oilseed, Rapeseed",E4,European Union,2023,2025,11,4,Area Harvested,4,(1000 HA),6261.0
2226000,"Oilseed, Rapeseed",E4,European Union,2023,2025,11,20,Beginning Stocks,8,(1000 MT),1734.0
2226000,"Oilseed, Rapeseed",E4,European Union,2023,2025,11,7,Crush,8,(1000 MT),24400.0
2226000,"Oilseed, Rapeseed",E4,European Union,2023,2025,11,125,Domestic Consumption,8,(1000 MT),25150.0
2226000,"Oilseed, Rapeseed",E4,European Union,2023,2025,11,176,Ending Stocks,8,(1000 MT),1938.0
2226000,"Oilseed, Rapeseed",E4,European Union,2023,2025,11,88,Exports,8,(1000 MT),534.0
2226000,"Oilseed, Rapeseed",E4,European Union,2023,2025,11,161,Feed Waste Dom. Cons.,8,(1000 MT),750.0
2226000,"Oilseed, Rapeseed",E4,European Union,2023,2025,11,149,Food Use Dom. Cons.,8,(1000 MT),0.0
2226000,"Oilseed, Rapeseed",E4,European Union,2023,2025,11,57,Imports,8,(1000 MT),5457.0
2226000,"Oilseed, Rapeseed",E4,European Union,2023,2025,11,28,Production,8,(1000 MT),20431.0
2226000,"Oilseed, Rapeseed",E4,European Union,2023,2025,11,178,Total Distribution,8,(1000 MT),27622.0
2226000,"Oilseed, Rapeseed",E4,European Union,2023,2025,11,86,Total Supply,8,(1000 MT),27622.0
2226000,"Oilseed, Rapeseed",E4,European Union,2023,2025,11,184,Yield,26,(MT/HA),3.26
2226000,"Oilseed, Rapeseed",E4,European Union,2024,2026,1,4,Area Harvested,4,(1000 HA),5714.0
2226000,"Oilseed, Rapeseed",E4,European Union,2024,2026,1,20,Beginning Stocks,8,(1000 MT),1938.0
2226000,"Oilseed, Rapeseed",E4,European Union,2024,2026,1,7,Crush,8,(1000 MT),23450.0
2226000,"Oilseed, Rapeseed",E4,European Union,2024,2026,1,125,Domestic Consumption,8,(1000 MT),24100.0
2226000,"Oilseed, Rapeseed",E4,European Union,2024,2026,1,176,Ending Stocks,8,(1000 MT),2247.0
2226000,"Oilseed, Rapeseed",E4,European Union,2024,2026,1,88,Exports,8,(1000 MT),382.0
2226000,"Oilseed, Rapeseed",E4,European Union,2024,2026,1,161,Feed Waste Dom. Cons.,8,(1000 MT),650.0
2226000,"Oilseed, Rapeseed",E4,European Union,2024,2026,1,149,Food Use Dom. Cons.,8,(1000 MT),0.0
2226000,"Oilseed, Rapeseed",E4,European Union,2024,2026,1,57,Imports,8,(1000 MT),7964.0
2226000,"Oilseed, Rapeseed",E4,European Union,2024,2026,1,28,Production,8,(1000 MT),16827.0
2226000,"Oilseed, Rapeseed",E4,European Union,2024,2026,1,178,Total Distribution,8,(1000 MT),26729.0
2226000,"Oilseed, Rapeseed",E4,European Union,2024,2026,1,86,Total Supply,8,(1000 MT),26729.0
2226000,"Oilseed, Rapeseed",E4,European Union,2024,2026,1,184,Yield,26,(MT/HA),2.94
2226000,"Oilseed, Rapeseed",E4,European Union,2025,2026,3,4,Area Harvested,4,(1000 HA),6086.0
2226000,"Oilseed, Rapeseed",E4,European Union,2025,2026,3,20,Beginning Stocks,8,(1000 MT),2247.0
2226000,"Oilseed, Rapeseed",E4,European Union,2025,2026,3,7,Crush,8,(1000 MT),24500.0
2226000,"Oilseed, Rapeseed",E4,European Union,2025,2026,3,125,Domestic Consumption,8,(1000 MT),25150.0
2226000,"Oilseed, Rapeseed",E4,European Union,2025,2026,3,176,Ending Stocks,8,(1000 MT),2192.0
2226000,"Oilseed, Rapeseed",E4,European Union,2025,2026,3,88,Exports,8,(1000 MT),650.0
2226000,"Oilseed, Rapeseed",E4,European Union,2025,2026,3,161,Feed Waste Dom. Cons.,8,(1000 MT),650.0
2226000,"Oilseed, Rapeseed",E4,European Union,2025,2026,3,149,Food Use Dom. Cons.,8,(1000 MT),0.0
2226000,"Oilseed, Rapeseed",E4,European Union,2025,2026,3,57,Imports,8,(1000 MT),5500.0
2226000,"Oilseed, Rapeseed",E4,European Union,2025,2026,3,28,Production,8,(1000 MT),20245.0
2226000,"Oilseed, Rapeseed",E4,European Union,2025,2026,3,178,Total Distribution,8,(1000 MT),27992.0
2226000,"Oilseed, Rapeseed",E4,European Union,2025,2026,3,86,Total Supply,8,(1000 MT),27992.0
2226000,"Oilseed, Rapeseed",E4,European Union,2025,2026,3,184,Yield,26,(MT/HA),3.33
2226000,"Oilseed, Rapeseed",IN,India,2022,2024,7,4,Area Harvested,4,(1000 HA),8852.0
2226000,"Oilseed, Rapeseed",IN,India,2022,2024,7,20,Beginning Stocks,8,(1000 MT),719.0
2226000,"Oilseed, Rapeseed",IN,India,2022,2024,7,7,Crush,8,(1000 MT),10100.0
2226000,"Oilseed, Rapeseed",IN,India,2022,2024,7,125,Domestic Consumption,8,(1000 MT),11300.0
2226000,"Oilseed, Rapeseed",IN,India,2022,2024,7,176,Ending Stocks,8,(1000 MT),619.0
2226000,"Oilseed, Rapeseed",IN,India,2022,2024,7,88,Exports,8,(1000 MT),0.0
2226000,"Oilseed, Rapeseed",IN,India,2022,2024,7,161,Feed Waste Dom. Cons.,8,(1000 MT),550.0
2226000,"Oilseed, Rapeseed",IN,India,2022,2024,7,149,Food Use Dom. Cons.,8,(1000 MT),650.0
2226000,"Oilseed, Rapeseed",IN,India,2022,2024,7,57,Imports,8,(1000 MT),0.0
2226000,"Oilseed, Rapeseed",IN,India,2022,2024,7,28,Production,8,(1000 MT),11200.0
2226000,"Oilseed, Rapeseed",IN,India,2022,2024,7,178,Total Distribution,8,(1000 MT),11919.0
2226000,"Oilseed, Rapeseed",IN,India,2022,2024,7,86,Total Supply,8,(1000 MT),11919.0
2226000,"Oilseed, Rapeseed",IN,India,2022,2024,7,184,Yield,26,(MT/HA),1.27
2226000,"Oilseed, Rapeseed",IN,India,2023,2025,4,4,Area Harvested,4,(1000 HA),9250.0
2226000,"Oilseed, Rapeseed",IN,India,2023,2025,4,20,Beginning Stocks,8,(1000 MT),619.0
2226000,"Oilseed, Rapeseed",IN,India,2023,2025,4,7,Crush,8,(1000 MT),10450.0
2226000,"Oilseed, Rapeseed",IN,India,2023,2025,4,125,Domestic Consumption,8,(1000 MT),11650.0
2226000,"Oilseed, Rapeseed",IN,India,2023,2025,4,176,Ending Stocks,8,(1000 MT),569.0
2226000,"Oilseed, Rapeseed",IN,India,2023,2025,4,88,Exports,8,(1000 MT),0.0
2226000,"Oilseed, Rapeseed",IN,India,2023,2025,4,161,Feed Waste Dom. Cons.,8,(1000 MT),550.0
2226000,"Oilseed, Rapeseed",IN,India,2023,2025,4,149,Food Use Dom. Cons.,8,(1000 MT),650.0
2226000,"Oilseed, Rapeseed",IN,India,2023,2025,4,57,Imports,8,(1000 MT),0.0
2226000,"Oilseed, Rapeseed",IN,India,2023,2025,4,28,Production,8,(1000 MT),11600.0
2226000,"Oilseed, Rapeseed",IN,India,2023,2025,4,178,Total Distribution,8,(1000 MT),12219.0
2226000,"Oilseed, Rapeseed",IN,India,2023,2025,4,86,Total Supply,8,(1000 MT),12219.0
2226000,"Oilseed, Rapeseed",IN,India,2023,2025,4,184,Yield,26,(MT/HA),1.25
2226000,"Oilseed, Rapeseed",IN,India,2024,2025,4,4,Area Harvested,4,(1000 HA),8900.0
2226000,"Oilseed, Rapeseed",IN,India,2024,2025,4,20,Beginning Stocks,8,(1000 MT),569.0
2226000,"Oilseed, Rapeseed",IN,India,2024,2025,4,7,Crush,8,(1000 MT),10350.0
2226000,"Oilseed, Rapeseed",IN,India,2024,2025,4,125,Domestic Consumption,8,(1000 MT),11550.0
2226000,"Oilseed, Rapeseed",IN,India,2024,2025,4,176,Ending Stocks,8,(1000 MT),539.0
2226000,"Oilseed, Rapeseed",IN,India,2024,2025,4,88,Exports,8,(1000 MT),0.0
2226000,"Oilseed, Rapeseed",IN,India,2024,2025,4,161,Feed Waste Dom. Cons.,8,(1000 MT),550.0
2226000,"Oilseed, Rapeseed",IN,India,2024,2025,4,149,Food Use Dom. Cons.,8,(1000 MT),650.0
2226000,"Oilseed, Rapeseed",IN,India,2024,2025,4,57,Imports,8,(1000 MT),0.0
2226000,"Oilseed, Rapeseed",IN,India,2024,2025,4,28,Production,8,(1000 MT),11520.0
2226000,"Oilseed, Rapeseed",IN,India,2024,2025,4,178,Total Distribution,8,(1000 MT),12089.0
2226000,"Oilseed, Rapeseed",IN,India,2024,2025,4,86,Total Supply,8,(1000 MT),12089.0
2226000,"Oilseed, Rapeseed",IN,India,2024,2025,4,184,Yield,26,(MT/HA),1.29
2226000,"Oilseed, Rapeseed",IN,India,2025,2026,3,4,Area Harvested,4,(1000 HA),9250.0
2226000,"Oilseed, Rapeseed",IN,India,2025,2026,3,20,Beginning Stocks,8,(1000 MT),539.0
2226000,"Oilseed, Rapeseed",IN,India,2025,2026,3,7,Crush,8,(1000 MT),10750.0
2226000,"Oilseed, Rapeseed",IN,India,2025,2026,3,125,Domestic Consumption,8,(1000 MT),11975.0
2226000,"Oilseed, Rapeseed",IN,India,2025,2026,3,176,Ending Stocks,8,(1000 MT),564.0
2226000,"Oilseed, Rapeseed",IN,India,2025,2026,3,88,Exports,8,(1000 MT),0.0
2226000,"Oilseed, Rapeseed",IN,India,2025,2026,3,161,Feed Waste Dom. Cons.,8,(1000 MT),575.0
2226000,"Oilseed, Rapeseed",IN,India,2025,2026,3,149,Food Use Dom. Cons.,8,(1000 MT),650.0
2226000,"Oilseed, Rapeseed",IN,India,2025,2026,3,57,Imports,8,(1000 MT),0.0
2226000,"Oilseed, Rapeseed",IN,India,2025,2026,3,28,Production,8,(1000 MT),12000.0
2226000,"Oilseed, Rapeseed",IN,India,2025,2026,3,178,Total Distribution,8,(1000 MT),12539.0
2226000,"Oilseed, Rapeseed",IN,India,2025,2026,3,86,Total Supply,8,(1000 MT),12539.0
2226000,"Oilseed, Rapeseed",IN,India,2025,2026,3,184,Yield,26,(MT/HA),1.3
2226000,"Oilseed, Rapeseed",IR,Iran,2022,2025,4,4,Area Harvested,4,(1000 HA),155.0
2226000,"Oilseed, Rapeseed",IR,Iran,2022,2025,4,20,Beginning Stocks,8,(1000 MT),0.0
2226000,"Oilseed, Rapeseed",IR,Iran,2022,2025,4,7,Crush,8,(1000 MT),322.0
2226000,"Oilseed, Rapeseed",IR,Iran,2022,2025,4,125,Domestic Consumption,8,(1000 MT),330.0
2226000,"Oilseed, Rapeseed",IR,Iran,2022,2025,4,176,Ending Stocks,8,(1000 MT),0.0
2226000,"Oilseed, Rapeseed",IR,Iran,2022,2025,4,88,Exports,8,(1000 MT),0.0
2226000,"Oilseed, Rapeseed",IR,Iran,2022,2025,4,161,Feed Waste Dom. Cons.,8,(1000 MT),8.0
2226000,"Oilseed, Rapeseed",IR,Iran,2022,2025,4,149,Food Use Dom. Cons.,8,(1000 MT),0.0
2226000,"Oilseed, Rapeseed",IR,Iran,2022,2025,4,57,Imports,8,(1000 MT),10.0
2226000,"Oilseed, Rapeseed",IR,Iran,2022,2025,4,28,Production,8,(1000 MT),320.0
2226000,"Oilseed, Rapeseed",IR,Iran,2022,2025,4,178,Total Distribution,8,(1000 MT),330.0
2226000,"Oilseed, Rapeseed",IR,Iran,2022,2025,4,86,Total Supply,8,(1000 MT),330.0
2226000,"Oilseed, Rapeseed",IR,Iran,2022,2025,4,184,Yield,26,(MT/HA),2.06
2226000,"Oilseed, Rapeseed",IR,Iran,2023,2025,4,4,Area Harvested,4,(1000 HA),155.0
2226000,"Oilseed, Rapeseed",IR,Iran,2023,2025,4,20,Beginning Stocks,8,(1000 MT),0.0
2226000,"Oilseed, Rapeseed",IR,Iran,2023,2025,4,7,Crush,8,(1000 MT),315.0
2226000,"Oilseed, Rapeseed",IR,Iran,2023,2025,4,125,Domestic Consumption,8,(1000 MT),330.0
2226000,"Oilseed, Rapeseed",IR,Iran,2023,2025,4,176,Ending Stocks,8,(1000 MT),0.0
2226000,"Oilseed, Rapeseed",IR,Iran,2023,2025,4,88,Exports,8,(1000 MT),0.0
2226000,"Oilseed, Rapeseed",IR,Iran,2023,2025,4,161,Feed Waste Dom. Cons.,8,(1000 MT),15.0
2226000,"Oilseed, Rapeseed",IR,Iran,2023,2025,4,149,Food Use Dom. Cons.,8,(1000 MT),0.0
2226000,"Oilseed, Rapeseed",IR,Iran,2023,2025,4,57,Imports,8,(1000 MT),10.0
2226000,"Oilseed, Rapeseed",IR,Iran,2023,2025,4,28,Production,8,(1000 MT),320.0
2226000,"Oilseed, Rapeseed",IR,Iran,2023,2025,4,178,Total Distribution,8,(1000 MT),330.0
2226000,"Oilseed, Rapeseed",IR,Iran,2023,2025,4,86,Total Supply,8,(1000 MT),330.0
2226000,"Oilseed, Rapeseed",IR,Iran,2023,2025,4,184,Yield,26,(MT/HA),2.06
2226000,"Oilseed, Rapeseed",IR,Iran,2024,2025,4,4,Area Harvested,4,(1000 HA),155.0
2226000,"Oilseed, Rapeseed",IR,Iran,2024,2025,4,20,Beginning Stocks,8,(1000 MT),0.0
2226000,"Oilseed, Rapeseed",IR,Iran,2024,2025,4,7,Crush,8,(1000 MT),320.0
2226000,"Oilseed, Rapeseed",IR,Iran,2024,2025,4,125,Domestic Consumption,8,(1000 MT),335.0
2226000,"Oilseed, Rapeseed",IR,Iran,2024,2025,4,176,Ending Stocks,8,(1000 MT),0.0
2226000,"Oilseed, Rapeseed",IR,Iran,2024,2025,4,88,Exports,8,(1000 MT),0.0
2226000,"Oilseed, Rapeseed",IR,Iran,2024,2025,4,161,Feed Waste Dom. Cons.,8,(1000 MT),15.0
2226000,"Oilseed, Rapeseed",IR,Iran,2024,2025,4,149,Food Use Dom. Cons.,8,(1000 MT),0.0
2226000,"Oilseed, Rapeseed",IR,Iran,2024,2025,4,57,Imports,8,(1000 MT),10.0
2226000,"Oilseed, Rapeseed",IR,Iran,2024,2025,4,28,Production,8,(1000 MT),325.0
2226000,"Oilseed, Rapeseed",IR,Iran,2024,2025,4,178,Total Distribution,8,(1000 MT),335.0
2226000,"Oilseed, Rapeseed",IR,Iran,2024,2025,4,86,Total Supply,8,(1000 MT),335.0
2226000,"Oilseed, Rapeseed",IR,Iran,2024,2025,4,184,Yield,26,(MT/HA),2.1
2226000,"Oilseed, Rapeseed",IR,Iran,2025,2026,3,4,Area Harvested,4,(1000 HA),155.0
2226000,"Oilseed, Rapeseed",IR,Iran,2025,2026,3,20,Beginning Stocks,8,(1000 MT),0.0
2226000,"Oilseed, Rapeseed",IR,Iran,2025,2026,3,7,Crush,8,(1000 MT),320.0
2226000,"Oilseed, Rapeseed",IR,Iran,2025,2026,3,125,Domestic Consumption,8,(1000 MT),335.0
2226000,"Oilseed, Rapeseed",IR,Iran,2025,2026,3,176,Ending Stocks,8,(1000 MT),0.0
2226000,"Oilseed, Rapeseed",IR,Iran,2025,2026,3,88,Exports,8,(1000 MT),0.0
2226000,"Oilseed, Rapeseed",IR,Iran,2025,2026,3,161,Feed Waste Dom. Cons.,8,(1000 MT),15.0
2226000,"Oilseed, Rapeseed",IR,Iran,2025,2026,3,149,Food Use Dom. Cons.,8,(1000 MT),0.0
2226000,"Oilseed, Rapeseed",IR,Iran,2025,2026,3,57,Imports,8,(1000 MT),10.0
2226000,"Oilseed, Rapeseed",IR,Iran,2025,2026,3,28,Production,8,(1000 MT),325.0
2226000,"Oilseed, Rapeseed",IR,Iran,2025,2026,3,178,Total Distribution,8,(1000 MT),335.0
2226000,"Oilseed, Rapeseed",IR,Iran,2025,2026,3,86,Total Supply,8,(1000 MT),335.0
2226000,"Oilseed, Rapeseed",IR,Iran,2025,2026,3,184,Yield,26,(MT/HA),2.1
2226000,"Oilseed, Rapeseed",IS,Israel,2022,2023,4,4,Area Harvested,4,(1000 HA),0.0
2226000,"Oilseed, Rapeseed",IS,Israel,2022,2023,4,20,Beginning Stocks,8,(1000 MT),0.0
2226000,"Oilseed, Rapeseed",IS,Israel,2022,2023,4,7,Crush,8,(1000 MT),0.0
2226000,"Oilseed, Rapeseed",IS,Israel,2022,2023,4,125,Domestic Consumption,8,(1000 MT),0.0
2226000,"Oilseed, Rapeseed",IS,Israel,2022,2023,4,176,Ending Stocks,8,(1000 MT),0.0
2226000,"Oilseed, Rapeseed",IS,Israel,2022,2023,4,88,Exports,8,(1000 MT),0.0
2226000,"Oilseed, Rapeseed",IS,Israel,2022,2023,4,161,Feed Waste Dom. Cons.,8,(1000 MT),0.0
2226000,"Oilseed, Rapeseed",IS,Israel,2022,2023,4,149,Food Use Dom. Cons.,8,(1000 MT),0.0
2226000,"Oilseed, Rapeseed",IS,Israel,2022,2023,4,57,Imports,8,(1000 MT),0.0
2226000,"Oilseed, Rapeseed",IS,Israel,2022,2023,4,28,Production,8,(1000 MT),0.0
2226000,"Oilseed, Rapeseed",IS,Israel,2022,2023,4,178,Total Distribution,8,(1000 MT),0.0
2226000,"Oilseed, Rapeseed",IS,Israel,2022,2023,4,86,Total Supply,8,(1000 MT),0.0
2226000,"Oilseed, Rapeseed",IS,Israel,2022,2023,4,184,Yield,26,(MT/HA),0.0
2226000,"Oilseed, Rapeseed",IS,Israel,2023,2024,4,4,Area Harvested,4,(1000 HA),0.0
2226000,"Oilseed, Rapeseed",IS,Israel,2023,2024,4,20,Beginning Stocks,8,(1000 MT),0.0
2226000,"Oilseed, Rapeseed",IS,Israel,2023,2024,4,7,Crush,8,(1000 MT),0.0
2226000,"Oilseed, Rapeseed",IS,Israel,2023,2024,4,125,Domestic Consumption,8,(1000 MT),0.0
2226000,"Oilseed, Rapeseed",IS,Israel,2023,2024,4,176,Ending Stocks,8,(1000 MT),0.0
2226000,"Oilseed, Rapeseed",IS,Israel,2023,2024,4,88,Exports,8,(1000 MT),0.0
2226000,"Oilseed, Rapeseed",IS,Israel,2023,2024,4,161,Feed Waste Dom. Cons.,8,(1000 MT),0.0
2226000,"Oilseed, Rapeseed",IS,Israel,2023,2024,4,149,Food Use Dom. Cons.,8,(1000 MT),0.0
2226000,"Oilseed, Rapeseed",IS,Israel,2023,2024,4,57,Imports,8,(1000 MT),0.0
2226000,"Oilseed, Rapeseed",IS,Israel,2023,2024,4,28,Production,8,(1000 MT),0.0
2226000,"Oilseed, Rapeseed",IS,Israel,2023,2024,4,178,Total Distribution,8,(1000 MT),0.0
2226000,"Oilseed, Rapeseed",IS,Israel,2023,2024,4,86,Total Supply,8,(1000 MT),0.0
2226000,"Oilseed, Rapeseed",IS,Israel,2023,2024,4,184,Yield,26,(MT/HA),0.0
2226000,"Oilseed, Rapeseed",IS,Israel,2024,2025,4,4,Area Harvested,4,(1000 HA),0.0
2226000,"Oilseed, Rapeseed",IS,Israel,2024,2025,4,20,Beginning Stocks,8,(1000 MT),0.0
2226000,"Oilseed, Rapeseed",IS,Israel,2024,2025,4,7,Crush,8,(1000 MT),0.0
2226000,"Oilseed, Rapeseed",IS,Israel,2024,2025,4,125,Domestic Consumption,8,(1000 MT),0.0
2226000,"Oilseed, Rapeseed",IS,Israel,2024,2025,4,176,Ending Stocks,8,(1000 MT),0.0
2226000,"Oilseed, Rapeseed",IS,Israel,2024,2025,4,88,Exports,8,(1000 MT),0.0
2226000,"Oilseed, Rapeseed",IS,Israel,2024,2025,4,161,Feed Waste Dom. Cons.,8,(1000 MT),0.0
2226000,"Oilseed, Rapeseed",IS,Israel,2024,2025,4,149,Food Use Dom. Cons.,8,(1000 MT),0.0
2226000,"Oilseed, Rapeseed",IS,Israel,2024,2025,4,57,Imports,8,(1000 MT),0.0
2226000,"Oilseed, Rapeseed",IS,Israel,2024,2025,4,28,Production,8,(1000 MT),0.0
2226000,"Oilseed, Rapeseed",IS,Israel,2024,2025,4,178,Total Distribution,8,(1000 MT),0.0
2226000,"Oilseed, Rapeseed",IS,Israel,2024,2025,4,86,Total Supply,8,(1000 MT),0.0
2226000,"Oilseed, Rapeseed",IS,Israel,2024,2025,4,184,Yield,26,(MT/HA),0.0
2226000,"Oilseed, Rapeseed",IS,Israel,2025,2026,3,4,Area Harvested,4,(1000 HA),0.0
2226000,"Oilseed, Rapeseed",IS,Israel,2025,2026,3,20,Beginning Stocks,8,(1000 MT),0.0
2226000,"Oilseed, Rapeseed",IS,Israel,2025,2026,3,7,Crush,8,(1000 MT),0.0
2226000,"Oilseed, Rapeseed",IS,Israel,2025,2026,3,125,Domestic Consumption,8,(1000 MT),0.0
2226000,"Oilseed, Rapeseed",IS,Israel,2025,2026,3,176,Ending Stocks,8,(1000 MT),0.0
2226000,"Oilseed, Rapeseed",IS,Israel,2025,2026,3,88,Exports,8,(1000 MT),0.0
2226000,"Oilseed, Rapeseed",IS,Israel,2025,2026,3,161,Feed Waste Dom. Cons.,8,(1000 MT),0.0
2226000,"Oilseed, Rapeseed",IS,Israel,2025,2026,3,149,Food Use Dom. Cons.,8,(1000 MT),0.0
2226000,"Oilseed, Rapeseed",IS,Israel,2025,2026,3,57,Imports,8,(1000 MT),0.0
2226000,"Oilseed, Rapeseed",IS,Israel,2025,2026,3,28,Production,8,(1000 MT),0.0
2226000,"Oilseed, Rapeseed",IS,Israel,2025,2026,3,178,Total Distribution,8,(1000 MT),0.0
2226000,"Oilseed, Rapeseed",IS,Israel,2025,2026,3,86,Total Supply,8,(1000 MT),0.0
2226000,"Oilseed, Rapeseed",IS,Israel,2025,2026,3,184,Yield,26,(MT/HA),0.0
2226000,"Oilseed, Rapeseed",JA,Japan,2022,2025,4,4,Area Harvested,4,(1000 HA),2.0
2226000,"Oilseed, Rapeseed",JA,Japan,2022,2025,4,20,Beginning Stocks,8,(1000 MT),207.0
2226000,"Oilseed, Rapeseed",JA,Japan,2022,2025,4,7,Crush,8,(1000 MT),2000.0
2226000,"Oilseed, Rapeseed",JA,Japan,2022,2025,4,125,Domestic Consumption,8,(1000 MT),2005.0
2226000,"Oilseed, Rapeseed",JA,Japan,2022,2025,4,176,Ending Stocks,8,(1000 MT),182.0
2226000,"Oilseed, Rapeseed",JA,Japan,2022,2025,4,88,Exports,8,(1000 MT),0.0
2226000,"Oilseed, Rapeseed",JA,Japan,2022,2025,4,161,Feed Waste Dom. Cons.,8,(1000 MT),5.0
2226000,"Oilseed, Rapeseed",JA,Japan,2022,2025,4,149,Food Use Dom. Cons.,8,(1000 MT),0.0
2226000,"Oilseed, Rapeseed",JA,Japan,2022,2025,4,57,Imports,8,(1000 MT),1976.0
2226000,"Oilseed, Rapeseed",JA,Japan,2022,2025,4,28,Production,8,(1000 MT),4.0
2226000,"Oilseed, Rapeseed",JA,Japan,2022,2025,4,178,Total Distribution,8,(1000 MT),2187.0
2226000,"Oilseed, Rapeseed",JA,Japan,2022,2025,4,86,Total Supply,8,(1000 MT),2187.0
2226000,"Oilseed, Rapeseed",JA,Japan,2022,2025,4,184,Yield,26,(MT/HA),2.0
2226000,"Oilseed, Rapeseed",JA,Japan,2023,2025,5,4,Area Harvested,4,(1000 HA),2.0
2226000,"Oilseed, Rapeseed",JA,Japan,2023,2025,5,20,Beginning Stocks,8,(1000 MT),182.0
2226000,"Oilseed, Rapeseed",JA,Japan,2023,2025,5,7,Crush,8,(1000 MT),2116.0
2226000,"Oilseed, Rapeseed",JA,Japan,2023,2025,5,125,Domestic Consumption,8,(1000 MT),2116.0
2226000,"Oilseed, Rapeseed",JA,Japan,2023,2025,5,176,Ending Stocks,8,(1000 MT),187.0
2226000,"Oilseed, Rapeseed",JA,Japan,2023,2025,5,88,Exports,8,(1000 MT),0.0
2226000,"Oilseed, Rapeseed",JA,Japan,2023,2025,5,161,Feed Waste Dom. Cons.,8,(1000 MT),0.0
2226000,"Oilseed, Rapeseed",JA,Japan,2023,2025,5,149,Food Use Dom. Cons.,8,(1000 MT),0.0
2226000,"Oilseed, Rapeseed",JA,Japan,2023,2025,5,57,Imports,8,(1000 MT),2117.0
2226000,"Oilseed, Rapeseed",JA,Japan,2023,2025,5,28,Production,8,(1000 MT),4.0
2226000,"Oilseed, Rapeseed",JA,Japan,2023,2025,5,178,Total Distribution,8,(1000 MT),2303.0
2226000,"Oilseed, Rapeseed",JA,Japan,2023,2025,5,86,Total Supply,8,(1000 MT),2303.0
2226000,"Oilseed, Rapeseed",JA,Japan,2023,2025,5,184,Yield,26,(MT/HA),2.0
2226000,"Oilseed, Rapeseed",JA,Japan,2024,2025,11,4,Area Harvested,4,(1000 HA),2.0
2226000,"Oilseed, Rapeseed",JA,Japan,2024,2025,11,20,Beginning Stocks,8,(1000 MT),187.0
2226000,"Oilseed, Rapeseed",JA,Japan,2024,2025,11,7,Crush,8,(1000 MT),2150.0
2226000,"Oilseed, Rapeseed",JA,Japan,2024,2025,11,125,Domestic Consumption,8,(1000 MT),2155.0
2226000,"Oilseed, Rapeseed",JA,Japan,2024,2025,11,176,Ending Stocks,8,(1000 MT),173.0
2226000,"Oilseed, Rapeseed",JA,Japan,2024,2025,11,88,Exports,8,(1000 MT),0.0
2226000,"Oilseed, Rapeseed",JA,Japan,2024,2025,11,161,Feed Waste Dom. Cons.,8,(1000 MT),5.0
2226000,"Oilseed, Rapeseed",JA,Japan,2024,2025,11,149,Food Use Dom. Cons.,8,(1000 MT),0.0
2226000,"Oilseed, Rapeseed",JA,Japan,2024,2025,11,57,Imports,8,(1000 MT),2138.0
2226000,"Oilseed, Rapeseed",JA,Japan,2024,2025,11,28,Production,8,(1000 MT),3.0
2226000,"Oilseed, Rapeseed",JA,Japan,2024,2025,11,178,Total Distribution,8,(1000 MT),2328.0
2226000,"Oilseed, Rapeseed",JA,Japan,2024,2025,11,86,Total Supply,8,(1000 MT),2328.0
2226000,"Oilseed, Rapeseed",JA,Japan,2024,2025,11,184,Yield,26,(MT/HA),1.5
2226000,"Oilseed, Rapeseed",JA,Japan,2025,2026,3,4,Area Harvested,4,(1000 HA),2.0
2226000,"Oilseed, Rapeseed",JA,Japan,2025,2026,3,20,Beginning Stocks,8,(1000 MT),173.0
2226000,"Oilseed, Rapeseed",JA,Japan,2025,2026,3,7,Crush,8,(1000 MT),2370.0
2226000,"Oilseed, Rapeseed",JA,Japan,2025,2026,3,125,Domestic Consumption,8,(1000 MT),2375.0
2226000,"Oilseed, Rapeseed",JA,Japan,2025,2026,3,176,Ending Stocks,8,(1000 MT),202.0
2226000,"Oilseed, Rapeseed",JA,Japan,2025,2026,3,88,Exports,8,(1000 MT),0.0
2226000,"Oilseed, Rapeseed",JA,Japan,2025,2026,3,161,Feed Waste Dom. Cons.,8,(1000 MT),5.0
2226000,"Oilseed, Rapeseed",JA,Japan,2025,2026,3,149,Food Use Dom. Cons.,8,(1000 MT),0.0
2226000,"Oilseed, Rapeseed",JA,Japan,2025,2026,3,57,Imports,8,(1000 MT),2400.0
2226000,"Oilseed, Rapeseed",JA,Japan,2025,2026,3,28,Production,8,(1000 MT),4.0
2226000,"Oilseed, Rapeseed",JA,Japan,2025,2026,3,178,Total Distribution,8,(1000 MT),2577.0
2226000,"Oilseed, Rapeseed",JA,Japan,2025,2026,3,86,Total Supply,8,(1000 MT),2577.0
2226000,"Oilseed, Rapeseed",JA,Japan,2025,2026,3,184,Yield,26,(MT/HA),2.0
2226000,"Oilseed, Rapeseed",KZ,Kazakhstan,2022,2025,1,4,Area Harvested,4,(1000 HA),128.0
2226000,"Oilseed, Rapeseed",KZ,Kazakhstan,2022,2025,1,20,Beginning Stocks,8,(1000 MT),16.0
2226000,"Oilseed, Rapeseed",KZ,Kazakhstan,2022,2025,1,7,Crush,8,(1000 MT),140.0
2226000,"Oilseed, Rapeseed",KZ,Kazakhstan,2022,2025,1,125,Domestic Consumption,8,(1000 MT),151.0
2226000,"Oilseed, Rapeseed",KZ,Kazakhstan,2022,2025,1,176,Ending Stocks,8,(1000 MT),21.0
2226000,"Oilseed, Rapeseed",KZ,Kazakhstan,2022,2025,1,88,Exports,8,(1000 MT),54.0
2226000,"Oilseed, Rapeseed",KZ,Kazakhstan,2022,2025,1,161,Feed Waste Dom. Cons.,8,(1000 MT),11.0
2226000,"Oilseed, Rapeseed",KZ,Kazakhstan,2022,2025,1,149,Food Use Dom. Cons.,8,(1000 MT),0.0
2226000,"Oilseed, Rapeseed",KZ,Kazakhstan,2022,2025,1,57,Imports,8,(1000 MT),21.0
2226000,"Oilseed, Rapeseed",KZ,Kazakhstan,2022,2025,1,28,Production,8,(1000 MT),189.0
2226000,"Oilseed, Rapeseed",KZ,Kazakhstan,2022,2025,1,178,Total Distribution,8,(1000 MT),226.0
2226000,"Oilseed, Rapeseed",KZ,Kazakhstan,2022,2025,1,86,Total Supply,8,(1000 MT),226.0
2226000,"Oilseed, Rapeseed",KZ,Kazakhstan,2022,2025,1,184,Yield,26,(MT/HA),1.48
2226000,"Oilseed, Rapeseed",KZ,Kazakhstan,2023,2025,4,4,Area Harvested,4,(1000 HA),93.0
2226000,"Oilseed, Rapeseed",KZ,Kazakhstan,2023,2025,4,20,Beginning Stocks,8,(1000 MT),21.0
2226000,"Oilseed, Rapeseed",KZ,Kazakhstan,2023,2025,4,7,Crush,8,(1000 MT),110.0
2226000,"Oilseed, Rapeseed",KZ,Kazakhstan,2023,2025,4,125,Domestic Consumption,8,(1000 MT),115.0
2226000,"Oilseed, Rapeseed",KZ,Kazakhstan,2023,2025,4,176,Ending Stocks,8,(1000 MT),8.0
2226000,"Oilseed, Rapeseed",KZ,Kazakhstan,2023,2025,4,88,Exports,8,(1000 MT),46.0
2226000,"Oilseed, Rapeseed",KZ,Kazakhstan,2023,2025,4,161,Feed Waste Dom. Cons.,8,(1000 MT),5.0
2226000,"Oilseed, Rapeseed",KZ,Kazakhstan,2023,2025,4,149,Food Use Dom. Cons.,8,(1000 MT),0.0
2226000,"Oilseed, Rapeseed",KZ,Kazakhstan,2023,2025,4,57,Imports,8,(1000 MT),25.0
2226000,"Oilseed, Rapeseed",KZ,Kazakhstan,2023,2025,4,28,Production,8,(1000 MT),123.0
2226000,"Oilseed, Rapeseed",KZ,Kazakhstan,2023,2025,4,178,Total Distribution,8,(1000 MT),169.0
2226000,"Oilseed, Rapeseed",KZ,Kazakhstan,2023,2025,4,86,Total Supply,8,(1000 MT),169.0
2226000,"Oilseed, Rapeseed",KZ,Kazakhstan,2023,2025,4,184,Yield,26,(MT/HA),1.32
2226000,"Oilseed, Rapeseed",KZ,Kazakhstan,2024,2025,11,4,Area Harvested,4,(1000 HA),149.0
2226000,"Oilseed, Rapeseed",KZ,Kazakhstan,2024,2025,11,20,Beginning Stocks,8,(1000 MT),8.0
2226000,"Oilseed, Rapeseed",KZ,Kazakhstan,2024,2025,11,7,Crush,8,(1000 MT),190.0
2226000,"Oilseed, Rapeseed",KZ,Kazakhstan,2024,2025,11,125,Domestic Consumption,8,(1000 MT),195.0
2226000,"Oilseed, Rapeseed",KZ,Kazakhstan,2024,2025,11,176,Ending Stocks,8,(1000 MT),5.0
2226000,"Oilseed, Rapeseed",KZ,Kazakhstan,2024,2025,11,88,Exports,8,(1000 MT),123.0
2226000,"Oilseed, Rapeseed",KZ,Kazakhstan,2024,2025,11,161,Feed Waste Dom. Cons.,8,(1000 MT),5.0
2226000,"Oilseed, Rapeseed",KZ,Kazakhstan,2024,2025,11,149,Food Use Dom. Cons.,8,(1000 MT),0.0
2226000,"Oilseed, Rapeseed",KZ,Kazakhstan,2024,2025,11,57,Imports,8,(1000 MT),29.0
2226000,"Oilseed, Rapeseed",KZ,Kazakhstan,2024,2025,11,28,Production,8,(1000 MT),286.0
2226000,"Oilseed, Rapeseed",KZ,Kazakhstan,2024,2025,11,178,Total Distribution,8,(1000 MT),323.0
2226000,"Oilseed, Rapeseed",KZ,Kazakhstan,2024,2025,11,86,Total Supply,8,(1000 MT),323.0
2226000,"Oilseed, Rapeseed",KZ,Kazakhstan,2024,2025,11,184,Yield,26,(MT/HA),1.92
2226000,"Oilseed, Rapeseed",KZ,Kazakhstan,2025,2026,3,4,Area Harvested,4,(1000 HA),323.0
2226000,"Oilseed, Rapeseed",KZ,Kazakhstan,2025,2026,3,20,Beginning Stocks,8,(1000 MT),5.0
2226000,"Oilseed, Rapeseed",KZ,Kazakhstan,2025,2026,3,7,Crush,8,(1000 MT),370.0
2226000,"Oilseed, Rapeseed",KZ,Kazakhstan,2025,2026,3,125,Domestic Consumption,8,(1000 MT),395.0
2226000,"Oilseed, Rapeseed",KZ,Kazakhstan,2025,2026,3,176,Ending Stocks,8,(1000 MT),50.0
2226000,"Oilseed, Rapeseed",KZ,Kazakhstan,2025,2026,3,88,Exports,8,(1000 MT),210.0
2226000,"Oilseed, Rapeseed",KZ,Kazakhstan,2025,2026,3,161,Feed Waste Dom. Cons.,8,(1000 MT),25.0
2226000,"Oilseed, Rapeseed",KZ,Kazakhstan,2025,2026,3,149,Food Use Dom. Cons.,8,(1000 MT),0.0
2226000,"Oilseed, Rapeseed",KZ,Kazakhstan,2025,2026,3,57,Imports,8,(1000 MT),20.0
2226000,"Oilseed, Rapeseed",KZ,Kazakhstan,2025,2026,3,28,Production,8,(1000 MT),630.0
2226000,"Oilseed, Rapeseed",KZ,Kazakhstan,2025,2026,3,178,Total Distribution,8,(1000 MT),655.0
2226000,"Oilseed, Rapeseed",KZ,Kazakhstan,2025,2026,3,86,Total Supply,8,(1000 MT),655.0
2226000,"Oilseed, Rapeseed",KZ,Kazakhstan,2025,2026,3,184,Yield,26,(MT/HA),1.95
2226000,"Oilseed, Rapeseed",KS,"Korea, South",2022,2024,4,4,Area Harvested,4,(1000 HA),1.0
2226000,"Oilseed, Rapeseed",KS,"Korea, South",2022,2024,4,20,Beginning Stocks,8,(1000 MT),0.0
2226000,"Oilseed, Rapeseed",KS,"Korea, South",2022,2024,4,7,Crush,8,(1000 MT),3.0
2226000,"Oilseed, Rapeseed",KS,"Korea, South",2022,2024,4,125,Domestic Consumption,8,(1000 MT),3.0
2226000,"Oilseed, Rapeseed",KS,"Korea, South",2022,2024,4,176,Ending Stocks,8,(1000 MT),0.0
2226000,"Oilseed, Rapeseed",KS,"Korea, South",2022,2024,4,88,Exports,8,(1000 MT),0.0
2226000,"Oilseed, Rapeseed",KS,"Korea, South",2022,2024,4,161,Feed Waste Dom. Cons.,8,(1000 MT),0.0
2226000,"Oilseed, Rapeseed",KS,"Korea, South",2022,2024,4,149,Food Use Dom. Cons.,8,(1000 MT),0.0
2226000,"Oilseed, Rapeseed",KS,"Korea, South",2022,2024,4,57,Imports,8,(1000 MT),2.0
2226000,"Oilseed, Rapeseed",KS,"Korea, South",2022,2024,4,28,Production,8,(1000 MT),1.0
2226000,"Oilseed, Rapeseed",KS,"Korea, South",2022,2024,4,178,Total Distribution,8,(1000 MT),3.0
2226000,"Oilseed, Rapeseed",KS,"Korea, South",2022,2024,4,86,Total Supply,8,(1000 MT),3.0
2226000,"Oilseed, Rapeseed",KS,"Korea, South",2022,2024,4,184,Yield,26,(MT/HA),1.0
2226000,"Oilseed, Rapeseed",KS,"Korea, South",2023,2025,4,4,Area Harvested,4,(1000 HA),1.0
2226000,"Oilseed, Rapeseed",KS,"Korea, South",2023,2025,4,20,Beginning Stocks,8,(1000 MT),0.0
2226000,"Oilseed, Rapeseed",KS,"Korea, South",2023,2025,4,7,Crush,8,(1000 MT),3.0
2226000,"Oilseed, Rapeseed",KS,"Korea, South",2023,2025,4,125,Domestic Consumption,8,(1000 MT),3.0
2226000,"Oilseed, Rapeseed",KS,"Korea, South",2023,2025,4,176,Ending Stocks,8,(1000 MT),0.0
2226000,"Oilseed, Rapeseed",KS,"Korea, South",2023,2025,4,88,Exports,8,(1000 MT),0.0
2226000,"Oilseed, Rapeseed",KS,"Korea, South",2023,2025,4,161,Feed Waste Dom. Cons.,8,(1000 MT),0.0
2226000,"Oilseed, Rapeseed",KS,"Korea, South",2023,2025,4,149,Food Use Dom. Cons.,8,(1000 MT),0.0
2226000,"Oilseed, Rapeseed",KS,"Korea, South",2023,2025,4,57,Imports,8,(1000 MT),2.0
2226000,"Oilseed, Rapeseed",KS,"Korea, South",2023,2025,4,28,Production,8,(1000 MT),1.0
2226000,"Oilseed, Rapeseed",KS,"Korea, South",2023,2025,4,178,Total Distribution,8,(1000 MT),3.0
2226000,"Oilseed, Rapeseed",KS,"Korea, South",2023,2025,4,86,Total Supply,8,(1000 MT),3.0
2226000,"Oilseed, Rapeseed",KS,"Korea, South",2023,2025,4,184,Yield,26,(MT/HA),1.0
2226000,"Oilseed, Rapeseed",KS,"Korea, South",2024,2025,8,4,Area Harvested,4,(1000 HA),1.0
2226000,"Oilseed, Rapeseed",KS,"Korea, South",2024,2025,8,20,Beginning Stocks,8,(1000 MT),0.0
2226000,"Oilseed, Rapeseed",KS,"Korea, South",2024,2025,8,7,Crush,8,(1000 MT),3.0
2226000,"Oilseed, Rapeseed",KS,"Korea, South",2024,2025,8,125,Domestic Consumption,8,(1000 MT),3.0
2226000,"Oilseed, Rapeseed",KS,"Korea, South",2024,2025,8,176,Ending Stocks,8,(1000 MT),0.0
2226000,"Oilseed, Rapeseed",KS,"Korea, South",2024,2025,8,88,Exports,8,(1000 MT),0.0
2226000,"Oilseed, Rapeseed",KS,"Korea, South",2024,2025,8,161,Feed Waste Dom. Cons.,8,(1000 MT),0.0
2226000,"Oilseed, Rapeseed",KS,"Korea, South",2024,2025,8,149,Food Use Dom. Cons.,8,(1000 MT),0.0
2226000,"Oilseed, Rapeseed",KS,"Korea, South",2024,2025,8,57,Imports,8,(1000 MT),2.0
2226000,"Oilseed, Rapeseed",KS,"Korea, South",2024,2025,8,28,Production,8,(1000 MT),1.0
2226000,"Oilseed, Rapeseed",KS,"Korea, South",2024,2025,8,178,Total Distribution,8,(1000 MT),3.0
2226000,"Oilseed, Rapeseed",KS,"Korea, South",2024,2025,8,86,Total Supply,8,(1000 MT),3.0
2226000,"Oilseed, Rapeseed",KS,"Korea, South",2024,2025,8,184,Yield,26,(MT/HA),1.0
2226000,"Oilseed, Rapeseed",KS,"Korea, South",2025,2026,3,4,Area Harvested,4,(1000 HA),1.0
2226000,"Oilseed, Rapeseed",KS,"Korea, South",2025,2026,3,20,Beginning Stocks,8,(1000 MT),0.0
2226000,"Oilseed, Rapeseed",KS,"Korea, South",2025,2026,3,7,Crush,8,(1000 MT),6.0
2226000,"Oilseed, Rapeseed",KS,"Korea, South",2025,2026,3,125,Domestic Consumption,8,(1000 MT),6.0
2226000,"Oilseed, Rapeseed",KS,"Korea, South",2025,2026,3,176,Ending Stocks,8,(1000 MT),0.0
2226000,"Oilseed, Rapeseed",KS,"Korea, South",2025,2026,3,88,Exports,8,(1000 MT),0.0
2226000,"Oilseed, Rapeseed",KS,"Korea, South",2025,2026,3,161,Feed Waste Dom. Cons.,8,(1000 MT),0.0
2226000,"Oilseed, Rapeseed",KS,"Korea, South",2025,2026,3,149,Food Use Dom. Cons.,8,(1000 MT),0.0
2226000,"Oilseed, Rapeseed",KS,"Korea, South",2025,2026,3,57,Imports,8,(1000 MT),5.0
2226000,"Oilseed, Rapeseed",KS,"Korea, South",2025,2026,3,28,Production,8,(1000 MT),1.0
2226000,"Oilseed, Rapeseed",KS,"Korea, South",2025,2026,3,178,Total Distribution,8,(1000 MT),6.0
2226000,"Oilseed, Rapeseed",KS,"Korea, South",2025,2026,3,86,Total Supply,8,(1000 MT),6.0
2226000,"Oilseed, Rapeseed",KS,"Korea, South",2025,2026,3,184,Yield,26,(MT/HA),1.0
2226000,"Oilseed, Rapeseed",MX,Mexico,2022,2025,4,4,Area Harvested,4,(1000 HA),2.0
2226000,"Oilseed, Rapeseed",MX,Mexico,2022,2025,4,20,Beginning Stocks,8,(1000 MT),50.0
2226000,"Oilseed, Rapeseed",MX,Mexico,2022,2025,4,7,Crush,8,(1000 MT),1425.0
2226000,"Oilseed, Rapeseed",MX,Mexico,2022,2025,4,125,Domestic Consumption,8,(1000 MT),1425.0
2226000,"Oilseed, Rapeseed",MX,Mexico,2022,2025,4,176,Ending Stocks,8,(1000 MT),74.0
2226000,"Oilseed, Rapeseed",MX,Mexico,2022,2025,4,88,Exports,8,(1000 MT),0.0
2226000,"Oilseed, Rapeseed",MX,Mexico,2022,2025,4,161,Feed Waste Dom. Cons.,8,(1000 MT),0.0
2226000,"Oilseed, Rapeseed",MX,Mexico,2022,2025,4,149,Food Use Dom. Cons.,8,(1000 MT),0.0
2226000,"Oilseed, Rapeseed",MX,Mexico,2022,2025,4,57,Imports,8,(1000 MT),1447.0
2226000,"Oilseed, Rapeseed",MX,Mexico,2022,2025,4,28,Production,8,(1000 MT),2.0
2226000,"Oilseed, Rapeseed",MX,Mexico,2022,2025,4,178,Total Distribution,8,(1000 MT),1499.0
2226000,"Oilseed, Rapeseed",MX,Mexico,2022,2025,4,86,Total Supply,8,(1000 MT),1499.0
2226000,"Oilseed, Rapeseed",MX,Mexico,2022,2025,4,184,Yield,26,(MT/HA),1.0
2226000,"Oilseed, Rapeseed",MX,Mexico,2023,2025,4,4,Area Harvested,4,(1000 HA),2.0
2226000,"Oilseed, Rapeseed",MX,Mexico,2023,2025,4,20,Beginning Stocks,8,(1000 MT),74.0
2226000,"Oilseed, Rapeseed",MX,Mexico,2023,2025,4,7,Crush,8,(1000 MT),1115.0
2226000,"Oilseed, Rapeseed",MX,Mexico,2023,2025,4,125,Domestic Consumption,8,(1000 MT),1115.0
2226000,"Oilseed, Rapeseed",MX,Mexico,2023,2025,4,176,Ending Stocks,8,(1000 MT),77.0
2226000,"Oilseed, Rapeseed",MX,Mexico,2023,2025,4,88,Exports,8,(1000 MT),0.0
2226000,"Oilseed, Rapeseed",MX,Mexico,2023,2025,4,161,Feed Waste Dom. Cons.,8,(1000 MT),0.0
2226000,"Oilseed, Rapeseed",MX,Mexico,2023,2025,4,149,Food Use Dom. Cons.,8,(1000 MT),0.0
2226000,"Oilseed, Rapeseed",MX,Mexico,2023,2025,4,57,Imports,8,(1000 MT),1116.0
2226000,"Oilseed, Rapeseed",MX,Mexico,2023,2025,4,28,Production,8,(1000 MT),2.0
2226000,"Oilseed, Rapeseed",MX,Mexico,2023,2025,4,178,Total Distribution,8,(1000 MT),1192.0
2226000,"Oilseed, Rapeseed",MX,Mexico,2023,2025,4,86,Total Supply,8,(1000 MT),1192.0
2226000,"Oilseed, Rapeseed",MX,Mexico,2023,2025,4,184,Yield,26,(MT/HA),1.0
2226000,"Oilseed, Rapeseed",MX,Mexico,2024,2026,1,4,Area Harvested,4,(1000 HA),1.0
2226000,"Oilseed, Rapeseed",MX,Mexico,2024,2026,1,20,Beginning Stocks,8,(1000 MT),77.0
2226000,"Oilseed, Rapeseed",MX,Mexico,2024,2026,1,7,Crush,8,(1000 MT),1115.0
2226000,"Oilseed, Rapeseed",MX,Mexico,2024,2026,1,125,Domestic Consumption,8,(1000 MT),1115.0
2226000,"Oilseed, Rapeseed",MX,Mexico,2024,2026,1,176,Ending Stocks,8,(1000 MT),56.0
2226000,"Oilseed, Rapeseed",MX,Mexico,2024,2026,1,88,Exports,8,(1000 MT),0.0
2226000,"Oilseed, Rapeseed",MX,Mexico,2024,2026,1,161,Feed Waste Dom. Cons.,8,(1000 MT),0.0
2226000,"Oilseed, Rapeseed",MX,Mexico,2024,2026,1,149,Food Use Dom. Cons.,8,(1000 MT),0.0
2226000,"Oilseed, Rapeseed",MX,Mexico,2024,2026,1,57,Imports,8,(1000 MT),1093.0
2226000,"Oilseed, Rapeseed",MX,Mexico,2024,2026,1,28,Production,8,(1000 MT),1.0
2226000,"Oilseed, Rapeseed",MX,Mexico,2024,2026,1,178,Total Distribution,8,(1000 MT),1171.0
2226000,"Oilseed, Rapeseed",MX,Mexico,2024,2026,1,86,Total Supply,8,(1000 MT),1171.0
2226000,"Oilseed, Rapeseed",MX,Mexico,2024,2026,1,184,Yield,26,(MT/HA),1.0
2226000,"Oilseed, Rapeseed",MX,Mexico,2025,2026,3,4,Area Harvested,4,(1000 HA),1.0
2226000,"Oilseed, Rapeseed",MX,Mexico,2025,2026,3,20,Beginning Stocks,8,(1000 MT),56.0
2226000,"Oilseed, Rapeseed",MX,Mexico,2025,2026,3,7,Crush,8,(1000 MT),1250.0
2226000,"Oilseed, Rapeseed",MX,Mexico,2025,2026,3,125,Domestic Consumption,8,(1000 MT),1250.0
2226000,"Oilseed, Rapeseed",MX,Mexico,2025,2026,3,176,Ending Stocks,8,(1000 MT),107.0
2226000,"Oilseed, Rapeseed",MX,Mexico,2025,2026,3,88,Exports,8,(1000 MT),0.0
2226000,"Oilseed, Rapeseed",MX,Mexico,2025,2026,3,161,Feed Waste Dom. Cons.,8,(1000 MT),0.0
2226000,"Oilseed, Rapeseed",MX,Mexico,2025,2026,3,149,Food Use Dom. Cons.,8,(1000 MT),0.0
2226000,"Oilseed, Rapeseed",MX,Mexico,2025,2026,3,57,Imports,8,(1000 MT),1300.0
2226000,"Oilseed, Rapeseed",MX,Mexico,2025,2026,3,28,Production,8,(1000 MT),1.0
2226000,"Oilseed, Rapeseed",MX,Mexico,2025,2026,3,178,Total Distribution,8,(1000 MT),1357.0
2226000,"Oilseed, Rapeseed",MX,Mexico,2025,2026,3,86,Total Supply,8,(1000 MT),1357.0
2226000,"Oilseed, Rapeseed",MX,Mexico,2025,2026,3,184,Yield,26,(MT/HA),1.0
2226000,"Oilseed, Rapeseed",MD,Moldova,2022,2025,4,4,Area Harvested,4,(1000 HA),34.0
2226000,"Oilseed, Rapeseed",MD,Moldova,2022,2025,4,20,Beginning Stocks,8,(1000 MT),5.0
2226000,"Oilseed, Rapeseed",MD,Moldova,2022,2025,4,7,Crush,8,(1000 MT),0.0
2226000,"Oilseed, Rapeseed",MD,Moldova,2022,2025,4,125,Domestic Consumption,8,(1000 MT),5.0
2226000,"Oilseed, Rapeseed",MD,Moldova,2022,2025,4,176,Ending Stocks,8,(1000 MT),7.0
2226000,"Oilseed, Rapeseed",MD,Moldova,2022,2025,4,88,Exports,8,(1000 MT),81.0
2226000,"Oilseed, Rapeseed",MD,Moldova,2022,2025,4,161,Feed Waste Dom. Cons.,8,(1000 MT),5.0
2226000,"Oilseed, Rapeseed",MD,Moldova,2022,2025,4,149,Food Use Dom. Cons.,8,(1000 MT),0.0
2226000,"Oilseed, Rapeseed",MD,Moldova,2022,2025,4,57,Imports,8,(1000 MT),11.0
2226000,"Oilseed, Rapeseed",MD,Moldova,2022,2025,4,28,Production,8,(1000 MT),77.0
2226000,"Oilseed, Rapeseed",MD,Moldova,2022,2025,4,178,Total Distribution,8,(1000 MT),93.0
2226000,"Oilseed, Rapeseed",MD,Moldova,2022,2025,4,86,Total Supply,8,(1000 MT),93.0
2226000,"Oilseed, Rapeseed",MD,Moldova,2022,2025,4,184,Yield,26,(MT/HA),2.26
2226000,"Oilseed, Rapeseed",MD,Moldova,2023,2025,4,4,Area Harvested,4,(1000 HA),110.0
2226000,"Oilseed, Rapeseed",MD,Moldova,2023,2025,4,20,Beginning Stocks,8,(1000 MT),7.0
2226000,"Oilseed, Rapeseed",MD,Moldova,2023,2025,4,7,Crush,8,(1000 MT),0.0
2226000,"Oilseed, Rapeseed",MD,Moldova,2023,2025,4,125,Domestic Consumption,8,(1000 MT),5.0
2226000,"Oilseed, Rapeseed",MD,Moldova,2023,2025,4,176,Ending Stocks,8,(1000 MT),32.0
2226000,"Oilseed, Rapeseed",MD,Moldova,2023,2025,4,88,Exports,8,(1000 MT),256.0
2226000,"Oilseed, Rapeseed",MD,Moldova,2023,2025,4,161,Feed Waste Dom. Cons.,8,(1000 MT),5.0
2226000,"Oilseed, Rapeseed",MD,Moldova,2023,2025,4,149,Food Use Dom. Cons.,8,(1000 MT),0.0
2226000,"Oilseed, Rapeseed",MD,Moldova,2023,2025,4,57,Imports,8,(1000 MT),1.0
2226000,"Oilseed, Rapeseed",MD,Moldova,2023,2025,4,28,Production,8,(1000 MT),285.0
2226000,"Oilseed, Rapeseed",MD,Moldova,2023,2025,4,178,Total Distribution,8,(1000 MT),293.0
2226000,"Oilseed, Rapeseed",MD,Moldova,2023,2025,4,86,Total Supply,8,(1000 MT),293.0
2226000,"Oilseed, Rapeseed",MD,Moldova,2023,2025,4,184,Yield,26,(MT/HA),2.59
2226000,"Oilseed, Rapeseed",MD,Moldova,2024,2025,9,4,Area Harvested,4,(1000 HA),65.0
2226000,"Oilseed, Rapeseed",MD,Moldova,2024,2025,9,20,Beginning Stocks,8,(1000 MT),32.0
2226000,"Oilseed, Rapeseed",MD,Moldova,2024,2025,9,7,Crush,8,(1000 MT),0.0
2226000,"Oilseed, Rapeseed",MD,Moldova,2024,2025,9,125,Domestic Consumption,8,(1000 MT),5.0
2226000,"Oilseed, Rapeseed",MD,Moldova,2024,2025,9,176,Ending Stocks,8,(1000 MT),49.0
2226000,"Oilseed, Rapeseed",MD,Moldova,2024,2025,9,88,Exports,8,(1000 MT),108.0
2226000,"Oilseed, Rapeseed",MD,Moldova,2024,2025,9,161,Feed Waste Dom. Cons.,8,(1000 MT),5.0
2226000,"Oilseed, Rapeseed",MD,Moldova,2024,2025,9,149,Food Use Dom. Cons.,8,(1000 MT),0.0
2226000,"Oilseed, Rapeseed",MD,Moldova,2024,2025,9,57,Imports,8,(1000 MT),0.0
2226000,"Oilseed, Rapeseed",MD,Moldova,2024,2025,9,28,Production,8,(1000 MT),130.0
2226000,"Oilseed, Rapeseed",MD,Moldova,2024,2025,9,178,Total Distribution,8,(1000 MT),162.0
2226000,"Oilseed, Rapeseed",MD,Moldova,2024,2025,9,86,Total Supply,8,(1000 MT),162.0
2226000,"Oilseed, Rapeseed",MD,Moldova,2024,2025,9,184,Yield,26,(MT/HA),2.0
2226000,"Oilseed, Rapeseed",MD,Moldova,2025,2026,3,4,Area Harvested,4,(1000 HA),115.0
2226000,"Oilseed, Rapeseed",MD,Moldova,2025,2026,3,20,Beginning Stocks,8,(1000 MT),49.0
2226000,"Oilseed, Rapeseed",MD,Moldova,2025,2026,3,7,Crush,8,(1000 MT),40.0
2226000,"Oilseed, Rapeseed",MD,Moldova,2025,2026,3,125,Domestic Consumption,8,(1000 MT),45.0
2226000,"Oilseed, Rapeseed",MD,Moldova,2025,2026,3,176,Ending Stocks,8,(1000 MT),49.0
2226000,"Oilseed, Rapeseed",MD,Moldova,2025,2026,3,88,Exports,8,(1000 MT),260.0
2226000,"Oilseed, Rapeseed",MD,Moldova,2025,2026,3,161,Feed Waste Dom. Cons.,8,(1000 MT),5.0
2226000,"Oilseed, Rapeseed",MD,Moldova,2025,2026,3,149,Food Use Dom. Cons.,8,(1000 MT),0.0
2226000,"Oilseed, Rapeseed",MD,Moldova,2025,2026,3,57,Imports,8,(1000 MT),5.0
2226000,"Oilseed, Rapeseed",MD,Moldova,2025,2026,3,28,Production,8,(1000 MT),300.0
2226000,"Oilseed, Rapeseed",MD,Moldova,2025,2026,3,178,Total Distribution,8,(1000 MT),354.0
2226000,"Oilseed, Rapeseed",MD,Moldova,2025,2026,3,86,Total Supply,8,(1000 MT),354.0
2226000,"Oilseed, Rapeseed",MD,Moldova,2025,2026,3,184,Yield,26,(MT/HA),2.61
2226000,"Oilseed, Rapeseed",MO,Morocco,2022,2024,5,4,Area Harvested,4,(1000 HA),1.0
2226000,"Oilseed, Rapeseed",MO,Morocco,2022,2024,5,20,Beginning Stocks,8,(1000 MT),0.0
2226000,"Oilseed, Rapeseed",MO,Morocco,2022,2024,5,7,Crush,8,(1000 MT),1.0
2226000,"Oilseed, Rapeseed",MO,Morocco,2022,2024,5,125,Domestic Consumption,8,(1000 MT),2.0
2226000,"Oilseed, Rapeseed",MO,Morocco,2022,2024,5,176,Ending Stocks,8,(1000 MT),0.0
2226000,"Oilseed, Rapeseed",MO,Morocco,2022,2024,5,88,Exports,8,(1000 MT),0.0
2226000,"Oilseed, Rapeseed",MO,Morocco,2022,2024,5,161,Feed Waste Dom. Cons.,8,(1000 MT),1.0
2226000,"Oilseed, Rapeseed",MO,Morocco,2022,2024,5,149,Food Use Dom. Cons.,8,(1000 MT),0.0
2226000,"Oilseed, Rapeseed",MO,Morocco,2022,2024,5,57,Imports,8,(1000 MT),0.0
2226000,"Oilseed, Rapeseed",MO,Morocco,2022,2024,5,28,Production,8,(1000 MT),2.0
2226000,"Oilseed, Rapeseed",MO,Morocco,2022,2024,5,178,Total Distribution,8,(1000 MT),2.0
2226000,"Oilseed, Rapeseed",MO,Morocco,2022,2024,5,86,Total Supply,8,(1000 MT),2.0
2226000,"Oilseed, Rapeseed",MO,Morocco,2022,2024,5,184,Yield,26,(MT/HA),2.0
2226000,"Oilseed, Rapeseed",MO,Morocco,2023,2024,5,4,Area Harvested,4,(1000 HA),2.0
2226000,"Oilseed, Rapeseed",MO,Morocco,2023,2024,5,20,Beginning Stocks,8,(1000 MT),0.0
2226000,"Oilseed, Rapeseed",MO,Morocco,2023,2024,5,7,Crush,8,(1000 MT),1.0
2226000,"Oilseed, Rapeseed",MO,Morocco,2023,2024,5,125,Domestic Consumption,8,(1000 MT),3.0
2226000,"Oilseed, Rapeseed",MO,Morocco,2023,2024,5,176,Ending Stocks,8,(1000 MT),0.0
2226000,"Oilseed, Rapeseed",MO,Morocco,2023,2024,5,88,Exports,8,(1000 MT),0.0
2226000,"Oilseed, Rapeseed",MO,Morocco,2023,2024,5,161,Feed Waste Dom. Cons.,8,(1000 MT),2.0
2226000,"Oilseed, Rapeseed",MO,Morocco,2023,2024,5,149,Food Use Dom. Cons.,8,(1000 MT),0.0
2226000,"Oilseed, Rapeseed",MO,Morocco,2023,2024,5,57,Imports,8,(1000 MT),0.0
2226000,"Oilseed, Rapeseed",MO,Morocco,2023,2024,5,28,Production,8,(1000 MT),3.0
2226000,"Oilseed, Rapeseed",MO,Morocco,2023,2024,5,178,Total Distribution,8,(1000 MT),3.0
2226000,"Oilseed, Rapeseed",MO,Morocco,2023,2024,5,86,Total Supply,8,(1000 MT),3.0
2226000,"Oilseed, Rapeseed",MO,Morocco,2023,2024,5,184,Yield,26,(MT/HA),1.5
2226000,"Oilseed, Rapeseed",MO,Morocco,2024,2025,4,4,Area Harvested,4,(1000 HA),2.0
2226000,"Oilseed, Rapeseed",MO,Morocco,2024,2025,4,20,Beginning Stocks,8,(1000 MT),0.0
2226000,"Oilseed, Rapeseed",MO,Morocco,2024,2025,4,7,Crush,8,(1000 MT),1.0
2226000,"Oilseed, Rapeseed",MO,Morocco,2024,2025,4,125,Domestic Consumption,8,(1000 MT),3.0
2226000,"Oilseed, Rapeseed",MO,Morocco,2024,2025,4,176,Ending Stocks,8,(1000 MT),0.0
2226000,"Oilseed, Rapeseed",MO,Morocco,2024,2025,4,88,Exports,8,(1000 MT),0.0
2226000,"Oilseed, Rapeseed",MO,Morocco,2024,2025,4,161,Feed Waste Dom. Cons.,8,(1000 MT),2.0
2226000,"Oilseed, Rapeseed",MO,Morocco,2024,2025,4,149,Food Use Dom. Cons.,8,(1000 MT),0.0
2226000,"Oilseed, Rapeseed",MO,Morocco,2024,2025,4,57,Imports,8,(1000 MT),0.0
2226000,"Oilseed, Rapeseed",MO,Morocco,2024,2025,4,28,Production,8,(1000 MT),3.0
2226000,"Oilseed, Rapeseed",MO,Morocco,2024,2025,4,178,Total Distribution,8,(1000 MT),3.0
2226000,"Oilseed, Rapeseed",MO,Morocco,2024,2025,4,86,Total Supply,8,(1000 MT),3.0
2226000,"Oilseed, Rapeseed",MO,Morocco,2024,2025,4,184,Yield,26,(MT/HA),1.5
2226000,"Oilseed, Rapeseed",MO,Morocco,2025,2026,3,4,Area Harvested,4,(1000 HA),2.0
2226000,"Oilseed, Rapeseed",MO,Morocco,2025,2026,3,20,Beginning Stocks,8,(1000 MT),0.0
2226000,"Oilseed, Rapeseed",MO,Morocco,2025,2026,3,7,Crush,8,(1000 MT),1.0
2226000,"Oilseed, Rapeseed",MO,Morocco,2025,2026,3,125,Domestic Consumption,8,(1000 MT),3.0
2226000,"Oilseed, Rapeseed",MO,Morocco,2025,2026,3,176,Ending Stocks,8,(1000 MT),0.0
2226000,"Oilseed, Rapeseed",MO,Morocco,2025,2026,3,88,Exports,8,(1000 MT),0.0
2226000,"Oilseed, Rapeseed",MO,Morocco,2025,2026,3,161,Feed Waste Dom. Cons.,8,(1000 MT),2.0
2226000,"Oilseed, Rapeseed",MO,Morocco,2025,2026,3,149,Food Use Dom. Cons.,8,(1000 MT),0.0
2226000,"Oilseed, Rapeseed",MO,Morocco,2025,2026,3,57,Imports,8,(1000 MT),0.0
2226000,"Oilseed, Rapeseed",MO,Morocco,2025,2026,3,28,Production,8,(1000 MT),3.0
2226000,"Oilseed, Rapeseed",MO,Morocco,2025,2026,3,178,Total Distribution,8,(1000 MT),3.0
2226000,"Oilseed, Rapeseed",MO,Morocco,2025,2026,3,86,Total Supply,8,(1000 MT),3.0
2226000,"Oilseed, Rapeseed",MO,Morocco,2025,2026,3,184,Yield,26,(MT/HA),1.5
2226000,"Oilseed, Rapeseed",NO,Norway,2022,2024,5,4,Area Harvested,4,(1000 HA),3.0
2226000,"Oilseed, Rapeseed",NO,Norway,2022,2024,5,20,Beginning Stocks,8,(1000 MT),0.0
2226000,"Oilseed, Rapeseed",NO,Norway,2022,2024,5,7,Crush,8,(1000 MT),12.0
2226000,"Oilseed, Rapeseed",NO,Norway,2022,2024,5,125,Domestic Consumption,8,(1000 MT),13.0
2226000,"Oilseed, Rapeseed",NO,Norway,2022,2024,5,176,Ending Stocks,8,(1000 MT),0.0
2226000,"Oilseed, Rapeseed",NO,Norway,2022,2024,5,88,Exports,8,(1000 MT),0.0
2226000,"Oilseed, Rapeseed",NO,Norway,2022,2024,5,161,Feed Waste Dom. Cons.,8,(1000 MT),1.0
2226000,"Oilseed, Rapeseed",NO,Norway,2022,2024,5,149,Food Use Dom. Cons.,8,(1000 MT),0.0
2226000,"Oilseed, Rapeseed",NO,Norway,2022,2024,5,57,Imports,8,(1000 MT),3.0
2226000,"Oilseed, Rapeseed",NO,Norway,2022,2024,5,28,Production,8,(1000 MT),10.0
2226000,"Oilseed, Rapeseed",NO,Norway,2022,2024,5,178,Total Distribution,8,(1000 MT),13.0
2226000,"Oilseed, Rapeseed",NO,Norway,2022,2024,5,86,Total Supply,8,(1000 MT),13.0
2226000,"Oilseed, Rapeseed",NO,Norway,2022,2024,5,184,Yield,26,(MT/HA),3.33
2226000,"Oilseed, Rapeseed",NO,Norway,2023,2025,4,4,Area Harvested,4,(1000 HA),3.0
2226000,"Oilseed, Rapeseed",NO,Norway,2023,2025,4,20,Beginning Stocks,8,(1000 MT),0.0
2226000,"Oilseed, Rapeseed",NO,Norway,2023,2025,4,7,Crush,8,(1000 MT),19.0
2226000,"Oilseed, Rapeseed",NO,Norway,2023,2025,4,125,Domestic Consumption,8,(1000 MT),21.0
2226000,"Oilseed, Rapeseed",NO,Norway,2023,2025,4,176,Ending Stocks,8,(1000 MT),0.0
2226000,"Oilseed, Rapeseed",NO,Norway,2023,2025,4,88,Exports,8,(1000 MT),0.0
2226000,"Oilseed, Rapeseed",NO,Norway,2023,2025,4,161,Feed Waste Dom. Cons.,8,(1000 MT),2.0
2226000,"Oilseed, Rapeseed",NO,Norway,2023,2025,4,149,Food Use Dom. Cons.,8,(1000 MT),0.0
2226000,"Oilseed, Rapeseed",NO,Norway,2023,2025,4,57,Imports,8,(1000 MT),11.0
2226000,"Oilseed, Rapeseed",NO,Norway,2023,2025,4,28,Production,8,(1000 MT),10.0
2226000,"Oilseed, Rapeseed",NO,Norway,2023,2025,4,178,Total Distribution,8,(1000 MT),21.0
2226000,"Oilseed, Rapeseed",NO,Norway,2023,2025,4,86,Total Supply,8,(1000 MT),21.0
2226000,"Oilseed, Rapeseed",NO,Norway,2023,2025,4,184,Yield,26,(MT/HA),3.33
2226000,"Oilseed, Rapeseed",NO,Norway,2024,2026,2,4,Area Harvested,4,(1000 HA),3.0
2226000,"Oilseed, Rapeseed",NO,Norway,2024,2026,2,20,Beginning Stocks,8,(1000 MT),0.0
2226000,"Oilseed, Rapeseed",NO,Norway,2024,2026,2,7,Crush,8,(1000 MT),15.0
2226000,"Oilseed, Rapeseed",NO,Norway,2024,2026,2,125,Domestic Consumption,8,(1000 MT),16.0
2226000,"Oilseed, Rapeseed",NO,Norway,2024,2026,2,176,Ending Stocks,8,(1000 MT),0.0
2226000,"Oilseed, Rapeseed",NO,Norway,2024,2026,2,88,Exports,8,(1000 MT),0.0
2226000,"Oilseed, Rapeseed",NO,Norway,2024,2026,2,161,Feed Waste Dom. Cons.,8,(1000 MT),1.0
2226000,"Oilseed, Rapeseed",NO,Norway,2024,2026,2,149,Food Use Dom. Cons.,8,(1000 MT),0.0
2226000,"Oilseed, Rapeseed",NO,Norway,2024,2026,2,57,Imports,8,(1000 MT),6.0
2226000,"Oilseed, Rapeseed",NO,Norway,2024,2026,2,28,Production,8,(1000 MT),10.0
2226000,"Oilseed, Rapeseed",NO,Norway,2024,2026,2,178,Total Distribution,8,(1000 MT),16.0
2226000,"Oilseed, Rapeseed",NO,Norway,2024,2026,2,86,Total Supply,8,(1000 MT),16.0
2226000,"Oilseed, Rapeseed",NO,Norway,2024,2026,2,184,Yield,26,(MT/HA),3.33
2226000,"Oilseed, Rapeseed",NO,Norway,2025,2026,3,4,Area Harvested,4,(1000 HA),3.0
2226000,"Oilseed, Rapeseed",NO,Norway,2025,2026,3,20,Beginning Stocks,8,(1000 MT),0.0
2226000,"Oilseed, Rapeseed",NO,Norway,2025,2026,3,7,Crush,8,(1000 MT),14.0
2226000,"Oilseed, Rapeseed",NO,Norway,2025,2026,3,125,Domestic Consumption,8,(1000 MT),15.0
2226000,"Oilseed, Rapeseed",NO,Norway,2025,2026,3,176,Ending Stocks,8,(1000 MT),0.0
2226000,"Oilseed, Rapeseed",NO,Norway,2025,2026,3,88,Exports,8,(1000 MT),0.0
2226000,"Oilseed, Rapeseed",NO,Norway,2025,2026,3,161,Feed Waste Dom. Cons.,8,(1000 MT),1.0
2226000,"Oilseed, Rapeseed",NO,Norway,2025,2026,3,149,Food Use Dom. Cons.,8,(1000 MT),0.0
2226000,"Oilseed, Rapeseed",NO,Norway,2025,2026,3,57,Imports,8,(1000 MT),5.0
2226000,"Oilseed, Rapeseed",NO,Norway,2025,2026,3,28,Production,8,(1000 MT),10.0
2226000,"Oilseed, Rapeseed",NO,Norway,2025,2026,3,178,Total Distribution,8,(1000 MT),15.0
2226000,"Oilseed, Rapeseed",NO,Norway,2025,2026,3,86,Total Supply,8,(1000 MT),15.0
2226000,"Oilseed, Rapeseed",NO,Norway,2025,2026,3,184,Yield,26,(MT/HA),3.33
2226000,"Oilseed, Rapeseed",PK,Pakistan,2022,2025,9,4,Area Harvested,4,(1000 HA),470.0
2226000,"Oilseed, Rapeseed",PK,Pakistan,2022,2025,9,20,Beginning Stocks,8,(1000 MT),63.0
2226000,"Oilseed, Rapeseed",PK,Pakistan,2022,2025,9,7,Crush,8,(1000 MT),1600.0
2226000,"Oilseed, Rapeseed",PK,Pakistan,2022,2025,9,125,Domestic Consumption,8,(1000 MT),1655.0
2226000,"Oilseed, Rapeseed",PK,Pakistan,2022,2025,9,176,Ending Stocks,8,(1000 MT),62.0
2226000,"Oilseed, Rapeseed",PK,Pakistan,2022,2025,9,88,Exports,8,(1000 MT),0.0
2226000,"Oilseed, Rapeseed",PK,Pakistan,2022,2025,9,161,Feed Waste Dom. Cons.,8,(1000 MT),55.0
2226000,"Oilseed, Rapeseed",PK,Pakistan,2022,2025,9,149,Food Use Dom. Cons.,8,(1000 MT),0.0
2226000,"Oilseed, Rapeseed",PK,Pakistan,2022,2025,9,57,Imports,8,(1000 MT),912.0
2226000,"Oilseed, Rapeseed",PK,Pakistan,2022,2025,9,28,Production,8,(1000 MT),742.0
2226000,"Oilseed, Rapeseed",PK,Pakistan,2022,2025,9,178,Total Distribution,8,(1000 MT),1717.0
2226000,"Oilseed, Rapeseed",PK,Pakistan,2022,2025,9,86,Total Supply,8,(1000 MT),1717.0
2226000,"Oilseed, Rapeseed",PK,Pakistan,2022,2025,9,184,Yield,26,(MT/HA),1.58
2226000,"Oilseed, Rapeseed",PK,Pakistan,2023,2025,9,4,Area Harvested,4,(1000 HA),382.0
2226000,"Oilseed, Rapeseed",PK,Pakistan,2023,2025,9,20,Beginning Stocks,8,(1000 MT),62.0
2226000,"Oilseed, Rapeseed",PK,Pakistan,2023,2025,9,7,Crush,8,(1000 MT),1230.0
2226000,"Oilseed, Rapeseed",PK,Pakistan,2023,2025,9,125,Domestic Consumption,8,(1000 MT),1260.0
2226000,"Oilseed, Rapeseed",PK,Pakistan,2023,2025,9,176,Ending Stocks,8,(1000 MT),68.0
2226000,"Oilseed, Rapeseed",PK,Pakistan,2023,2025,9,88,Exports,8,(1000 MT),0.0
2226000,"Oilseed, Rapeseed",PK,Pakistan,2023,2025,9,161,Feed Waste Dom. Cons.,8,(1000 MT),30.0
2226000,"Oilseed, Rapeseed",PK,Pakistan,2023,2025,9,149,Food Use Dom. Cons.,8,(1000 MT),0.0
2226000,"Oilseed, Rapeseed",PK,Pakistan,2023,2025,9,57,Imports,8,(1000 MT),776.0
2226000,"Oilseed, Rapeseed",PK,Pakistan,2023,2025,9,28,Production,8,(1000 MT),490.0
2226000,"Oilseed, Rapeseed",PK,Pakistan,2023,2025,9,178,Total Distribution,8,(1000 MT),1328.0
2226000,"Oilseed, Rapeseed",PK,Pakistan,2023,2025,9,86,Total Supply,8,(1000 MT),1328.0
2226000,"Oilseed, Rapeseed",PK,Pakistan,2023,2025,9,184,Yield,26,(MT/HA),1.28
2226000,"Oilseed, Rapeseed",PK,Pakistan,2024,2025,11,4,Area Harvested,4,(1000 HA),400.0
2226000,"Oilseed, Rapeseed",PK,Pakistan,2024,2025,11,20,Beginning Stocks,8,(1000 MT),68.0
2226000,"Oilseed, Rapeseed",PK,Pakistan,2024,2025,11,7,Crush,8,(1000 MT),1054.0
2226000,"Oilseed, Rapeseed",PK,Pakistan,2024,2025,11,125,Domestic Consumption,8,(1000 MT),1109.0
2226000,"Oilseed, Rapeseed",PK,Pakistan,2024,2025,11,176,Ending Stocks,8,(1000 MT),73.0
2226000,"Oilseed, Rapeseed",PK,Pakistan,2024,2025,11,88,Exports,8,(1000 MT),0.0
2226000,"Oilseed, Rapeseed",PK,Pakistan,2024,2025,11,161,Feed Waste Dom. Cons.,8,(1000 MT),55.0
2226000,"Oilseed, Rapeseed",PK,Pakistan,2024,2025,11,149,Food Use Dom. Cons.,8,(1000 MT),0.0
2226000,"Oilseed, Rapeseed",PK,Pakistan,2024,2025,11,57,Imports,8,(1000 MT),604.0
2226000,"Oilseed, Rapeseed",PK,Pakistan,2024,2025,11,28,Production,8,(1000 MT),510.0
2226000,"Oilseed, Rapeseed",PK,Pakistan,2024,2025,11,178,Total Distribution,8,(1000 MT),1182.0
2226000,"Oilseed, Rapeseed",PK,Pakistan,2024,2025,11,86,Total Supply,8,(1000 MT),1182.0
2226000,"Oilseed, Rapeseed",PK,Pakistan,2024,2025,11,184,Yield,26,(MT/HA),1.28
2226000,"Oilseed, Rapeseed",PK,Pakistan,2025,2026,3,4,Area Harvested,4,(1000 HA),440.0
2226000,"Oilseed, Rapeseed",PK,Pakistan,2025,2026,3,20,Beginning Stocks,8,(1000 MT),73.0
2226000,"Oilseed, Rapeseed",PK,Pakistan,2025,2026,3,7,Crush,8,(1000 MT),1275.0
2226000,"Oilseed, Rapeseed",PK,Pakistan,2025,2026,3,125,Domestic Consumption,8,(1000 MT),1335.0
2226000,"Oilseed, Rapeseed",PK,Pakistan,2025,2026,3,176,Ending Stocks,8,(1000 MT),103.0
2226000,"Oilseed, Rapeseed",PK,Pakistan,2025,2026,3,88,Exports,8,(1000 MT),0.0
2226000,"Oilseed, Rapeseed",PK,Pakistan,2025,2026,3,161,Feed Waste Dom. Cons.,8,(1000 MT),60.0
2226000,"Oilseed, Rapeseed",PK,Pakistan,2025,2026,3,149,Food Use Dom. Cons.,8,(1000 MT),0.0
2226000,"Oilseed, Rapeseed",PK,Pakistan,2025,2026,3,57,Imports,8,(1000 MT),800.0
2226000,"Oilseed, Rapeseed",PK,Pakistan,2025,2026,3,28,Production,8,(1000 MT),565.0
2226000,"Oilseed, Rapeseed",PK,Pakistan,2025,2026,3,178,Total Distribution,8,(1000 MT),1438.0
2226000,"Oilseed, Rapeseed",PK,Pakistan,2025,2026,3,86,Total Supply,8,(1000 MT),1438.0
2226000,"Oilseed, Rapeseed",PK,Pakistan,2025,2026,3,184,Yield,26,(MT/HA),1.28
2226000,"Oilseed, Rapeseed",PA,Paraguay,2022,2024,6,4,Area Harvested,4,(1000 HA),65.0
2226000,"Oilseed, Rapeseed",PA,Paraguay,2022,2024,6,20,Beginning Stocks,8,(1000 MT),3.0
2226000,"Oilseed, Rapeseed",PA,Paraguay,2022,2024,6,7,Crush,8,(1000 MT),110.0
2226000,"Oilseed, Rapeseed",PA,Paraguay,2022,2024,6,125,Domestic Consumption,8,(1000 MT),112.0
2226000,"Oilseed, Rapeseed",PA,Paraguay,2022,2024,6,176,Ending Stocks,8,(1000 MT),1.0
2226000,"Oilseed, Rapeseed",PA,Paraguay,2022,2024,6,88,Exports,8,(1000 MT),5.0
2226000,"Oilseed, Rapeseed",PA,Paraguay,2022,2024,6,161,Feed Waste Dom. Cons.,8,(1000 MT),2.0
2226000,"Oilseed, Rapeseed",PA,Paraguay,2022,2024,6,149,Food Use Dom. Cons.,8,(1000 MT),0.0
2226000,"Oilseed, Rapeseed",PA,Paraguay,2022,2024,6,57,Imports,8,(1000 MT),0.0
2226000,"Oilseed, Rapeseed",PA,Paraguay,2022,2024,6,28,Production,8,(1000 MT),115.0
2226000,"Oilseed, Rapeseed",PA,Paraguay,2022,2024,6,178,Total Distribution,8,(1000 MT),118.0
2226000,"Oilseed, Rapeseed",PA,Paraguay,2022,2024,6,86,Total Supply,8,(1000 MT),118.0
2226000,"Oilseed, Rapeseed",PA,Paraguay,2022,2024,6,184,Yield,26,(MT/HA),1.77
2226000,"Oilseed, Rapeseed",PA,Paraguay,2023,2025,6,4,Area Harvested,4,(1000 HA),70.0
2226000,"Oilseed, Rapeseed",PA,Paraguay,2023,2025,6,20,Beginning Stocks,8,(1000 MT),1.0
2226000,"Oilseed, Rapeseed",PA,Paraguay,2023,2025,6,7,Crush,8,(1000 MT),105.0
2226000,"Oilseed, Rapeseed",PA,Paraguay,2023,2025,6,125,Domestic Consumption,8,(1000 MT),107.0
2226000,"Oilseed, Rapeseed",PA,Paraguay,2023,2025,6,176,Ending Stocks,8,(1000 MT),1.0
2226000,"Oilseed, Rapeseed",PA,Paraguay,2023,2025,6,88,Exports,8,(1000 MT),3.0
2226000,"Oilseed, Rapeseed",PA,Paraguay,2023,2025,6,161,Feed Waste Dom. Cons.,8,(1000 MT),2.0
2226000,"Oilseed, Rapeseed",PA,Paraguay,2023,2025,6,149,Food Use Dom. Cons.,8,(1000 MT),0.0
2226000,"Oilseed, Rapeseed",PA,Paraguay,2023,2025,6,57,Imports,8,(1000 MT),5.0
2226000,"Oilseed, Rapeseed",PA,Paraguay,2023,2025,6,28,Production,8,(1000 MT),105.0
2226000,"Oilseed, Rapeseed",PA,Paraguay,2023,2025,6,178,Total Distribution,8,(1000 MT),111.0
2226000,"Oilseed, Rapeseed",PA,Paraguay,2023,2025,6,86,Total Supply,8,(1000 MT),111.0
2226000,"Oilseed, Rapeseed",PA,Paraguay,2023,2025,6,184,Yield,26,(MT/HA),1.5
2226000,"Oilseed, Rapeseed",PA,Paraguay,2024,2025,6,4,Area Harvested,4,(1000 HA),75.0
2226000,"Oilseed, Rapeseed",PA,Paraguay,2024,2025,6,20,Beginning Stocks,8,(1000 MT),1.0
2226000,"Oilseed, Rapeseed",PA,Paraguay,2024,2025,6,7,Crush,8,(1000 MT),100.0
2226000,"Oilseed, Rapeseed",PA,Paraguay,2024,2025,6,125,Domestic Consumption,8,(1000 MT),102.0
2226000,"Oilseed, Rapeseed",PA,Paraguay,2024,2025,6,176,Ending Stocks,8,(1000 MT),1.0
2226000,"Oilseed, Rapeseed",PA,Paraguay,2024,2025,6,88,Exports,8,(1000 MT),13.0
2226000,"Oilseed, Rapeseed",PA,Paraguay,2024,2025,6,161,Feed Waste Dom. Cons.,8,(1000 MT),2.0
2226000,"Oilseed, Rapeseed",PA,Paraguay,2024,2025,6,149,Food Use Dom. Cons.,8,(1000 MT),0.0
2226000,"Oilseed, Rapeseed",PA,Paraguay,2024,2025,6,57,Imports,8,(1000 MT),0.0
2226000,"Oilseed, Rapeseed",PA,Paraguay,2024,2025,6,28,Production,8,(1000 MT),115.0
2226000,"Oilseed, Rapeseed",PA,Paraguay,2024,2025,6,178,Total Distribution,8,(1000 MT),116.0
2226000,"Oilseed, Rapeseed",PA,Paraguay,2024,2025,6,86,Total Supply,8,(1000 MT),116.0
2226000,"Oilseed, Rapeseed",PA,Paraguay,2024,2025,6,184,Yield,26,(MT/HA),1.53
2226000,"Oilseed, Rapeseed",PA,Paraguay,2025,2026,3,4,Area Harvested,4,(1000 HA),80.0
2226000,"Oilseed, Rapeseed",PA,Paraguay,2025,2026,3,20,Beginning Stocks,8,(1000 MT),1.0
2226000,"Oilseed, Rapeseed",PA,Paraguay,2025,2026,3,7,Crush,8,(1000 MT),110.0
2226000,"Oilseed, Rapeseed",PA,Paraguay,2025,2026,3,125,Domestic Consumption,8,(1000 MT),112.0
2226000,"Oilseed, Rapeseed",PA,Paraguay,2025,2026,3,176,Ending Stocks,8,(1000 MT),1.0
2226000,"Oilseed, Rapeseed",PA,Paraguay,2025,2026,3,88,Exports,8,(1000 MT),13.0
2226000,"Oilseed, Rapeseed",PA,Paraguay,2025,2026,3,161,Feed Waste Dom. Cons.,8,(1000 MT),2.0
2226000,"Oilseed, Rapeseed",PA,Paraguay,2025,2026,3,149,Food Use Dom. Cons.,8,(1000 MT),0.0
2226000,"Oilseed, Rapeseed",PA,Paraguay,2025,2026,3,57,Imports,8,(1000 MT),0.0
2226000,"Oilseed, Rapeseed",PA,Paraguay,2025,2026,3,28,Production,8,(1000 MT),125.0
2226000,"Oilseed, Rapeseed",PA,Paraguay,2025,2026,3,178,Total Distribution,8,(1000 MT),126.0
2226000,"Oilseed, Rapeseed",PA,Paraguay,2025,2026,3,86,Total Supply,8,(1000 MT),126.0
2226000,"Oilseed, Rapeseed",PA,Paraguay,2025,2026,3,184,Yield,26,(MT/HA),1.56
2226000,"Oilseed, Rapeseed",RS,Russia,2022,2025,2,4,Area Harvested,4,(1000 HA),2270.0
2226000,"Oilseed, Rapeseed",RS,Russia,2022,2025,2,20,Beginning Stocks,8,(1000 MT),53.0
2226000,"Oilseed, Rapeseed",RS,Russia,2022,2025,2,7,Crush,8,(1000 MT),3400.0
2226000,"Oilseed, Rapeseed",RS,Russia,2022,2025,2,125,Domestic Consumption,8,(1000 MT),3530.0
2226000,"Oilseed, Rapeseed",RS,Russia,2022,2025,2,176,Ending Stocks,8,(1000 MT),98.0
2226000,"Oilseed, Rapeseed",RS,Russia,2022,2025,2,88,Exports,8,(1000 MT),750.0
2226000,"Oilseed, Rapeseed",RS,Russia,2022,2025,2,161,Feed Waste Dom. Cons.,8,(1000 MT),130.0
2226000,"Oilseed, Rapeseed",RS,Russia,2022,2025,2,149,Food Use Dom. Cons.,8,(1000 MT),0.0
2226000,"Oilseed, Rapeseed",RS,Russia,2022,2025,2,57,Imports,8,(1000 MT),25.0
2226000,"Oilseed, Rapeseed",RS,Russia,2022,2025,2,28,Production,8,(1000 MT),4300.0
2226000,"Oilseed, Rapeseed",RS,Russia,2022,2025,2,178,Total Distribution,8,(1000 MT),4378.0
2226000,"Oilseed, Rapeseed",RS,Russia,2022,2025,2,86,Total Supply,8,(1000 MT),4378.0
2226000,"Oilseed, Rapeseed",RS,Russia,2022,2025,2,184,Yield,26,(MT/HA),1.89
2226000,"Oilseed, Rapeseed",RS,Russia,2023,2024,11,4,Area Harvested,4,(1000 HA),2050.0
2226000,"Oilseed, Rapeseed",RS,Russia,2023,2024,11,20,Beginning Stocks,8,(1000 MT),98.0
2226000,"Oilseed, Rapeseed",RS,Russia,2023,2024,11,7,Crush,8,(1000 MT),3150.0
2226000,"Oilseed, Rapeseed",RS,Russia,2023,2024,11,125,Domestic Consumption,8,(1000 MT),3280.0
2226000,"Oilseed, Rapeseed",RS,Russia,2023,2024,11,176,Ending Stocks,8,(1000 MT),38.0
2226000,"Oilseed, Rapeseed",RS,Russia,2023,2024,11,88,Exports,8,(1000 MT),1000.0
2226000,"Oilseed, Rapeseed",RS,Russia,2023,2024,11,161,Feed Waste Dom. Cons.,8,(1000 MT),130.0
2226000,"Oilseed, Rapeseed",RS,Russia,2023,2024,11,149,Food Use Dom. Cons.,8,(1000 MT),0.0
2226000,"Oilseed, Rapeseed",RS,Russia,2023,2024,11,57,Imports,8,(1000 MT),20.0
2226000,"Oilseed, Rapeseed",RS,Russia,2023,2024,11,28,Production,8,(1000 MT),4200.0
2226000,"Oilseed, Rapeseed",RS,Russia,2023,2024,11,178,Total Distribution,8,(1000 MT),4318.0
2226000,"Oilseed, Rapeseed",RS,Russia,2023,2024,11,86,Total Supply,8,(1000 MT),4318.0
2226000,"Oilseed, Rapeseed",RS,Russia,2023,2024,11,184,Yield,26,(MT/HA),2.05
2226000,"Oilseed, Rapeseed",RS,Russia,2024,2025,11,4,Area Harvested,4,(1000 HA),2650.0
2226000,"Oilseed, Rapeseed",RS,Russia,2024,2025,11,20,Beginning Stocks,8,(1000 MT),38.0
2226000,"Oilseed, Rapeseed",RS,Russia,2024,2025,11,7,Crush,8,(1000 MT),3650.0
2226000,"Oilseed, Rapeseed",RS,Russia,2024,2025,11,125,Domestic Consumption,8,(1000 MT),3780.0
2226000,"Oilseed, Rapeseed",RS,Russia,2024,2025,11,176,Ending Stocks,8,(1000 MT),98.0
2226000,"Oilseed, Rapeseed",RS,Russia,2024,2025,11,88,Exports,8,(1000 MT),850.0
2226000,"Oilseed, Rapeseed",RS,Russia,2024,2025,11,161,Feed Waste Dom. Cons.,8,(1000 MT),130.0
2226000,"Oilseed, Rapeseed",RS,Russia,2024,2025,11,149,Food Use Dom. Cons.,8,(1000 MT),0.0
2226000,"Oilseed, Rapeseed",RS,Russia,2024,2025,11,57,Imports,8,(1000 MT),40.0
2226000,"Oilseed, Rapeseed",RS,Russia,2024,2025,11,28,Production,8,(1000 MT),4650.0
2226000,"Oilseed, Rapeseed",RS,Russia,2024,2025,11,178,Total Distribution,8,(1000 MT),4728.0
2226000,"Oilseed, Rapeseed",RS,Russia,2024,2025,11,86,Total Supply,8,(1000 MT),4728.0
2226000,"Oilseed, Rapeseed",RS,Russia,2024,2025,11,184,Yield,26,(MT/HA),1.75
2226000,"Oilseed, Rapeseed",RS,Russia,2025,2026,3,4,Area Harvested,4,(1000 HA),2900.0
2226000,"Oilseed, Rapeseed",RS,Russia,2025,2026,3,20,Beginning Stocks,8,(1000 MT),98.0
2226000,"Oilseed, Rapeseed",RS,Russia,2025,2026,3,7,Crush,8,(1000 MT),4300.0
2226000,"Oilseed, Rapeseed",RS,Russia,2025,2026,3,125,Domestic Consumption,8,(1000 MT),4465.0
2226000,"Oilseed, Rapeseed",RS,Russia,2025,2026,3,176,Ending Stocks,8,(1000 MT),173.0
2226000,"Oilseed, Rapeseed",RS,Russia,2025,2026,3,88,Exports,8,(1000 MT),1100.0
2226000,"Oilseed, Rapeseed",RS,Russia,2025,2026,3,161,Feed Waste Dom. Cons.,8,(1000 MT),165.0
2226000,"Oilseed, Rapeseed",RS,Russia,2025,2026,3,149,Food Use Dom. Cons.,8,(1000 MT),0.0
2226000,"Oilseed, Rapeseed",RS,Russia,2025,2026,3,57,Imports,8,(1000 MT),40.0
2226000,"Oilseed, Rapeseed",RS,Russia,2025,2026,3,28,Production,8,(1000 MT),5600.0
2226000,"Oilseed, Rapeseed",RS,Russia,2025,2026,3,178,Total Distribution,8,(1000 MT),5738.0
2226000,"Oilseed, Rapeseed",RS,Russia,2025,2026,3,86,Total Supply,8,(1000 MT),5738.0
2226000,"Oilseed, Rapeseed",RS,Russia,2025,2026,3,184,Yield,26,(MT/HA),1.93
2226000,"Oilseed, Rapeseed",SF,South Africa,2022,2025,5,4,Area Harvested,4,(1000 HA),124.0
2226000,"Oilseed, Rapeseed",SF,South Africa,2022,2025,5,20,Beginning Stocks,8,(1000 MT),28.0
2226000,"Oilseed, Rapeseed",SF,South Africa,2022,2025,5,7,Crush,8,(1000 MT),145.0
2226000,"Oilseed, Rapeseed",SF,South Africa,2022,2025,5,125,Domestic Consumption,8,(1000 MT),178.0
2226000,"Oilseed, Rapeseed",SF,South Africa,2022,2025,5,176,Ending Stocks,8,(1000 MT),32.0
2226000,"Oilseed, Rapeseed",SF,South Africa,2022,2025,5,88,Exports,8,(1000 MT),28.0
2226000,"Oilseed, Rapeseed",SF,South Africa,2022,2025,5,161,Feed Waste Dom. Cons.,8,(1000 MT),33.0
2226000,"Oilseed, Rapeseed",SF,South Africa,2022,2025,5,149,Food Use Dom. Cons.,8,(1000 MT),0.0
2226000,"Oilseed, Rapeseed",SF,South Africa,2022,2025,5,57,Imports,8,(1000 MT),0.0
2226000,"Oilseed, Rapeseed",SF,South Africa,2022,2025,5,28,Production,8,(1000 MT),210.0
2226000,"Oilseed, Rapeseed",SF,South Africa,2022,2025,5,178,Total Distribution,8,(1000 MT),238.0
2226000,"Oilseed, Rapeseed",SF,South Africa,2022,2025,5,86,Total Supply,8,(1000 MT),238.0
2226000,"Oilseed, Rapeseed",SF,South Africa,2022,2025,5,184,Yield,26,(MT/HA),1.69
2226000,"Oilseed, Rapeseed",SF,South Africa,2023,2025,11,4,Area Harvested,4,(1000 HA),131.0
2226000,"Oilseed, Rapeseed",SF,South Africa,2023,2025,11,20,Beginning Stocks,8,(1000 MT),32.0
2226000,"Oilseed, Rapeseed",SF,South Africa,2023,2025,11,7,Crush,8,(1000 MT),170.0
2226000,"Oilseed, Rapeseed",SF,South Africa,2023,2025,11,125,Domestic Consumption,8,(1000 MT),188.0
2226000,"Oilseed, Rapeseed",SF,South Africa,2023,2025,11,176,Ending Stocks,8,(1000 MT),11.0
2226000,"Oilseed, Rapeseed",SF,South Africa,2023,2025,11,88,Exports,8,(1000 MT),69.0
2226000,"Oilseed, Rapeseed",SF,South Africa,2023,2025,11,161,Feed Waste Dom. Cons.,8,(1000 MT),18.0
2226000,"Oilseed, Rapeseed",SF,South Africa,2023,2025,11,149,Food Use Dom. Cons.,8,(1000 MT),0.0
2226000,"Oilseed, Rapeseed",SF,South Africa,2023,2025,11,57,Imports,8,(1000 MT),0.0
2226000,"Oilseed, Rapeseed",SF,South Africa,2023,2025,11,28,Production,8,(1000 MT),236.0
2226000,"Oilseed, Rapeseed",SF,South Africa,2023,2025,11,178,Total Distribution,8,(1000 MT),268.0
2226000,"Oilseed, Rapeseed",SF,South Africa,2023,2025,11,86,Total Supply,8,(1000 MT),268.0
2226000,"Oilseed, Rapeseed",SF,South Africa,2023,2025,11,184,Yield,26,(MT/HA),1.8
2226000,"Oilseed, Rapeseed",SF,South Africa,2024,2025,11,4,Area Harvested,4,(1000 HA),166.0
2226000,"Oilseed, Rapeseed",SF,South Africa,2024,2025,11,20,Beginning Stocks,8,(1000 MT),11.0
2226000,"Oilseed, Rapeseed",SF,South Africa,2024,2025,11,7,Crush,8,(1000 MT),175.0
2226000,"Oilseed, Rapeseed",SF,South Africa,2024,2025,11,125,Domestic Consumption,8,(1000 MT),193.0
2226000,"Oilseed, Rapeseed",SF,South Africa,2024,2025,11,176,Ending Stocks,8,(1000 MT),18.0
2226000,"Oilseed, Rapeseed",SF,South Africa,2024,2025,11,88,Exports,8,(1000 MT),90.0
2226000,"Oilseed, Rapeseed",SF,South Africa,2024,2025,11,161,Feed Waste Dom. Cons.,8,(1000 MT),18.0
2226000,"Oilseed, Rapeseed",SF,South Africa,2024,2025,11,149,Food Use Dom. Cons.,8,(1000 MT),0.0
2226000,"Oilseed, Rapeseed",SF,South Africa,2024,2025,11,57,Imports,8,(1000 MT),0.0
2226000,"Oilseed, Rapeseed",SF,South Africa,2024,2025,11,28,Production,8,(1000 MT),290.0
2226000,"Oilseed, Rapeseed",SF,South Africa,2024,2025,11,178,Total Distribution,8,(1000 MT),301.0
2226000,"Oilseed, Rapeseed",SF,South Africa,2024,2025,11,86,Total Supply,8,(1000 MT),301.0
2226000,"Oilseed, Rapeseed",SF,South Africa,2024,2025,11,184,Yield,26,(MT/HA),1.75
2226000,"Oilseed, Rapeseed",SF,South Africa,2025,2026,3,4,Area Harvested,4,(1000 HA),175.0
2226000,"Oilseed, Rapeseed",SF,South Africa,2025,2026,3,20,Beginning Stocks,8,(1000 MT),18.0
2226000,"Oilseed, Rapeseed",SF,South Africa,2025,2026,3,7,Crush,8,(1000 MT),210.0
2226000,"Oilseed, Rapeseed",SF,South Africa,2025,2026,3,125,Domestic Consumption,8,(1000 MT),228.0
2226000,"Oilseed, Rapeseed",SF,South Africa,2025,2026,3,176,Ending Stocks,8,(1000 MT),22.0
2226000,"Oilseed, Rapeseed",SF,South Africa,2025,2026,3,88,Exports,8,(1000 MT),80.0
2226000,"Oilseed, Rapeseed",SF,South Africa,2025,2026,3,161,Feed Waste Dom. Cons.,8,(1000 MT),18.0
2226000,"Oilseed, Rapeseed",SF,South Africa,2025,2026,3,149,Food Use Dom. Cons.,8,(1000 MT),0.0
2226000,"Oilseed, Rapeseed",SF,South Africa,2025,2026,3,57,Imports,8,(1000 MT),0.0
2226000,"Oilseed, Rapeseed",SF,South Africa,2025,2026,3,28,Production,8,(1000 MT),312.0
2226000,"Oilseed, Rapeseed",SF,South Africa,2025,2026,3,178,Total Distribution,8,(1000 MT),330.0
2226000,"Oilseed, Rapeseed",SF,South Africa,2025,2026,3,86,Total Supply,8,(1000 MT),330.0
2226000,"Oilseed, Rapeseed",SF,South Africa,2025,2026,3,184,Yield,26,(MT/HA),1.78
2226000,"Oilseed, Rapeseed",SZ,Switzerland,2022,2024,5,4,Area Harvested,4,(1000 HA),25.0
2226000,"Oilseed, Rapeseed",SZ,Switzerland,2022,2024,5,20,Beginning Stocks,8,(1000 MT),0.0
2226000,"Oilseed, Rapeseed",SZ,Switzerland,2022,2024,5,7,Crush,8,(1000 MT),80.0
2226000,"Oilseed, Rapeseed",SZ,Switzerland,2022,2024,5,125,Domestic Consumption,8,(1000 MT),94.0
2226000,"Oilseed, Rapeseed",SZ,Switzerland,2022,2024,5,176,Ending Stocks,8,(1000 MT),0.0
2226000,"Oilseed, Rapeseed",SZ,Switzerland,2022,2024,5,88,Exports,8,(1000 MT),0.0
2226000,"Oilseed, Rapeseed",SZ,Switzerland,2022,2024,5,161,Feed Waste Dom. Cons.,8,(1000 MT),14.0
2226000,"Oilseed, Rapeseed",SZ,Switzerland,2022,2024,5,149,Food Use Dom. Cons.,8,(1000 MT),0.0
2226000,"Oilseed, Rapeseed",SZ,Switzerland,2022,2024,5,57,Imports,8,(1000 MT),2.0
2226000,"Oilseed, Rapeseed",SZ,Switzerland,2022,2024,5,28,Production,8,(1000 MT),92.0
2226000,"Oilseed, Rapeseed",SZ,Switzerland,2022,2024,5,178,Total Distribution,8,(1000 MT),94.0
2226000,"Oilseed, Rapeseed",SZ,Switzerland,2022,2024,5,86,Total Supply,8,(1000 MT),94.0
2226000,"Oilseed, Rapeseed",SZ,Switzerland,2022,2024,5,184,Yield,26,(MT/HA),3.68
2226000,"Oilseed, Rapeseed",SZ,Switzerland,2023,2025,4,4,Area Harvested,4,(1000 HA),25.0
2226000,"Oilseed, Rapeseed",SZ,Switzerland,2023,2025,4,20,Beginning Stocks,8,(1000 MT),0.0
2226000,"Oilseed, Rapeseed",SZ,Switzerland,2023,2025,4,7,Crush,8,(1000 MT),80.0
2226000,"Oilseed, Rapeseed",SZ,Switzerland,2023,2025,4,125,Domestic Consumption,8,(1000 MT),90.0
2226000,"Oilseed, Rapeseed",SZ,Switzerland,2023,2025,4,176,Ending Stocks,8,(1000 MT),0.0
2226000,"Oilseed, Rapeseed",SZ,Switzerland,2023,2025,4,88,Exports,8,(1000 MT),0.0
2226000,"Oilseed, Rapeseed",SZ,Switzerland,2023,2025,4,161,Feed Waste Dom. Cons.,8,(1000 MT),10.0
2226000,"Oilseed, Rapeseed",SZ,Switzerland,2023,2025,4,149,Food Use Dom. Cons.,8,(1000 MT),0.0
2226000,"Oilseed, Rapeseed",SZ,Switzerland,2023,2025,4,57,Imports,8,(1000 MT),2.0
2226000,"Oilseed, Rapeseed",SZ,Switzerland,2023,2025,4,28,Production,8,(1000 MT),88.0
2226000,"Oilseed, Rapeseed",SZ,Switzerland,2023,2025,4,178,Total Distribution,8,(1000 MT),90.0
2226000,"Oilseed, Rapeseed",SZ,Switzerland,2023,2025,4,86,Total Supply,8,(1000 MT),90.0
2226000,"Oilseed, Rapeseed",SZ,Switzerland,2023,2025,4,184,Yield,26,(MT/HA),3.52
2226000,"Oilseed, Rapeseed",SZ,Switzerland,2024,2025,8,4,Area Harvested,4,(1000 HA),25.0
2226000,"Oilseed, Rapeseed",SZ,Switzerland,2024,2025,8,20,Beginning Stocks,8,(1000 MT),0.0
2226000,"Oilseed, Rapeseed",SZ,Switzerland,2024,2025,8,7,Crush,8,(1000 MT),80.0
2226000,"Oilseed, Rapeseed",SZ,Switzerland,2024,2025,8,125,Domestic Consumption,8,(1000 MT),93.0
2226000,"Oilseed, Rapeseed",SZ,Switzerland,2024,2025,8,176,Ending Stocks,8,(1000 MT),0.0
2226000,"Oilseed, Rapeseed",SZ,Switzerland,2024,2025,8,88,Exports,8,(1000 MT),0.0
2226000,"Oilseed, Rapeseed",SZ,Switzerland,2024,2025,8,161,Feed Waste Dom. Cons.,8,(1000 MT),13.0
2226000,"Oilseed, Rapeseed",SZ,Switzerland,2024,2025,8,149,Food Use Dom. Cons.,8,(1000 MT),0.0
2226000,"Oilseed, Rapeseed",SZ,Switzerland,2024,2025,8,57,Imports,8,(1000 MT),5.0
2226000,"Oilseed, Rapeseed",SZ,Switzerland,2024,2025,8,28,Production,8,(1000 MT),88.0
2226000,"Oilseed, Rapeseed",SZ,Switzerland,2024,2025,8,178,Total Distribution,8,(1000 MT),93.0
2226000,"Oilseed, Rapeseed",SZ,Switzerland,2024,2025,8,86,Total Supply,8,(1000 MT),93.0
2226000,"Oilseed, Rapeseed",SZ,Switzerland,2024,2025,8,184,Yield,26,(MT/HA),3.52
2226000,"Oilseed, Rapeseed",SZ,Switzerland,2025,2026,3,4,Area Harvested,4,(1000 HA),25.0
2226000,"Oilseed, Rapeseed",SZ,Switzerland,2025,2026,3,20,Beginning Stocks,8,(1000 MT),0.0
2226000,"Oilseed, Rapeseed",SZ,Switzerland,2025,2026,3,7,Crush,8,(1000 MT),80.0
2226000,"Oilseed, Rapeseed",SZ,Switzerland,2025,2026,3,125,Domestic Consumption,8,(1000 MT),93.0
2226000,"Oilseed, Rapeseed",SZ,Switzerland,2025,2026,3,176,Ending Stocks,8,(1000 MT),0.0
2226000,"Oilseed, Rapeseed",SZ,Switzerland,2025,2026,3,88,Exports,8,(1000 MT),0.0
2226000,"Oilseed, Rapeseed",SZ,Switzerland,2025,2026,3,161,Feed Waste Dom. Cons.,8,(1000 MT),13.0
2226000,"Oilseed, Rapeseed",SZ,Switzerland,2025,2026,3,149,Food Use Dom. Cons.,8,(1000 MT),0.0
2226000,"Oilseed, Rapeseed",SZ,Switzerland,2025,2026,3,57,Imports,8,(1000 MT),5.0
2226000,"Oilseed, Rapeseed",SZ,Switzerland,2025,2026,3,28,Production,8,(1000 MT),88.0
2226000,"Oilseed, Rapeseed",SZ,Switzerland,2025,2026,3,178,Total Distribution,8,(1000 MT),93.0
2226000,"Oilseed, Rapeseed",SZ,Switzerland,2025,2026,3,86,Total Supply,8,(1000 MT),93.0
2226000,"Oilseed, Rapeseed",SZ,Switzerland,2025,2026,3,184,Yield,26,(MT/HA),3.52
2226000,"Oilseed, Rapeseed",TU,Turkey,2022,2025,4,4,Area Harvested,4,(1000 HA),41.0
2226000,"Oilseed, Rapeseed",TU,Turkey,2022,2025,4,20,Beginning Stocks,8,(1000 MT),28.0
2226000,"Oilseed, Rapeseed",TU,Turkey,2022,2025,4,7,Crush,8,(1000 MT),250.0
2226000,"Oilseed, Rapeseed",TU,Turkey,2022,2025,4,125,Domestic Consumption,8,(1000 MT),265.0
2226000,"Oilseed, Rapeseed",TU,Turkey,2022,2025,4,176,Ending Stocks,8,(1000 MT),25.0
2226000,"Oilseed, Rapeseed",TU,Turkey,2022,2025,4,88,Exports,8,(1000 MT),4.0
2226000,"Oilseed, Rapeseed",TU,Turkey,2022,2025,4,161,Feed Waste Dom. Cons.,8,(1000 MT),15.0
2226000,"Oilseed, Rapeseed",TU,Turkey,2022,2025,4,149,Food Use Dom. Cons.,8,(1000 MT),0.0
2226000,"Oilseed, Rapeseed",TU,Turkey,2022,2025,4,57,Imports,8,(1000 MT),116.0
2226000,"Oilseed, Rapeseed",TU,Turkey,2022,2025,4,28,Production,8,(1000 MT),150.0
2226000,"Oilseed, Rapeseed",TU,Turkey,2022,2025,4,178,Total Distribution,8,(1000 MT),294.0
2226000,"Oilseed, Rapeseed",TU,Turkey,2022,2025,4,86,Total Supply,8,(1000 MT),294.0
2226000,"Oilseed, Rapeseed",TU,Turkey,2022,2025,4,184,Yield,26,(MT/HA),3.66
2226000,"Oilseed, Rapeseed",TU,Turkey,2023,2025,4,4,Area Harvested,4,(1000 HA),43.0
2226000,"Oilseed, Rapeseed",TU,Turkey,2023,2025,4,20,Beginning Stocks,8,(1000 MT),25.0
2226000,"Oilseed, Rapeseed",TU,Turkey,2023,2025,4,7,Crush,8,(1000 MT),190.0
2226000,"Oilseed, Rapeseed",TU,Turkey,2023,2025,4,125,Domestic Consumption,8,(1000 MT),205.0
2226000,"Oilseed, Rapeseed",TU,Turkey,2023,2025,4,176,Ending Stocks,8,(1000 MT),25.0
2226000,"Oilseed, Rapeseed",TU,Turkey,2023,2025,4,88,Exports,8,(1000 MT),0.0
2226000,"Oilseed, Rapeseed",TU,Turkey,2023,2025,4,161,Feed Waste Dom. Cons.,8,(1000 MT),15.0
2226000,"Oilseed, Rapeseed",TU,Turkey,2023,2025,4,149,Food Use Dom. Cons.,8,(1000 MT),0.0
2226000,"Oilseed, Rapeseed",TU,Turkey,2023,2025,4,57,Imports,8,(1000 MT),55.0
2226000,"Oilseed, Rapeseed",TU,Turkey,2023,2025,4,28,Production,8,(1000 MT),150.0
2226000,"Oilseed, Rapeseed",TU,Turkey,2023,2025,4,178,Total Distribution,8,(1000 MT),230.0
2226000,"Oilseed, Rapeseed",TU,Turkey,2023,2025,4,86,Total Supply,8,(1000 MT),230.0
2226000,"Oilseed, Rapeseed",TU,Turkey,2023,2025,4,184,Yield,26,(MT/HA),3.49
2226000,"Oilseed, Rapeseed",TU,Turkey,2024,2025,8,4,Area Harvested,4,(1000 HA),42.0
2226000,"Oilseed, Rapeseed",TU,Turkey,2024,2025,8,20,Beginning Stocks,8,(1000 MT),25.0
2226000,"Oilseed, Rapeseed",TU,Turkey,2024,2025,8,7,Crush,8,(1000 MT),140.0
2226000,"Oilseed, Rapeseed",TU,Turkey,2024,2025,8,125,Domestic Consumption,8,(1000 MT),155.0
2226000,"Oilseed, Rapeseed",TU,Turkey,2024,2025,8,176,Ending Stocks,8,(1000 MT),21.0
2226000,"Oilseed, Rapeseed",TU,Turkey,2024,2025,8,88,Exports,8,(1000 MT),0.0
2226000,"Oilseed, Rapeseed",TU,Turkey,2024,2025,8,161,Feed Waste Dom. Cons.,8,(1000 MT),15.0
2226000,"Oilseed, Rapeseed",TU,Turkey,2024,2025,8,149,Food Use Dom. Cons.,8,(1000 MT),0.0
2226000,"Oilseed, Rapeseed",TU,Turkey,2024,2025,8,57,Imports,8,(1000 MT),1.0
2226000,"Oilseed, Rapeseed",TU,Turkey,2024,2025,8,28,Production,8,(1000 MT),150.0
2226000,"Oilseed, Rapeseed",TU,Turkey,2024,2025,8,178,Total Distribution,8,(1000 MT),176.0
2226000,"Oilseed, Rapeseed",TU,Turkey,2024,2025,8,86,Total Supply,8,(1000 MT),176.0
2226000,"Oilseed, Rapeseed",TU,Turkey,2024,2025,8,184,Yield,26,(MT/HA),3.57
2226000,"Oilseed, Rapeseed",TU,Turkey,2025,2026,3,4,Area Harvested,4,(1000 HA),42.0
2226000,"Oilseed, Rapeseed",TU,Turkey,2025,2026,3,20,Beginning Stocks,8,(1000 MT),21.0
2226000,"Oilseed, Rapeseed",TU,Turkey,2025,2026,3,7,Crush,8,(1000 MT),150.0
2226000,"Oilseed, Rapeseed",TU,Turkey,2025,2026,3,125,Domestic Consumption,8,(1000 MT),165.0
2226000,"Oilseed, Rapeseed",TU,Turkey,2025,2026,3,176,Ending Stocks,8,(1000 MT),21.0
2226000,"Oilseed, Rapeseed",TU,Turkey,2025,2026,3,88,Exports,8,(1000 MT),0.0
2226000,"Oilseed, Rapeseed",TU,Turkey,2025,2026,3,161,Feed Waste Dom. Cons.,8,(1000 MT),15.0
2226000,"Oilseed, Rapeseed",TU,Turkey,2025,2026,3,149,Food Use Dom. Cons.,8,(1000 MT),0.0
2226000,"Oilseed, Rapeseed",TU,Turkey,2025,2026,3,57,Imports,8,(1000 MT),15.0
2226000,"Oilseed, Rapeseed",TU,Turkey,2025,2026,3,28,Production,8,(1000 MT),150.0
2226000,"Oilseed, Rapeseed",TU,Turkey,2025,2026,3,178,Total Distribution,8,(1000 MT),186.0
2226000,"Oilseed, Rapeseed",TU,Turkey,2025,2026,3,86,Total Supply,8,(1000 MT),186.0
2226000,"Oilseed, Rapeseed",TU,Turkey,2025,2026,3,184,Yield,26,(MT/HA),3.57
2226000,"Oilseed, Rapeseed",UP,Ukraine,2022,2025,4,4,Area Harvested,4,(1000 HA),1230.0
2226000,"Oilseed, Rapeseed",UP,Ukraine,2022,2025,4,20,Beginning Stocks,8,(1000 MT),70.0
2226000,"Oilseed, Rapeseed",UP,Ukraine,2022,2025,4,7,Crush,8,(1000 MT),183.0
2226000,"Oilseed, Rapeseed",UP,Ukraine,2022,2025,4,125,Domestic Consumption,8,(1000 MT),187.0
2226000,"Oilseed, Rapeseed",UP,Ukraine,2022,2025,4,176,Ending Stocks,8,(1000 MT),2.0
2226000,"Oilseed, Rapeseed",UP,Ukraine,2022,2025,4,88,Exports,8,(1000 MT),3421.0
2226000,"Oilseed, Rapeseed",UP,Ukraine,2022,2025,4,161,Feed Waste Dom. Cons.,8,(1000 MT),4.0
2226000,"Oilseed, Rapeseed",UP,Ukraine,2022,2025,4,149,Food Use Dom. Cons.,8,(1000 MT),0.0
2226000,"Oilseed, Rapeseed",UP,Ukraine,2022,2025,4,57,Imports,8,(1000 MT),40.0
2226000,"Oilseed, Rapeseed",UP,Ukraine,2022,2025,4,28,Production,8,(1000 MT),3500.0
2226000,"Oilseed, Rapeseed",UP,Ukraine,2022,2025,4,178,Total Distribution,8,(1000 MT),3610.0
2226000,"Oilseed, Rapeseed",UP,Ukraine,2022,2025,4,86,Total Supply,8,(1000 MT),3610.0
2226000,"Oilseed, Rapeseed",UP,Ukraine,2022,2025,4,184,Yield,26,(MT/HA),2.85
2226000,"Oilseed, Rapeseed",UP,Ukraine,2023,2025,4,4,Area Harvested,4,(1000 HA),1600.0
2226000,"Oilseed, Rapeseed",UP,Ukraine,2023,2025,4,20,Beginning Stocks,8,(1000 MT),2.0
2226000,"Oilseed, Rapeseed",UP,Ukraine,2023,2025,4,7,Crush,8,(1000 MT),1050.0
2226000,"Oilseed, Rapeseed",UP,Ukraine,2023,2025,4,125,Domestic Consumption,8,(1000 MT),1055.0
2226000,"Oilseed, Rapeseed",UP,Ukraine,2023,2025,4,176,Ending Stocks,8,(1000 MT),2.0
2226000,"Oilseed, Rapeseed",UP,Ukraine,2023,2025,4,88,Exports,8,(1000 MT),3702.0
2226000,"Oilseed, Rapeseed",UP,Ukraine,2023,2025,4,161,Feed Waste Dom. Cons.,8,(1000 MT),5.0
2226000,"Oilseed, Rapeseed",UP,Ukraine,2023,2025,4,149,Food Use Dom. Cons.,8,(1000 MT),0.0
2226000,"Oilseed, Rapeseed",UP,Ukraine,2023,2025,4,57,Imports,8,(1000 MT),7.0
2226000,"Oilseed, Rapeseed",UP,Ukraine,2023,2025,4,28,Production,8,(1000 MT),4750.0
2226000,"Oilseed, Rapeseed",UP,Ukraine,2023,2025,4,178,Total Distribution,8,(1000 MT),4759.0
2226000,"Oilseed, Rapeseed",UP,Ukraine,2023,2025,4,86,Total Supply,8,(1000 MT),4759.0
2226000,"Oilseed, Rapeseed",UP,Ukraine,2023,2025,4,184,Yield,26,(MT/HA),2.97
2226000,"Oilseed, Rapeseed",UP,Ukraine,2024,2025,8,4,Area Harvested,4,(1000 HA),1350.0
2226000,"Oilseed, Rapeseed",UP,Ukraine,2024,2025,8,20,Beginning Stocks,8,(1000 MT),2.0
2226000,"Oilseed, Rapeseed",UP,Ukraine,2024,2025,8,7,Crush,8,(1000 MT),600.0
2226000,"Oilseed, Rapeseed",UP,Ukraine,2024,2025,8,125,Domestic Consumption,8,(1000 MT),605.0
2226000,"Oilseed, Rapeseed",UP,Ukraine,2024,2025,8,176,Ending Stocks,8,(1000 MT),57.0
2226000,"Oilseed, Rapeseed",UP,Ukraine,2024,2025,8,88,Exports,8,(1000 MT),3145.0
2226000,"Oilseed, Rapeseed",UP,Ukraine,2024,2025,8,161,Feed Waste Dom. Cons.,8,(1000 MT),5.0
2226000,"Oilseed, Rapeseed",UP,Ukraine,2024,2025,8,149,Food Use Dom. Cons.,8,(1000 MT),0.0
2226000,"Oilseed, Rapeseed",UP,Ukraine,2024,2025,8,57,Imports,8,(1000 MT),5.0
2226000,"Oilseed, Rapeseed",UP,Ukraine,2024,2025,8,28,Production,8,(1000 MT),3800.0
2226000,"Oilseed, Rapeseed",UP,Ukraine,2024,2025,8,178,Total Distribution,8,(1000 MT),3807.0
2226000,"Oilseed, Rapeseed",UP,Ukraine,2024,2025,8,86,Total Supply,8,(1000 MT),3807.0
2226000,"Oilseed, Rapeseed",UP,Ukraine,2024,2025,8,184,Yield,26,(MT/HA),2.81
2226000,"Oilseed, Rapeseed",UP,Ukraine,2025,2026,3,4,Area Harvested,4,(1000 HA),1350.0
2226000,"Oilseed, Rapeseed",UP,Ukraine,2025,2026,3,20,Beginning Stocks,8,(1000 MT),57.0
2226000,"Oilseed, Rapeseed",UP,Ukraine,2025,2026,3,7,Crush,8,(1000 MT),1050.0
2226000,"Oilseed, Rapeseed",UP,Ukraine,2025,2026,3,125,Domestic Consumption,8,(1000 MT),1055.0
2226000,"Oilseed, Rapeseed",UP,Ukraine,2025,2026,3,176,Ending Stocks,8,(1000 MT),77.0
2226000,"Oilseed, Rapeseed",UP,Ukraine,2025,2026,3,88,Exports,8,(1000 MT),2450.0
2226000,"Oilseed, Rapeseed",UP,Ukraine,2025,2026,3,161,Feed Waste Dom. Cons.,8,(1000 MT),5.0
2226000,"Oilseed, Rapeseed",UP,Ukraine,2025,2026,3,149,Food Use Dom. Cons.,8,(1000 MT),0.0
2226000,"Oilseed, Rapeseed",UP,Ukraine,2025,2026,3,57,Imports,8,(1000 MT),25.0
2226000,"Oilseed, Rapeseed",UP,Ukraine,2025,2026,3,28,Production,8,(1000 MT),3500.0
2226000,"Oilseed, Rapeseed",UP,Ukraine,2025,2026,3,178,Total Distribution,8,(1000 MT),3582.0
2226000,"Oilseed, Rapeseed",UP,Ukraine,2025,2026,3,86,Total Supply,8,(1000 MT),3582.0
2226000,"Oilseed, Rapeseed",UP,Ukraine,2025,2026,3,184,Yield,26,(MT/HA),2.59
2226000,"Oilseed, Rapeseed",TC,United Arab Emirates,2022,2024,4,4,Area Harvested,4,(1000 HA),0.0
2226000,"Oilseed, Rapeseed",TC,United Arab Emirates,2022,2024,4,20,Beginning Stocks,8,(1000 MT),0.0
2226000,"Oilseed, Rapeseed",TC,United Arab Emirates,2022,2024,4,7,Crush,8,(1000 MT),1105.0
2226000,"Oilseed, Rapeseed",TC,United Arab Emirates,2022,2024,4,125,Domestic Consumption,8,(1000 MT),1105.0
2226000,"Oilseed, Rapeseed",TC,United Arab Emirates,2022,2024,4,176,Ending Stocks,8,(1000 MT),0.0
2226000,"Oilseed, Rapeseed",TC,United Arab Emirates,2022,2024,4,88,Exports,8,(1000 MT),0.0
2226000,"Oilseed, Rapeseed",TC,United Arab Emirates,2022,2024,4,161,Feed Waste Dom. Cons.,8,(1000 MT),0.0
2226000,"Oilseed, Rapeseed",TC,United Arab Emirates,2022,2024,4,149,Food Use Dom. Cons.,8,(1000 MT),0.0
2226000,"Oilseed, Rapeseed",TC,United Arab Emirates,2022,2024,4,57,Imports,8,(1000 MT),1105.0
2226000,"Oilseed, Rapeseed",TC,United Arab Emirates,2022,2024,4,28,Production,8,(1000 MT),0.0
2226000,"Oilseed, Rapeseed",TC,United Arab Emirates,2022,2024,4,178,Total Distribution,8,(1000 MT),1105.0
2226000,"Oilseed, Rapeseed",TC,United Arab Emirates,2022,2024,4,86,Total Supply,8,(1000 MT),1105.0
2226000,"Oilseed, Rapeseed",TC,United Arab Emirates,2022,2024,4,184,Yield,26,(MT/HA),0.0
2226000,"Oilseed, Rapeseed",TC,United Arab Emirates,2023,2024,11,4,Area Harvested,4,(1000 HA),0.0
2226000,"Oilseed, Rapeseed",TC,United Arab Emirates,2023,2024,11,20,Beginning Stocks,8,(1000 MT),0.0
2226000,"Oilseed, Rapeseed",TC,United Arab Emirates,2023,2024,11,7,Crush,8,(1000 MT),1098.0
2226000,"Oilseed, Rapeseed",TC,United Arab Emirates,2023,2024,11,125,Domestic Consumption,8,(1000 MT),1098.0
2226000,"Oilseed, Rapeseed",TC,United Arab Emirates,2023,2024,11,176,Ending Stocks,8,(1000 MT),0.0
2226000,"Oilseed, Rapeseed",TC,United Arab Emirates,2023,2024,11,88,Exports,8,(1000 MT),2.0
2226000,"Oilseed, Rapeseed",TC,United Arab Emirates,2023,2024,11,161,Feed Waste Dom. Cons.,8,(1000 MT),0.0
2226000,"Oilseed, Rapeseed",TC,United Arab Emirates,2023,2024,11,149,Food Use Dom. Cons.,8,(1000 MT),0.0
2226000,"Oilseed, Rapeseed",TC,United Arab Emirates,2023,2024,11,57,Imports,8,(1000 MT),1100.0
2226000,"Oilseed, Rapeseed",TC,United Arab Emirates,2023,2024,11,28,Production,8,(1000 MT),0.0
2226000,"Oilseed, Rapeseed",TC,United Arab Emirates,2023,2024,11,178,Total Distribution,8,(1000 MT),1100.0
2226000,"Oilseed, Rapeseed",TC,United Arab Emirates,2023,2024,11,86,Total Supply,8,(1000 MT),1100.0
2226000,"Oilseed, Rapeseed",TC,United Arab Emirates,2023,2024,11,184,Yield,26,(MT/HA),0.0
2226000,"Oilseed, Rapeseed",TC,United Arab Emirates,2024,2025,12,4,Area Harvested,4,(1000 HA),0.0
2226000,"Oilseed, Rapeseed",TC,United Arab Emirates,2024,2025,12,20,Beginning Stocks,8,(1000 MT),0.0
2226000,"Oilseed, Rapeseed",TC,United Arab Emirates,2024,2025,12,7,Crush,8,(1000 MT),1350.0
2226000,"Oilseed, Rapeseed",TC,United Arab Emirates,2024,2025,12,125,Domestic Consumption,8,(1000 MT),1350.0
2226000,"Oilseed, Rapeseed",TC,United Arab Emirates,2024,2025,12,176,Ending Stocks,8,(1000 MT),0.0
2226000,"Oilseed, Rapeseed",TC,United Arab Emirates,2024,2025,12,88,Exports,8,(1000 MT),0.0
2226000,"Oilseed, Rapeseed",TC,United Arab Emirates,2024,2025,12,161,Feed Waste Dom. Cons.,8,(1000 MT),0.0
2226000,"Oilseed, Rapeseed",TC,United Arab Emirates,2024,2025,12,149,Food Use Dom. Cons.,8,(1000 MT),0.0
2226000,"Oilseed, Rapeseed",TC,United Arab Emirates,2024,2025,12,57,Imports,8,(1000 MT),1350.0
2226000,"Oilseed, Rapeseed",TC,United Arab Emirates,2024,2025,12,28,Production,8,(1000 MT),0.0
2226000,"Oilseed, Rapeseed",TC,United Arab Emirates,2024,2025,12,178,Total Distribution,8,(1000 MT),1350.0
2226000,"Oilseed, Rapeseed",TC,United Arab Emirates,2024,2025,12,86,Total Supply,8,(1000 MT),1350.0
2226000,"Oilseed, Rapeseed",TC,United Arab Emirates,2024,2025,12,184,Yield,26,(MT/HA),0.0
2226000,"Oilseed, Rapeseed",TC,United Arab Emirates,2025,2026,3,4,Area Harvested,4,(1000 HA),0.0
2226000,"Oilseed, Rapeseed",TC,United Arab Emirates,2025,2026,3,20,Beginning Stocks,8,(1000 MT),0.0
2226000,"Oilseed, Rapeseed",TC,United Arab Emirates,2025,2026,3,7,Crush,8,(1000 MT),1350.0
2226000,"Oilseed, Rapeseed",TC,United Arab Emirates,2025,2026,3,125,Domestic Consumption,8,(1000 MT),1350.0
2226000,"Oilseed, Rapeseed",TC,United Arab Emirates,2025,2026,3,176,Ending Stocks,8,(1000 MT),0.0
2226000,"Oilseed, Rapeseed",TC,United Arab Emirates,2025,2026,3,88,Exports,8,(1000 MT),0.0
2226000,"Oilseed, Rapeseed",TC,United Arab Emirates,2025,2026,3,161,Feed Waste Dom. Cons.,8,(1000 MT),0.0
2226000,"Oilseed, Rapeseed",TC,United Arab Emirates,2025,2026,3,149,Food Use Dom. Cons.,8,(1000 MT),0.0
2226000,"Oilseed, Rapeseed",TC,United Arab Emirates,2025,2026,3,57,Imports,8,(1000 MT),1350.0
2226000,"Oilseed, Rapeseed",TC,United Arab Emirates,2025,2026,3,28,Production,8,(1000 MT),0.0
2226000,"Oilseed, Rapeseed",TC,United Arab Emirates,2025,2026,3,178,Total Distribution,8,(1000 MT),1350.0
2226000,"Oilseed, Rapeseed",TC,United Arab Emirates,2025,2026,3,86,Total Supply,8,(1000 MT),1350.0
2226000,"Oilseed, Rapeseed",TC,United Arab Emirates,2025,2026,3,184,Yield,26,(MT/HA),0.0
2226000,"Oilseed, Rapeseed",UK,United Kingdom,2022,2024,5,4,Area Harvested,4,(1000 HA),365.0
2226000,"Oilseed, Rapeseed",UK,United Kingdom,2022,2024,5,20,Beginning Stocks,8,(1000 MT),65.0
2226000,"Oilseed, Rapeseed",UK,United Kingdom,2022,2024,5,7,Crush,8,(1000 MT),1945.0
2226000,"Oilseed, Rapeseed",UK,United Kingdom,2022,2024,5,125,Domestic Consumption,8,(1000 MT),2025.0
2226000,"Oilseed, Rapeseed",UK,United Kingdom,2022,2024,5,176,Ending Stocks,8,(1000 MT),93.0
2226000,"Oilseed, Rapeseed",UK,United Kingdom,2022,2024,5,88,Exports,8,(1000 MT),33.0
2226000,"Oilseed, Rapeseed",UK,United Kingdom,2022,2024,5,161,Feed Waste Dom. Cons.,8,(1000 MT),80.0
2226000,"Oilseed, Rapeseed",UK,United Kingdom,2022,2024,5,149,Food Use Dom. Cons.,8,(1000 MT),0.0
2226000,"Oilseed, Rapeseed",UK,United Kingdom,2022,2024,5,57,Imports,8,(1000 MT),725.0
2226000,"Oilseed, Rapeseed",UK,United Kingdom,2022,2024,5,28,Production,8,(1000 MT),1361.0
2226000,"Oilseed, Rapeseed",UK,United Kingdom,2022,2024,5,178,Total Distribution,8,(1000 MT),2151.0
2226000,"Oilseed, Rapeseed",UK,United Kingdom,2022,2024,5,86,Total Supply,8,(1000 MT),2151.0
2226000,"Oilseed, Rapeseed",UK,United Kingdom,2022,2024,5,184,Yield,26,(MT/HA),3.73
2226000,"Oilseed, Rapeseed",UK,United Kingdom,2023,2025,4,4,Area Harvested,4,(1000 HA),391.0
2226000,"Oilseed, Rapeseed",UK,United Kingdom,2023,2025,4,20,Beginning Stocks,8,(1000 MT),93.0
2226000,"Oilseed, Rapeseed",UK,United Kingdom,2023,2025,4,7,Crush,8,(1000 MT),1875.0
2226000,"Oilseed, Rapeseed",UK,United Kingdom,2023,2025,4,125,Domestic Consumption,8,(1000 MT),1950.0
2226000,"Oilseed, Rapeseed",UK,United Kingdom,2023,2025,4,176,Ending Stocks,8,(1000 MT),70.0
2226000,"Oilseed, Rapeseed",UK,United Kingdom,2023,2025,4,88,Exports,8,(1000 MT),32.0
2226000,"Oilseed, Rapeseed",UK,United Kingdom,2023,2025,4,161,Feed Waste Dom. Cons.,8,(1000 MT),75.0
2226000,"Oilseed, Rapeseed",UK,United Kingdom,2023,2025,4,149,Food Use Dom. Cons.,8,(1000 MT),0.0
2226000,"Oilseed, Rapeseed",UK,United Kingdom,2023,2025,4,57,Imports,8,(1000 MT),743.0
2226000,"Oilseed, Rapeseed",UK,United Kingdom,2023,2025,4,28,Production,8,(1000 MT),1216.0
2226000,"Oilseed, Rapeseed",UK,United Kingdom,2023,2025,4,178,Total Distribution,8,(1000 MT),2052.0
2226000,"Oilseed, Rapeseed",UK,United Kingdom,2023,2025,4,86,Total Supply,8,(1000 MT),2052.0
2226000,"Oilseed, Rapeseed",UK,United Kingdom,2023,2025,4,184,Yield,26,(MT/HA),3.11
2226000,"Oilseed, Rapeseed",UK,United Kingdom,2024,2025,11,4,Area Harvested,4,(1000 HA),293.0
2226000,"Oilseed, Rapeseed",UK,United Kingdom,2024,2025,11,20,Beginning Stocks,8,(1000 MT),70.0
2226000,"Oilseed, Rapeseed",UK,United Kingdom,2024,2025,11,7,Crush,8,(1000 MT),1650.0
2226000,"Oilseed, Rapeseed",UK,United Kingdom,2024,2025,11,125,Domestic Consumption,8,(1000 MT),1730.0
2226000,"Oilseed, Rapeseed",UK,United Kingdom,2024,2025,11,176,Ending Stocks,8,(1000 MT),66.0
2226000,"Oilseed, Rapeseed",UK,United Kingdom,2024,2025,11,88,Exports,8,(1000 MT),40.0
2226000,"Oilseed, Rapeseed",UK,United Kingdom,2024,2025,11,161,Feed Waste Dom. Cons.,8,(1000 MT),80.0
2226000,"Oilseed, Rapeseed",UK,United Kingdom,2024,2025,11,149,Food Use Dom. Cons.,8,(1000 MT),0.0
2226000,"Oilseed, Rapeseed",UK,United Kingdom,2024,2025,11,57,Imports,8,(1000 MT),942.0
2226000,"Oilseed, Rapeseed",UK,United Kingdom,2024,2025,11,28,Production,8,(1000 MT),824.0
2226000,"Oilseed, Rapeseed",UK,United Kingdom,2024,2025,11,178,Total Distribution,8,(1000 MT),1836.0
2226000,"Oilseed, Rapeseed",UK,United Kingdom,2024,2025,11,86,Total Supply,8,(1000 MT),1836.0
2226000,"Oilseed, Rapeseed",UK,United Kingdom,2024,2025,11,184,Yield,26,(MT/HA),2.81
2226000,"Oilseed, Rapeseed",UK,United Kingdom,2025,2026,3,4,Area Harvested,4,(1000 HA),240.0
2226000,"Oilseed, Rapeseed",UK,United Kingdom,2025,2026,3,20,Beginning Stocks,8,(1000 MT),66.0
2226000,"Oilseed, Rapeseed",UK,United Kingdom,2025,2026,3,7,Crush,8,(1000 MT),1675.0
2226000,"Oilseed, Rapeseed",UK,United Kingdom,2025,2026,3,125,Domestic Consumption,8,(1000 MT),1735.0
2226000,"Oilseed, Rapeseed",UK,United Kingdom,2025,2026,3,176,Ending Stocks,8,(1000 MT),66.0
2226000,"Oilseed, Rapeseed",UK,United Kingdom,2025,2026,3,88,Exports,8,(1000 MT),30.0
2226000,"Oilseed, Rapeseed",UK,United Kingdom,2025,2026,3,161,Feed Waste Dom. Cons.,8,(1000 MT),60.0
2226000,"Oilseed, Rapeseed",UK,United Kingdom,2025,2026,3,149,Food Use Dom. Cons.,8,(1000 MT),0.0
2226000,"Oilseed, Rapeseed",UK,United Kingdom,2025,2026,3,57,Imports,8,(1000 MT),865.0
2226000,"Oilseed, Rapeseed",UK,United Kingdom,2025,2026,3,28,Production,8,(1000 MT),900.0
2226000,"Oilseed, Rapeseed",UK,United Kingdom,2025,2026,3,178,Total Distribution,8,(1000 MT),1831.0
2226000,"Oilseed, Rapeseed",UK,United Kingdom,2025,2026,3,86,Total Supply,8,(1000 MT),1831.0
2226000,"Oilseed, Rapeseed",UK,United Kingdom,2025,2026,3,184,Yield,26,(MT/HA),3.75
2226000,"Oilseed, Rapeseed",US,United States,2022,2025,5,4,Area Harvested,4,(1000 HA),880.0
2226000,"Oilseed, Rapeseed",US,United States,2022,2025,5,20,Beginning Stocks,8,(1000 MT),110.0
2226000,"Oilseed, Rapeseed",US,United States,2022,2025,5,7,Crush,8,(1000 MT),1930.0
2226000,"Oilseed, Rapeseed",US,United States,2022,2025,5,125,Domestic Consumption,8,(1000 MT),2056.0
2226000,"Oilseed, Rapeseed",US,United States,2022,2025,5,176,Ending Stocks,8,(1000 MT),222.0
2226000,"Oilseed, Rapeseed",US,United States,2022,2025,5,88,Exports,8,(1000 MT),149.0
2226000,"Oilseed, Rapeseed",US,United States,2022,2025,5,161,Feed Waste Dom. Cons.,8,(1000 MT),126.0
2226000,"Oilseed, Rapeseed",US,United States,2022,2025,5,149,Food Use Dom. Cons.,8,(1000 MT),0.0
2226000,"Oilseed, Rapeseed",US,United States,2022,2025,5,57,Imports,8,(1000 MT),578.0
2226000,"Oilseed, Rapeseed",US,United States,2022,2025,5,28,Production,8,(1000 MT),1739.0
2226000,"Oilseed, Rapeseed",US,United States,2022,2025,5,178,Total Distribution,8,(1000 MT),2427.0
2226000,"Oilseed, Rapeseed",US,United States,2022,2025,5,86,Total Supply,8,(1000 MT),2427.0
2226000,"Oilseed, Rapeseed",US,United States,2022,2025,5,184,Yield,26,(MT/HA),1.98
2226000,"Oilseed, Rapeseed",US,United States,2023,2025,7,4,Area Harvested,4,(1000 HA),943.0
2226000,"Oilseed, Rapeseed",US,United States,2023,2025,7,20,Beginning Stocks,8,(1000 MT),222.0
2226000,"Oilseed, Rapeseed",US,United States,2023,2025,7,7,Crush,8,(1000 MT),2109.0
2226000,"Oilseed, Rapeseed",US,United States,2023,2025,7,125,Domestic Consumption,8,(1000 MT),2037.0
2226000,"Oilseed, Rapeseed",US,United States,2023,2025,7,176,Ending Stocks,8,(1000 MT),227.0
2226000,"Oilseed, Rapeseed",US,United States,2023,2025,7,88,Exports,8,(1000 MT),167.0
2226000,"Oilseed, Rapeseed",US,United States,2023,2025,7,161,Feed Waste Dom. Cons.,8,(1000 MT),-72.0
2226000,"Oilseed, Rapeseed",US,United States,2023,2025,7,149,Food Use Dom. Cons.,8,(1000 MT),0.0
2226000,"Oilseed, Rapeseed",US,United States,2023,2025,7,57,Imports,8,(1000 MT),314.0
2226000,"Oilseed, Rapeseed",US,United States,2023,2025,7,28,Production,8,(1000 MT),1895.0
2226000,"Oilseed, Rapeseed",US,United States,2023,2025,7,178,Total Distribution,8,(1000 MT),2431.0
2226000,"Oilseed, Rapeseed",US,United States,2023,2025,7,86,Total Supply,8,(1000 MT),2431.0
2226000,"Oilseed, Rapeseed",US,United States,2023,2025,7,184,Yield,26,(MT/HA),2.01
2226000,"Oilseed, Rapeseed",US,United States,2024,2026,1,4,Area Harvested,4,(1000 HA),1105.0
2226000,"Oilseed, Rapeseed",US,United States,2024,2026,1,20,Beginning Stocks,8,(1000 MT),227.0
2226000,"Oilseed, Rapeseed",US,United States,2024,2026,1,7,Crush,8,(1000 MT),2113.0
2226000,"Oilseed, Rapeseed",US,United States,2024,2026,1,125,Domestic Consumption,8,(1000 MT),2165.0
2226000,"Oilseed, Rapeseed",US,United States,2024,2026,1,176,Ending Stocks,8,(1000 MT),225.0
2226000,"Oilseed, Rapeseed",US,United States,2024,2026,1,88,Exports,8,(1000 MT),274.0
2226000,"Oilseed, Rapeseed",US,United States,2024,2026,1,161,Feed Waste Dom. Cons.,8,(1000 MT),52.0
2226000,"Oilseed, Rapeseed",US,United States,2024,2026,1,149,Food Use Dom. Cons.,8,(1000 MT),0.0
2226000,"Oilseed, Rapeseed",US,United States,2024,2026,1,57,Imports,8,(1000 MT),217.0
2226000,"Oilseed, Rapeseed",US,United States,2024,2026,1,28,Production,8,(1000 MT),2220.0
2226000,"Oilseed, Rapeseed",US,United States,2024,2026,1,178,Total Distribution,8,(1000 MT),2664.0
2226000,"Oilseed, Rapeseed",US,United States,2024,2026,1,86,Total Supply,8,(1000 MT),2664.0
2226000,"Oilseed, Rapeseed",US,United States,2024,2026,1,184,Yield,26,(MT/HA),2.01
2226000,"Oilseed, Rapeseed",US,United States,2025,2026,3,4,Area Harvested,4,(1000 HA),940.0
2226000,"Oilseed, Rapeseed",US,United States,2025,2026,3,20,Beginning Stocks,8,(1000 MT),225.0
2226000,"Oilseed, Rapeseed",US,United States,2025,2026,3,7,Crush,8,(1000 MT),2102.0
2226000,"Oilseed, Rapeseed",US,United States,2025,2026,3,125,Domestic Consumption,8,(1000 MT),2082.0
2226000,"Oilseed, Rapeseed",US,United States,2025,2026,3,176,Ending Stocks,8,(1000 MT),205.0
2226000,"Oilseed, Rapeseed",US,United States,2025,2026,3,88,Exports,8,(1000 MT),294.0
2226000,"Oilseed, Rapeseed",US,United States,2025,2026,3,161,Feed Waste Dom. Cons.,8,(1000 MT),-20.0
2226000,"Oilseed, Rapeseed",US,United States,2025,2026,3,149,Food Use Dom. Cons.,8,(1000 MT),0.0
2226000,"Oilseed, Rapeseed",US,United States,2025,2026,3,57,Imports,8,(1000 MT),230.0
2226000,"Oilseed, Rapeseed",US,United States,2025,2026,3,28,Production,8,(1000 MT),2126.0
2226000,"Oilseed, Rapeseed",US,United States,2025,2026,3,178,Total Distribution,8,(1000 MT),2581.0
2226000,"Oilseed, Rapeseed",US,United States,2025,2026,3,86,Total Supply,8,(1000 MT),2581.0
2226000,"Oilseed, Rapeseed",US,United States,2025,2026,3,184,Yield,26,(MT/HA),2.26
2226000,"Oilseed, Rapeseed",UY,Uruguay,2022,2025,4,4,Area Harvested,4,(1000 HA),335.0
2226000,"Oilseed, Rapeseed",UY,Uruguay,2022,2025,4,20,Beginning Stocks,8,(1000 MT),5.0
2226000,"Oilseed, Rapeseed",UY,Uruguay,2022,2025,4,7,Crush,8,(1000 MT),90.0
2226000,"Oilseed, Rapeseed",UY,Uruguay,2022,2025,4,125,Domestic Consumption,8,(1000 MT),95.0
2226000,"Oilseed, Rapeseed",UY,Uruguay,2022,2025,4,176,Ending Stocks,8,(1000 MT),45.0
2226000,"Oilseed, Rapeseed",UY,Uruguay,2022,2025,4,88,Exports,8,(1000 MT),430.0
2226000,"Oilseed, Rapeseed",UY,Uruguay,2022,2025,4,161,Feed Waste Dom. Cons.,8,(1000 MT),5.0
2226000,"Oilseed, Rapeseed",UY,Uruguay,2022,2025,4,149,Food Use Dom. Cons.,8,(1000 MT),0.0
2226000,"Oilseed, Rapeseed",UY,Uruguay,2022,2025,4,57,Imports,8,(1000 MT),0.0
2226000,"Oilseed, Rapeseed",UY,Uruguay,2022,2025,4,28,Production,8,(1000 MT),565.0
2226000,"Oilseed, Rapeseed",UY,Uruguay,2022,2025,4,178,Total Distribution,8,(1000 MT),570.0
2226000,"Oilseed, Rapeseed",UY,Uruguay,2022,2025,4,86,Total Supply,8,(1000 MT),570.0
2226000,"Oilseed, Rapeseed",UY,Uruguay,2022,2025,4,184,Yield,26,(MT/HA),1.69
2226000,"Oilseed, Rapeseed",UY,Uruguay,2023,2025,4,4,Area Harvested,4,(1000 HA),120.0
2226000,"Oilseed, Rapeseed",UY,Uruguay,2023,2025,4,20,Beginning Stocks,8,(1000 MT),45.0
2226000,"Oilseed, Rapeseed",UY,Uruguay,2023,2025,4,7,Crush,8,(1000 MT),120.0
2226000,"Oilseed, Rapeseed",UY,Uruguay,2023,2025,4,125,Domestic Consumption,8,(1000 MT),125.0
2226000,"Oilseed, Rapeseed",UY,Uruguay,2023,2025,4,176,Ending Stocks,8,(1000 MT),16.0
2226000,"Oilseed, Rapeseed",UY,Uruguay,2023,2025,4,88,Exports,8,(1000 MT),117.0
2226000,"Oilseed, Rapeseed",UY,Uruguay,2023,2025,4,161,Feed Waste Dom. Cons.,8,(1000 MT),5.0
2226000,"Oilseed, Rapeseed",UY,Uruguay,2023,2025,4,149,Food Use Dom. Cons.,8,(1000 MT),0.0
2226000,"Oilseed, Rapeseed",UY,Uruguay,2023,2025,4,57,Imports,8,(1000 MT),2.0
2226000,"Oilseed, Rapeseed",UY,Uruguay,2023,2025,4,28,Production,8,(1000 MT),211.0
2226000,"Oilseed, Rapeseed",UY,Uruguay,2023,2025,4,178,Total Distribution,8,(1000 MT),258.0
2226000,"Oilseed, Rapeseed",UY,Uruguay,2023,2025,4,86,Total Supply,8,(1000 MT),258.0
2226000,"Oilseed, Rapeseed",UY,Uruguay,2023,2025,4,184,Yield,26,(MT/HA),1.76
2226000,"Oilseed, Rapeseed",UY,Uruguay,2024,2025,11,4,Area Harvested,4,(1000 HA),80.0
2226000,"Oilseed, Rapeseed",UY,Uruguay,2024,2025,11,20,Beginning Stocks,8,(1000 MT),16.0
2226000,"Oilseed, Rapeseed",UY,Uruguay,2024,2025,11,7,Crush,8,(1000 MT),45.0
2226000,"Oilseed, Rapeseed",UY,Uruguay,2024,2025,11,125,Domestic Consumption,8,(1000 MT),47.0
2226000,"Oilseed, Rapeseed",UY,Uruguay,2024,2025,11,176,Ending Stocks,8,(1000 MT),4.0
2226000,"Oilseed, Rapeseed",UY,Uruguay,2024,2025,11,88,Exports,8,(1000 MT),105.0
2226000,"Oilseed, Rapeseed",UY,Uruguay,2024,2025,11,161,Feed Waste Dom. Cons.,8,(1000 MT),2.0
2226000,"Oilseed, Rapeseed",UY,Uruguay,2024,2025,11,149,Food Use Dom. Cons.,8,(1000 MT),0.0
2226000,"Oilseed, Rapeseed",UY,Uruguay,2024,2025,11,57,Imports,8,(1000 MT),0.0
2226000,"Oilseed, Rapeseed",UY,Uruguay,2024,2025,11,28,Production,8,(1000 MT),140.0
2226000,"Oilseed, Rapeseed",UY,Uruguay,2024,2025,11,178,Total Distribution,8,(1000 MT),156.0
2226000,"Oilseed, Rapeseed",UY,Uruguay,2024,2025,11,86,Total Supply,8,(1000 MT),156.0
2226000,"Oilseed, Rapeseed",UY,Uruguay,2024,2025,11,184,Yield,26,(MT/HA),1.75
2226000,"Oilseed, Rapeseed",UY,Uruguay,2025,2026,3,4,Area Harvested,4,(1000 HA),175.0
2226000,"Oilseed, Rapeseed",UY,Uruguay,2025,2026,3,20,Beginning Stocks,8,(1000 MT),4.0
2226000,"Oilseed, Rapeseed",UY,Uruguay,2025,2026,3,7,Crush,8,(1000 MT),120.0
2226000,"Oilseed, Rapeseed",UY,Uruguay,2025,2026,3,125,Domestic Consumption,8,(1000 MT),125.0
2226000,"Oilseed, Rapeseed",UY,Uruguay,2025,2026,3,176,Ending Stocks,8,(1000 MT),19.0
2226000,"Oilseed, Rapeseed",UY,Uruguay,2025,2026,3,88,Exports,8,(1000 MT),170.0
2226000,"Oilseed, Rapeseed",UY,Uruguay,2025,2026,3,161,Feed Waste Dom. Cons.,8,(1000 MT),5.0
2226000,"Oilseed, Rapeseed",UY,Uruguay,2025,2026,3,149,Food Use Dom. Cons.,8,(1000 MT),0.0
2226000,"Oilseed, Rapeseed",UY,Uruguay,2025,2026,3,57,Imports,8,(1000 MT),0.0
2226000,"Oilseed, Rapeseed",UY,Uruguay,2025,2026,3,28,Production,8,(1000 MT),310.0
2226000,"Oilseed, Rapeseed",UY,Uruguay,2025,2026,3,178,Total Distribution,8,(1000 MT),314.0
2226000,"Oilseed, Rapeseed",UY,Uruguay,2025,2026,3,86,Total Supply,8,(1000 MT),314.0
2226000,"Oilseed, Rapeseed",UY,Uruguay,2025,2026,3,184,Yield,26,(MT/HA),1.77
2226000,"Oilseed, Rapeseed",VM,Vietnam,2022,2023,4,4,Area Harvested,4,(1000 HA),1.0
2226000,"Oilseed, Rapeseed",VM,Vietnam,2022,2023,4,20,Beginning Stocks,8,(1000 MT),0.0
2226000,"Oilseed, Rapeseed",VM,Vietnam,2022,2023,4,7,Crush,8,(1000 MT),2.0
2226000,"Oilseed, Rapeseed",VM,Vietnam,2022,2023,4,125,Domestic Consumption,8,(1000 MT),2.0
2226000,"Oilseed, Rapeseed",VM,Vietnam,2022,2023,4,176,Ending Stocks,8,(1000 MT),0.0
2226000,"Oilseed, Rapeseed",VM,Vietnam,2022,2023,4,88,Exports,8,(1000 MT),0.0
2226000,"Oilseed, Rapeseed",VM,Vietnam,2022,2023,4,161,Feed Waste Dom. Cons.,8,(1000 MT),0.0
2226000,"Oilseed, Rapeseed",VM,Vietnam,2022,2023,4,149,Food Use Dom. Cons.,8,(1000 MT),0.0
2226000,"Oilseed, Rapeseed",VM,Vietnam,2022,2023,4,57,Imports,8,(1000 MT),0.0
2226000,"Oilseed, Rapeseed",VM,Vietnam,2022,2023,4,28,Production,8,(1000 MT),2.0
2226000,"Oilseed, Rapeseed",VM,Vietnam,2022,2023,4,178,Total Distribution,8,(1000 MT),2.0
2226000,"Oilseed, Rapeseed",VM,Vietnam,2022,2023,4,86,Total Supply,8,(1000 MT),2.0
2226000,"Oilseed, Rapeseed",VM,Vietnam,2022,2023,4,184,Yield,26,(MT/HA),2.0
2226000,"Oilseed, Rapeseed",VM,Vietnam,2023,2024,4,4,Area Harvested,4,(1000 HA),1.0
2226000,"Oilseed, Rapeseed",VM,Vietnam,2023,2024,4,20,Beginning Stocks,8,(1000 MT),0.0
2226000,"Oilseed, Rapeseed",VM,Vietnam,2023,2024,4,7,Crush,8,(1000 MT),2.0
2226000,"Oilseed, Rapeseed",VM,Vietnam,2023,2024,4,125,Domestic Consumption,8,(1000 MT),2.0
2226000,"Oilseed, Rapeseed",VM,Vietnam,2023,2024,4,176,Ending Stocks,8,(1000 MT),0.0
2226000,"Oilseed, Rapeseed",VM,Vietnam,2023,2024,4,88,Exports,8,(1000 MT),0.0
2226000,"Oilseed, Rapeseed",VM,Vietnam,2023,2024,4,161,Feed Waste Dom. Cons.,8,(1000 MT),0.0
2226000,"Oilseed, Rapeseed",VM,Vietnam,2023,2024,4,149,Food Use Dom. Cons.,8,(1000 MT),0.0
2226000,"Oilseed, Rapeseed",VM,Vietnam,2023,2024,4,57,Imports,8,(1000 MT),0.0
2226000,"Oilseed, Rapeseed",VM,Vietnam,2023,2024,4,28,Production,8,(1000 MT),2.0
2226000,"Oilseed, Rapeseed",VM,Vietnam,2023,2024,4,178,Total Distribution,8,(1000 MT),2.0
2226000,"Oilseed, Rapeseed",VM,Vietnam,2023,2024,4,86,Total Supply,8,(1000 MT),2.0
2226000,"Oilseed, Rapeseed",VM,Vietnam,2023,2024,4,184,Yield,26,(MT/HA),2.0
2226000,"Oilseed, Rapeseed",VM,Vietnam,2024,2025,4,4,Area Harvested,4,(1000 HA),1.0
2226000,"Oilseed, Rapeseed",VM,Vietnam,2024,2025,4,20,Beginning Stocks,8,(1000 MT),0.0
2226000,"Oilseed, Rapeseed",VM,Vietnam,2024,2025,4,7,Crush,8,(1000 MT),2.0
2226000,"Oilseed, Rapeseed",VM,Vietnam,2024,2025,4,125,Domestic Consumption,8,(1000 MT),2.0
2226000,"Oilseed, Rapeseed",VM,Vietnam,2024,2025,4,176,Ending Stocks,8,(1000 MT),0.0
2226000,"Oilseed, Rapeseed",VM,Vietnam,2024,2025,4,88,Exports,8,(1000 MT),0.0
2226000,"Oilseed, Rapeseed",VM,Vietnam,2024,2025,4,161,Feed Waste Dom. Cons.,8,(1000 MT),0.0
2226000,"Oilseed, Rapeseed",VM,Vietnam,2024,2025,4,149,Food Use Dom. Cons.,8,(1000 MT),0.0
2226000,"Oilseed, Rapeseed",VM,Vietnam,2024,2025,4,57,Imports,8,(1000 MT),0.0
2226000,"Oilseed, Rapeseed",VM,Vietnam,2024,2025,4,28,Production,8,(1000 MT),2.0
2226000,"Oilseed, Rapeseed",VM,Vietnam,2024,2025,4,178,Total Distribution,8,(1000 MT),2.0
2226000,"Oilseed, Rapeseed",VM,Vietnam,2024,2025,4,86,Total Supply,8,(1000 MT),2.0
2226000,"Oilseed, Rapeseed",VM,Vietnam,2024,2025,4,184,Yield,26,(MT/HA),2.0
2226000,"Oilseed, Rapeseed",VM,Vietnam,2025,2026,3,4,Area Harvested,4,(1000 HA),1.0
2226000,"Oilseed, Rapeseed",VM,Vietnam,2025,2026,3,20,Beginning Stocks,8,(1000 MT),0.0
2226000,"Oilseed, Rapeseed",VM,Vietnam,2025,2026,3,7,Crush,8,(1000 MT),2.0
2226000,"Oilseed, Rapeseed",VM,Vietnam,2025,2026,3,125,Domestic Consumption,8,(1000 MT),2.0
2226000,"Oilseed, Rapeseed",VM,Vietnam,2025,2026,3,176,Ending Stocks,8,(1000 MT),0.0
2226000,"Oilseed, Rapeseed",VM,Vietnam,2025,2026,3,88,Exports,8,(1000 MT),0.0
2226000,"Oilseed, Rapeseed",VM,Vietnam,2025,2026,3,161,Feed Waste Dom. Cons.,8,(1000 MT),0.0
2226000,"Oilseed, Rapeseed",VM,Vietnam,2025,2026,3,149,Food Use Dom. Cons.,8,(1000 MT),0.0
2226000,"Oilseed, Rapeseed",VM,Vietnam,2025,2026,3,57,Imports,8,(1000 MT),0.0
2226000,"Oilseed, Rapeseed",VM,Vietnam,2025,2026,3,28,Production,8,(1000 MT),2.0
2226000,"Oilseed, Rapeseed",VM,Vietnam,2025,2026,3,178,Total Distribution,8,(1000 MT),2.0
2226000,"Oilseed, Rapeseed",VM,Vietnam,2025,2026,3,86,Total Supply,8,(1000 MT),2.0
2226000,"Oilseed, Rapeseed",VM,Vietnam,2025,2026,3,184,Yield,26,(MT/HA),2.0
2222000,"Oilseed, Soybean",AG,Algeria,2022,2025,4,4,Area Harvested,4,(1000 HA),0.0
2222000,"Oilseed, Soybean",AG,Algeria,2022,2025,4,20,Beginning Stocks,8,(1000 MT),155.0
2222000,"Oilseed, Soybean",AG,Algeria,2022,2025,4,7,Crush,8,(1000 MT),1350.0
2222000,"Oilseed, Soybean",AG,Algeria,2022,2025,4,125,Domestic Consumption,8,(1000 MT),1350.0
2222000,"Oilseed, Soybean",AG,Algeria,2022,2025,4,176,Ending Stocks,8,(1000 MT),160.0
2222000,"Oilseed, Soybean",AG,Algeria,2022,2025,4,88,Exports,8,(1000 MT),0.0
2222000,"Oilseed, Soybean",AG,Algeria,2022,2025,4,161,Feed Waste Dom. Cons.,8,(1000 MT),0.0
2222000,"Oilseed, Soybean",AG,Algeria,2022,2025,4,149,Food Use Dom. Cons.,8,(1000 MT),0.0
2222000,"Oilseed, Soybean",AG,Algeria,2022,2025,4,57,Imports,8,(1000 MT),1355.0
2222000,"Oilseed, Soybean",AG,Algeria,2022,2025,4,28,Production,8,(1000 MT),0.0
2222000,"Oilseed, Soybean",AG,Algeria,2022,2025,4,178,Total Distribution,8,(1000 MT),1510.0
2222000,"Oilseed, Soybean",AG,Algeria,2022,2025,4,86,Total Supply,8,(1000 MT),1510.0
2222000,"Oilseed, Soybean",AG,Algeria,2022,2025,4,184,Yield,26,(MT/HA),0.0
2222000,"Oilseed, Soybean",AG,Algeria,2023,2025,4,4,Area Harvested,4,(1000 HA),0.0
2222000,"Oilseed, Soybean",AG,Algeria,2023,2025,4,20,Beginning Stocks,8,(1000 MT),160.0
2222000,"Oilseed, Soybean",AG,Algeria,2023,2025,4,7,Crush,8,(1000 MT),1500.0
2222000,"Oilseed, Soybean",AG,Algeria,2023,2025,4,125,Domestic Consumption,8,(1000 MT),1500.0
2222000,"Oilseed, Soybean",AG,Algeria,2023,2025,4,176,Ending Stocks,8,(1000 MT),302.0
2222000,"Oilseed, Soybean",AG,Algeria,2023,2025,4,88,Exports,8,(1000 MT),0.0
2222000,"Oilseed, Soybean",AG,Algeria,2023,2025,4,161,Feed Waste Dom. Cons.,8,(1000 MT),0.0
2222000,"Oilseed, Soybean",AG,Algeria,2023,2025,4,149,Food Use Dom. Cons.,8,(1000 MT),0.0
2222000,"Oilseed, Soybean",AG,Algeria,2023,2025,4,57,Imports,8,(1000 MT),1642.0
2222000,"Oilseed, Soybean",AG,Algeria,2023,2025,4,28,Production,8,(1000 MT),0.0
2222000,"Oilseed, Soybean",AG,Algeria,2023,2025,4,178,Total Distribution,8,(1000 MT),1802.0
2222000,"Oilseed, Soybean",AG,Algeria,2023,2025,4,86,Total Supply,8,(1000 MT),1802.0
2222000,"Oilseed, Soybean",AG,Algeria,2023,2025,4,184,Yield,26,(MT/HA),0.0
2222000,"Oilseed, Soybean",AG,Algeria,2024,2026,1,4,Area Harvested,4,(1000 HA),0.0
2222000,"Oilseed, Soybean",AG,Algeria,2024,2026,1,20,Beginning Stocks,8,(1000 MT),302.0
2222000,"Oilseed, Soybean",AG,Algeria,2024,2026,1,7,Crush,8,(1000 MT),1600.0
2222000,"Oilseed, Soybean",AG,Algeria,2024,2026,1,125,Domestic Consumption,8,(1000 MT),1600.0
2222000,"Oilseed, Soybean",AG,Algeria,2024,2026,1,176,Ending Stocks,8,(1000 MT),287.0
2222000,"Oilseed, Soybean",AG,Algeria,2024,2026,1,88,Exports,8,(1000 MT),0.0
2222000,"Oilseed, Soybean",AG,Algeria,2024,2026,1,161,Feed Waste Dom. Cons.,8,(1000 MT),0.0
2222000,"Oilseed, Soybean",AG,Algeria,2024,2026,1,149,Food Use Dom. Cons.,8,(1000 MT),0.0
2222000,"Oilseed, Soybean",AG,Algeria,2024,2026,1,57,Imports,8,(1000 MT),1585.0
2222000,"Oilseed, Soybean",AG,Algeria,2024,2026,1,28,Production,8,(1000 MT),0.0
2222000,"Oilseed, Soybean",AG,Algeria,2024,2026,1,178,Total Distribution,8,(1000 MT),1887.0
2222000,"Oilseed, Soybean",AG,Algeria,2024,2026,1,86,Total Supply,8,(1000 MT),1887.0
2222000,"Oilseed, Soybean",AG,Algeria,2024,2026,1,184,Yield,26,(MT/HA),0.0
2222000,"Oilseed, Soybean",AG,Algeria,2025,2026,3,4,Area Harvested,4,(1000 HA),0.0
2222000,"Oilseed, Soybean",AG,Algeria,2025,2026,3,20,Beginning Stocks,8,(1000 MT),287.0
2222000,"Oilseed, Soybean",AG,Algeria,2025,2026,3,7,Crush,8,(1000 MT),1650.0
2222000,"Oilseed, Soybean",AG,Algeria,2025,2026,3,125,Domestic Consumption,8,(1000 MT),1650.0
2222000,"Oilseed, Soybean",AG,Algeria,2025,2026,3,176,Ending Stocks,8,(1000 MT),337.0
2222000,"Oilseed, Soybean",AG,Algeria,2025,2026,3,88,Exports,8,(1000 MT),0.0
2222000,"Oilseed, Soybean",AG,Algeria,2025,2026,3,161,Feed Waste Dom. Cons.,8,(1000 MT),0.0
2222000,"Oilseed, Soybean",AG,Algeria,2025,2026,3,149,Food Use Dom. Cons.,8,(1000 MT),0.0
2222000,"Oilseed, Soybean",AG,Algeria,2025,2026,3,57,Imports,8,(1000 MT),1700.0
2222000,"Oilseed, Soybean",AG,Algeria,2025,2026,3,28,Production,8,(1000 MT),0.0
2222000,"Oilseed, Soybean",AG,Algeria,2025,2026,3,178,Total Distribution,8,(1000 MT),1987.0
2222000,"Oilseed, Soybean",AG,Algeria,2025,2026,3,86,Total Supply,8,(1000 MT),1987.0
2222000,"Oilseed, Soybean",AG,Algeria,2025,2026,3,184,Yield,26,(MT/HA),0.0
2222000,"Oilseed, Soybean",AR,Argentina,2022,2026,2,4,Area Harvested,4,(1000 HA),14400.0
2222000,"Oilseed, Soybean",AR,Argentina,2022,2026,2,20,Beginning Stocks,8,(1000 MT),23691.0
2222000,"Oilseed, Soybean",AR,Argentina,2022,2026,2,7,Crush,8,(1000 MT),30318.0
2222000,"Oilseed, Soybean",AR,Argentina,2022,2026,2,125,Domestic Consumption,8,(1000 MT),36568.0
2222000,"Oilseed, Soybean",AR,Argentina,2022,2026,2,176,Ending Stocks,8,(1000 MT),16997.0
2222000,"Oilseed, Soybean",AR,Argentina,2022,2026,2,88,Exports,8,(1000 MT),4185.0
2222000,"Oilseed, Soybean",AR,Argentina,2022,2026,2,161,Feed Waste Dom. Cons.,8,(1000 MT),6250.0
2222000,"Oilseed, Soybean",AR,Argentina,2022,2026,2,149,Food Use Dom. Cons.,8,(1000 MT),0.0
2222000,"Oilseed, Soybean",AR,Argentina,2022,2026,2,57,Imports,8,(1000 MT),9059.0
2222000,"Oilseed, Soybean",AR,Argentina,2022,2026,2,28,Production,8,(1000 MT),25000.0
2222000,"Oilseed, Soybean",AR,Argentina,2022,2026,2,178,Total Distribution,8,(1000 MT),57750.0
2222000,"Oilseed, Soybean",AR,Argentina,2022,2026,2,86,Total Supply,8,(1000 MT),57750.0
2222000,"Oilseed, Soybean",AR,Argentina,2022,2026,2,184,Yield,26,(MT/HA),1.74
2222000,"Oilseed, Soybean",AR,Argentina,2023,2026,2,4,Area Harvested,4,(1000 HA),16370.0
2222000,"Oilseed, Soybean",AR,Argentina,2023,2026,2,20,Beginning Stocks,8,(1000 MT),16997.0
2222000,"Oilseed, Soybean",AR,Argentina,2023,2026,2,7,Crush,8,(1000 MT),36583.0
2222000,"Oilseed, Soybean",AR,Argentina,2023,2026,2,125,Domestic Consumption,8,(1000 MT),43833.0
2222000,"Oilseed, Soybean",AR,Argentina,2023,2026,2,176,Ending Stocks,8,(1000 MT),24047.0
2222000,"Oilseed, Soybean",AR,Argentina,2023,2026,2,88,Exports,8,(1000 MT),5114.0
2222000,"Oilseed, Soybean",AR,Argentina,2023,2026,2,161,Feed Waste Dom. Cons.,8,(1000 MT),7250.0
2222000,"Oilseed, Soybean",AR,Argentina,2023,2026,2,149,Food Use Dom. Cons.,8,(1000 MT),0.0
2222000,"Oilseed, Soybean",AR,Argentina,2023,2026,2,57,Imports,8,(1000 MT),7787.0
2222000,"Oilseed, Soybean",AR,Argentina,2023,2026,2,28,Production,8,(1000 MT),48210.0
2222000,"Oilseed, Soybean",AR,Argentina,2023,2026,2,178,Total Distribution,8,(1000 MT),72994.0
2222000,"Oilseed, Soybean",AR,Argentina,2023,2026,2,86,Total Supply,8,(1000 MT),72994.0
2222000,"Oilseed, Soybean",AR,Argentina,2023,2026,2,184,Yield,26,(MT/HA),2.95
2222000,"Oilseed, Soybean",AR,Argentina,2024,2026,3,4,Area Harvested,4,(1000 HA),17455.0
2222000,"Oilseed, Soybean",AR,Argentina,2024,2026,3,20,Beginning Stocks,8,(1000 MT),24047.0
2222000,"Oilseed, Soybean",AR,Argentina,2024,2026,3,7,Crush,8,(1000 MT),43236.0
2222000,"Oilseed, Soybean",AR,Argentina,2024,2026,3,125,Domestic Consumption,8,(1000 MT),50036.0
2222000,"Oilseed, Soybean",AR,Argentina,2024,2026,3,176,Ending Stocks,8,(1000 MT),23569.0
2222000,"Oilseed, Soybean",AR,Argentina,2024,2026,3,88,Exports,8,(1000 MT),7874.0
2222000,"Oilseed, Soybean",AR,Argentina,2024,2026,3,161,Feed Waste Dom. Cons.,8,(1000 MT),6800.0
2222000,"Oilseed, Soybean",AR,Argentina,2024,2026,3,149,Food Use Dom. Cons.,8,(1000 MT),0.0
2222000,"Oilseed, Soybean",AR,Argentina,2024,2026,3,57,Imports,8,(1000 MT),6324.0
2222000,"Oilseed, Soybean",AR,Argentina,2024,2026,3,28,Production,8,(1000 MT),51108.0
2222000,"Oilseed, Soybean",AR,Argentina,2024,2026,3,178,Total Distribution,8,(1000 MT),81479.0
2222000,"Oilseed, Soybean",AR,Argentina,2024,2026,3,86,Total Supply,8,(1000 MT),81479.0
2222000,"Oilseed, Soybean",AR,Argentina,2024,2026,3,184,Yield,26,(MT/HA),2.93
2222000,"Oilseed, Soybean",AR,Argentina,2025,2026,3,4,Area Harvested,4,(1000 HA),16800.0
2222000,"Oilseed, Soybean",AR,Argentina,2025,2026,3,20,Beginning Stocks,8,(1000 MT),23569.0
2222000,"Oilseed, Soybean",AR,Argentina,2025,2026,3,7,Crush,8,(1000 MT),41000.0
2222000,"Oilseed, Soybean",AR,Argentina,2025,2026,3,125,Domestic Consumption,8,(1000 MT),47900.0
2222000,"Oilseed, Soybean",AR,Argentina,2025,2026,3,176,Ending Stocks,8,(1000 MT),22919.0
2222000,"Oilseed, Soybean",AR,Argentina,2025,2026,3,88,Exports,8,(1000 MT),8250.0
2222000,"Oilseed, Soybean",AR,Argentina,2025,2026,3,161,Feed Waste Dom. Cons.,8,(1000 MT),6900.0
2222000,"Oilseed, Soybean",AR,Argentina,2025,2026,3,149,Food Use Dom. Cons.,8,(1000 MT),0.0
2222000,"Oilseed, Soybean",AR,Argentina,2025,2026,3,57,Imports,8,(1000 MT),7500.0
2222000,"Oilseed, Soybean",AR,Argentina,2025,2026,3,28,Production,8,(1000 MT),48000.0
2222000,"Oilseed, Soybean",AR,Argentina,2025,2026,3,178,Total Distribution,8,(1000 MT),79069.0
2222000,"Oilseed, Soybean",AR,Argentina,2025,2026,3,86,Total Supply,8,(1000 MT),79069.0
2222000,"Oilseed, Soybean",AR,Argentina,2025,2026,3,184,Yield,26,(MT/HA),2.86
2222000,"Oilseed, Soybean",AS,Australia,2022,2025,6,4,Area Harvested,4,(1000 HA),21.0
2222000,"Oilseed, Soybean",AS,Australia,2022,2025,6,20,Beginning Stocks,8,(1000 MT),2.0
2222000,"Oilseed, Soybean",AS,Australia,2022,2025,6,7,Crush,8,(1000 MT),50.0
2222000,"Oilseed, Soybean",AS,Australia,2022,2025,6,125,Domestic Consumption,8,(1000 MT),51.0
2222000,"Oilseed, Soybean",AS,Australia,2022,2025,6,176,Ending Stocks,8,(1000 MT),0.0
2222000,"Oilseed, Soybean",AS,Australia,2022,2025,6,88,Exports,8,(1000 MT),5.0
2222000,"Oilseed, Soybean",AS,Australia,2022,2025,6,161,Feed Waste Dom. Cons.,8,(1000 MT),1.0
2222000,"Oilseed, Soybean",AS,Australia,2022,2025,6,149,Food Use Dom. Cons.,8,(1000 MT),0.0
2222000,"Oilseed, Soybean",AS,Australia,2022,2025,6,57,Imports,8,(1000 MT),2.0
2222000,"Oilseed, Soybean",AS,Australia,2022,2025,6,28,Production,8,(1000 MT),52.0
2222000,"Oilseed, Soybean",AS,Australia,2022,2025,6,178,Total Distribution,8,(1000 MT),56.0
2222000,"Oilseed, Soybean",AS,Australia,2022,2025,6,86,Total Supply,8,(1000 MT),56.0
2222000,"Oilseed, Soybean",AS,Australia,2022,2025,6,184,Yield,26,(MT/HA),2.48
2222000,"Oilseed, Soybean",AS,Australia,2023,2025,5,4,Area Harvested,4,(1000 HA),22.0
2222000,"Oilseed, Soybean",AS,Australia,2023,2025,5,20,Beginning Stocks,8,(1000 MT),0.0
2222000,"Oilseed, Soybean",AS,Australia,2023,2025,5,7,Crush,8,(1000 MT),61.0
2222000,"Oilseed, Soybean",AS,Australia,2023,2025,5,125,Domestic Consumption,8,(1000 MT),61.0
2222000,"Oilseed, Soybean",AS,Australia,2023,2025,5,176,Ending Stocks,8,(1000 MT),0.0
2222000,"Oilseed, Soybean",AS,Australia,2023,2025,5,88,Exports,8,(1000 MT),5.0
2222000,"Oilseed, Soybean",AS,Australia,2023,2025,5,161,Feed Waste Dom. Cons.,8,(1000 MT),0.0
2222000,"Oilseed, Soybean",AS,Australia,2023,2025,5,149,Food Use Dom. Cons.,8,(1000 MT),0.0
2222000,"Oilseed, Soybean",AS,Australia,2023,2025,5,57,Imports,8,(1000 MT),1.0
2222000,"Oilseed, Soybean",AS,Australia,2023,2025,5,28,Production,8,(1000 MT),65.0
2222000,"Oilseed, Soybean",AS,Australia,2023,2025,5,178,Total Distribution,8,(1000 MT),66.0
2222000,"Oilseed, Soybean",AS,Australia,2023,2025,5,86,Total Supply,8,(1000 MT),66.0
2222000,"Oilseed, Soybean",AS,Australia,2023,2025,5,184,Yield,26,(MT/HA),2.95
2222000,"Oilseed, Soybean",AS,Australia,2024,2025,6,4,Area Harvested,4,(1000 HA),26.0
2222000,"Oilseed, Soybean",AS,Australia,2024,2025,6,20,Beginning Stocks,8,(1000 MT),0.0
2222000,"Oilseed, Soybean",AS,Australia,2024,2025,6,7,Crush,8,(1000 MT),37.0
2222000,"Oilseed, Soybean",AS,Australia,2024,2025,6,125,Domestic Consumption,8,(1000 MT),38.0
2222000,"Oilseed, Soybean",AS,Australia,2024,2025,6,176,Ending Stocks,8,(1000 MT),1.0
2222000,"Oilseed, Soybean",AS,Australia,2024,2025,6,88,Exports,8,(1000 MT),10.0
2222000,"Oilseed, Soybean",AS,Australia,2024,2025,6,161,Feed Waste Dom. Cons.,8,(1000 MT),1.0
2222000,"Oilseed, Soybean",AS,Australia,2024,2025,6,149,Food Use Dom. Cons.,8,(1000 MT),0.0
2222000,"Oilseed, Soybean",AS,Australia,2024,2025,6,57,Imports,8,(1000 MT),2.0
2222000,"Oilseed, Soybean",AS,Australia,2024,2025,6,28,Production,8,(1000 MT),47.0
2222000,"Oilseed, Soybean",AS,Australia,2024,2025,6,178,Total Distribution,8,(1000 MT),49.0
2222000,"Oilseed, Soybean",AS,Australia,2024,2025,6,86,Total Supply,8,(1000 MT),49.0
2222000,"Oilseed, Soybean",AS,Australia,2024,2025,6,184,Yield,26,(MT/HA),1.81
2222000,"Oilseed, Soybean",AS,Australia,2025,2026,3,4,Area Harvested,4,(1000 HA),25.0
2222000,"Oilseed, Soybean",AS,Australia,2025,2026,3,20,Beginning Stocks,8,(1000 MT),1.0
2222000,"Oilseed, Soybean",AS,Australia,2025,2026,3,7,Crush,8,(1000 MT),40.0
2222000,"Oilseed, Soybean",AS,Australia,2025,2026,3,125,Domestic Consumption,8,(1000 MT),42.0
2222000,"Oilseed, Soybean",AS,Australia,2025,2026,3,176,Ending Stocks,8,(1000 MT),3.0
2222000,"Oilseed, Soybean",AS,Australia,2025,2026,3,88,Exports,8,(1000 MT),10.0
2222000,"Oilseed, Soybean",AS,Australia,2025,2026,3,161,Feed Waste Dom. Cons.,8,(1000 MT),2.0
2222000,"Oilseed, Soybean",AS,Australia,2025,2026,3,149,Food Use Dom. Cons.,8,(1000 MT),0.0
2222000,"Oilseed, Soybean",AS,Australia,2025,2026,3,57,Imports,8,(1000 MT),2.0
2222000,"Oilseed, Soybean",AS,Australia,2025,2026,3,28,Production,8,(1000 MT),52.0
2222000,"Oilseed, Soybean",AS,Australia,2025,2026,3,178,Total Distribution,8,(1000 MT),55.0
2222000,"Oilseed, Soybean",AS,Australia,2025,2026,3,86,Total Supply,8,(1000 MT),55.0
2222000,"Oilseed, Soybean",AS,Australia,2025,2026,3,184,Yield,26,(MT/HA),2.08
2222000,"Oilseed, Soybean",BG,Bangladesh,2022,2025,4,4,Area Harvested,4,(1000 HA),80.0
2222000,"Oilseed, Soybean",BG,Bangladesh,2022,2025,4,20,Beginning Stocks,8,(1000 MT),433.0
2222000,"Oilseed, Soybean",BG,Bangladesh,2022,2025,4,7,Crush,8,(1000 MT),1650.0
2222000,"Oilseed, Soybean",BG,Bangladesh,2022,2025,4,125,Domestic Consumption,8,(1000 MT),1660.0
2222000,"Oilseed, Soybean",BG,Bangladesh,2022,2025,4,176,Ending Stocks,8,(1000 MT),114.0
2222000,"Oilseed, Soybean",BG,Bangladesh,2022,2025,4,88,Exports,8,(1000 MT),0.0
2222000,"Oilseed, Soybean",BG,Bangladesh,2022,2025,4,161,Feed Waste Dom. Cons.,8,(1000 MT),5.0
2222000,"Oilseed, Soybean",BG,Bangladesh,2022,2025,4,149,Food Use Dom. Cons.,8,(1000 MT),5.0
2222000,"Oilseed, Soybean",BG,Bangladesh,2022,2025,4,57,Imports,8,(1000 MT),1196.0
2222000,"Oilseed, Soybean",BG,Bangladesh,2022,2025,4,28,Production,8,(1000 MT),145.0
2222000,"Oilseed, Soybean",BG,Bangladesh,2022,2025,4,178,Total Distribution,8,(1000 MT),1774.0
2222000,"Oilseed, Soybean",BG,Bangladesh,2022,2025,4,86,Total Supply,8,(1000 MT),1774.0
2222000,"Oilseed, Soybean",BG,Bangladesh,2022,2025,4,184,Yield,26,(MT/HA),1.81
2222000,"Oilseed, Soybean",BG,Bangladesh,2023,2025,4,4,Area Harvested,4,(1000 HA),80.0
2222000,"Oilseed, Soybean",BG,Bangladesh,2023,2025,4,20,Beginning Stocks,8,(1000 MT),114.0
2222000,"Oilseed, Soybean",BG,Bangladesh,2023,2025,4,7,Crush,8,(1000 MT),2000.0
2222000,"Oilseed, Soybean",BG,Bangladesh,2023,2025,4,125,Domestic Consumption,8,(1000 MT),2105.0
2222000,"Oilseed, Soybean",BG,Bangladesh,2023,2025,4,176,Ending Stocks,8,(1000 MT),174.0
2222000,"Oilseed, Soybean",BG,Bangladesh,2023,2025,4,88,Exports,8,(1000 MT),0.0
2222000,"Oilseed, Soybean",BG,Bangladesh,2023,2025,4,161,Feed Waste Dom. Cons.,8,(1000 MT),100.0
2222000,"Oilseed, Soybean",BG,Bangladesh,2023,2025,4,149,Food Use Dom. Cons.,8,(1000 MT),5.0
2222000,"Oilseed, Soybean",BG,Bangladesh,2023,2025,4,57,Imports,8,(1000 MT),2020.0
2222000,"Oilseed, Soybean",BG,Bangladesh,2023,2025,4,28,Production,8,(1000 MT),145.0
2222000,"Oilseed, Soybean",BG,Bangladesh,2023,2025,4,178,Total Distribution,8,(1000 MT),2279.0
2222000,"Oilseed, Soybean",BG,Bangladesh,2023,2025,4,86,Total Supply,8,(1000 MT),2279.0
2222000,"Oilseed, Soybean",BG,Bangladesh,2023,2025,4,184,Yield,26,(MT/HA),1.81
2222000,"Oilseed, Soybean",BG,Bangladesh,2024,2025,9,4,Area Harvested,4,(1000 HA),90.0
2222000,"Oilseed, Soybean",BG,Bangladesh,2024,2025,9,20,Beginning Stocks,8,(1000 MT),174.0
2222000,"Oilseed, Soybean",BG,Bangladesh,2024,2025,9,7,Crush,8,(1000 MT),1850.0
2222000,"Oilseed, Soybean",BG,Bangladesh,2024,2025,9,125,Domestic Consumption,8,(1000 MT),2005.0
2222000,"Oilseed, Soybean",BG,Bangladesh,2024,2025,9,176,Ending Stocks,8,(1000 MT),150.0
2222000,"Oilseed, Soybean",BG,Bangladesh,2024,2025,9,88,Exports,8,(1000 MT),0.0
2222000,"Oilseed, Soybean",BG,Bangladesh,2024,2025,9,161,Feed Waste Dom. Cons.,8,(1000 MT),150.0
2222000,"Oilseed, Soybean",BG,Bangladesh,2024,2025,9,149,Food Use Dom. Cons.,8,(1000 MT),5.0
2222000,"Oilseed, Soybean",BG,Bangladesh,2024,2025,9,57,Imports,8,(1000 MT),1826.0
2222000,"Oilseed, Soybean",BG,Bangladesh,2024,2025,9,28,Production,8,(1000 MT),155.0
2222000,"Oilseed, Soybean",BG,Bangladesh,2024,2025,9,178,Total Distribution,8,(1000 MT),2155.0
2222000,"Oilseed, Soybean",BG,Bangladesh,2024,2025,9,86,Total Supply,8,(1000 MT),2155.0
2222000,"Oilseed, Soybean",BG,Bangladesh,2024,2025,9,184,Yield,26,(MT/HA),1.72
2222000,"Oilseed, Soybean",BG,Bangladesh,2025,2026,3,4,Area Harvested,4,(1000 HA),92.0
2222000,"Oilseed, Soybean",BG,Bangladesh,2025,2026,3,20,Beginning Stocks,8,(1000 MT),150.0
2222000,"Oilseed, Soybean",BG,Bangladesh,2025,2026,3,7,Crush,8,(1000 MT),2300.0
2222000,"Oilseed, Soybean",BG,Bangladesh,2025,2026,3,125,Domestic Consumption,8,(1000 MT),2455.0
2222000,"Oilseed, Soybean",BG,Bangladesh,2025,2026,3,176,Ending Stocks,8,(1000 MT),255.0
2222000,"Oilseed, Soybean",BG,Bangladesh,2025,2026,3,88,Exports,8,(1000 MT),0.0
2222000,"Oilseed, Soybean",BG,Bangladesh,2025,2026,3,161,Feed Waste Dom. Cons.,8,(1000 MT),150.0
2222000,"Oilseed, Soybean",BG,Bangladesh,2025,2026,3,149,Food Use Dom. Cons.,8,(1000 MT),5.0
2222000,"Oilseed, Soybean",BG,Bangladesh,2025,2026,3,57,Imports,8,(1000 MT),2400.0
2222000,"Oilseed, Soybean",BG,Bangladesh,2025,2026,3,28,Production,8,(1000 MT),160.0
2222000,"Oilseed, Soybean",BG,Bangladesh,2025,2026,3,178,Total Distribution,8,(1000 MT),2710.0
2222000,"Oilseed, Soybean",BG,Bangladesh,2025,2026,3,86,Total Supply,8,(1000 MT),2710.0
2222000,"Oilseed, Soybean",BG,Bangladesh,2025,2026,3,184,Yield,26,(MT/HA),1.74
2222000,"Oilseed, Soybean",BB,Barbados,2022,2025,4,4,Area Harvested,4,(1000 HA),0.0
2222000,"Oilseed, Soybean",BB,Barbados,2022,2025,4,20,Beginning Stocks,8,(1000 MT),0.0
2222000,"Oilseed, Soybean",BB,Barbados,2022,2025,4,7,Crush,8,(1000 MT),3.0
2222000,"Oilseed, Soybean",BB,Barbados,2022,2025,4,125,Domestic Consumption,8,(1000 MT),3.0
2222000,"Oilseed, Soybean",BB,Barbados,2022,2025,4,176,Ending Stocks,8,(1000 MT),0.0
2222000,"Oilseed, Soybean",BB,Barbados,2022,2025,4,88,Exports,8,(1000 MT),0.0
2222000,"Oilseed, Soybean",BB,Barbados,2022,2025,4,161,Feed Waste Dom. Cons.,8,(1000 MT),0.0
2222000,"Oilseed, Soybean",BB,Barbados,2022,2025,4,149,Food Use Dom. Cons.,8,(1000 MT),0.0
2222000,"Oilseed, Soybean",BB,Barbados,2022,2025,4,57,Imports,8,(1000 MT),3.0
2222000,"Oilseed, Soybean",BB,Barbados,2022,2025,4,28,Production,8,(1000 MT),0.0
2222000,"Oilseed, Soybean",BB,Barbados,2022,2025,4,178,Total Distribution,8,(1000 MT),3.0
2222000,"Oilseed, Soybean",BB,Barbados,2022,2025,4,86,Total Supply,8,(1000 MT),3.0
2222000,"Oilseed, Soybean",BB,Barbados,2022,2025,4,184,Yield,26,(MT/HA),0.0
2222000,"Oilseed, Soybean",BB,Barbados,2023,2025,4,4,Area Harvested,4,(1000 HA),0.0
2222000,"Oilseed, Soybean",BB,Barbados,2023,2025,4,20,Beginning Stocks,8,(1000 MT),0.0
2222000,"Oilseed, Soybean",BB,Barbados,2023,2025,4,7,Crush,8,(1000 MT),14.0
2222000,"Oilseed, Soybean",BB,Barbados,2023,2025,4,125,Domestic Consumption,8,(1000 MT),14.0
2222000,"Oilseed, Soybean",BB,Barbados,2023,2025,4,176,Ending Stocks,8,(1000 MT),0.0
2222000,"Oilseed, Soybean",BB,Barbados,2023,2025,4,88,Exports,8,(1000 MT),0.0
2222000,"Oilseed, Soybean",BB,Barbados,2023,2025,4,161,Feed Waste Dom. Cons.,8,(1000 MT),0.0
2222000,"Oilseed, Soybean",BB,Barbados,2023,2025,4,149,Food Use Dom. Cons.,8,(1000 MT),0.0
2222000,"Oilseed, Soybean",BB,Barbados,2023,2025,4,57,Imports,8,(1000 MT),14.0
2222000,"Oilseed, Soybean",BB,Barbados,2023,2025,4,28,Production,8,(1000 MT),0.0
2222000,"Oilseed, Soybean",BB,Barbados,2023,2025,4,178,Total Distribution,8,(1000 MT),14.0
2222000,"Oilseed, Soybean",BB,Barbados,2023,2025,4,86,Total Supply,8,(1000 MT),14.0
2222000,"Oilseed, Soybean",BB,Barbados,2023,2025,4,184,Yield,26,(MT/HA),0.0
2222000,"Oilseed, Soybean",BB,Barbados,2024,2026,3,4,Area Harvested,4,(1000 HA),0.0
2222000,"Oilseed, Soybean",BB,Barbados,2024,2026,3,20,Beginning Stocks,8,(1000 MT),0.0
2222000,"Oilseed, Soybean",BB,Barbados,2024,2026,3,7,Crush,8,(1000 MT),17.0
2222000,"Oilseed, Soybean",BB,Barbados,2024,2026,3,125,Domestic Consumption,8,(1000 MT),17.0
2222000,"Oilseed, Soybean",BB,Barbados,2024,2026,3,176,Ending Stocks,8,(1000 MT),0.0
2222000,"Oilseed, Soybean",BB,Barbados,2024,2026,3,88,Exports,8,(1000 MT),0.0
2222000,"Oilseed, Soybean",BB,Barbados,2024,2026,3,161,Feed Waste Dom. Cons.,8,(1000 MT),0.0
2222000,"Oilseed, Soybean",BB,Barbados,2024,2026,3,149,Food Use Dom. Cons.,8,(1000 MT),0.0
2222000,"Oilseed, Soybean",BB,Barbados,2024,2026,3,57,Imports,8,(1000 MT),17.0
2222000,"Oilseed, Soybean",BB,Barbados,2024,2026,3,28,Production,8,(1000 MT),0.0
2222000,"Oilseed, Soybean",BB,Barbados,2024,2026,3,178,Total Distribution,8,(1000 MT),17.0
2222000,"Oilseed, Soybean",BB,Barbados,2024,2026,3,86,Total Supply,8,(1000 MT),17.0
2222000,"Oilseed, Soybean",BB,Barbados,2024,2026,3,184,Yield,26,(MT/HA),0.0
2222000,"Oilseed, Soybean",BB,Barbados,2025,2026,3,4,Area Harvested,4,(1000 HA),0.0
2222000,"Oilseed, Soybean",BB,Barbados,2025,2026,3,20,Beginning Stocks,8,(1000 MT),0.0
2222000,"Oilseed, Soybean",BB,Barbados,2025,2026,3,7,Crush,8,(1000 MT),15.0
2222000,"Oilseed, Soybean",BB,Barbados,2025,2026,3,125,Domestic Consumption,8,(1000 MT),15.0
2222000,"Oilseed, Soybean",BB,Barbados,2025,2026,3,176,Ending Stocks,8,(1000 MT),0.0
2222000,"Oilseed, Soybean",BB,Barbados,2025,2026,3,88,Exports,8,(1000 MT),0.0
2222000,"Oilseed, Soybean",BB,Barbados,2025,2026,3,161,Feed Waste Dom. Cons.,8,(1000 MT),0.0
2222000,"Oilseed, Soybean",BB,Barbados,2025,2026,3,149,Food Use Dom. Cons.,8,(1000 MT),0.0
2222000,"Oilseed, Soybean",BB,Barbados,2025,2026,3,57,Imports,8,(1000 MT),15.0
2222000,"Oilseed, Soybean",BB,Barbados,2025,2026,3,28,Production,8,(1000 MT),0.0
2222000,"Oilseed, Soybean",BB,Barbados,2025,2026,3,178,Total Distribution,8,(1000 MT),15.0
2222000,"Oilseed, Soybean",BB,Barbados,2025,2026,3,86,Total Supply,8,(1000 MT),15.0
2222000,"Oilseed, Soybean",BB,Barbados,2025,2026,3,184,Yield,26,(MT/HA),0.0
2222000,"Oilseed, Soybean",BO,Belarus,2022,2025,4,4,Area Harvested,4,(1000 HA),0.0
2222000,"Oilseed, Soybean",BO,Belarus,2022,2025,4,20,Beginning Stocks,8,(1000 MT),11.0
2222000,"Oilseed, Soybean",BO,Belarus,2022,2025,4,7,Crush,8,(1000 MT),450.0
2222000,"Oilseed, Soybean",BO,Belarus,2022,2025,4,125,Domestic Consumption,8,(1000 MT),450.0
2222000,"Oilseed, Soybean",BO,Belarus,2022,2025,4,176,Ending Stocks,8,(1000 MT),10.0
2222000,"Oilseed, Soybean",BO,Belarus,2022,2025,4,88,Exports,8,(1000 MT),1.0
2222000,"Oilseed, Soybean",BO,Belarus,2022,2025,4,161,Feed Waste Dom. Cons.,8,(1000 MT),0.0
2222000,"Oilseed, Soybean",BO,Belarus,2022,2025,4,149,Food Use Dom. Cons.,8,(1000 MT),0.0
2222000,"Oilseed, Soybean",BO,Belarus,2022,2025,4,57,Imports,8,(1000 MT),450.0
2222000,"Oilseed, Soybean",BO,Belarus,2022,2025,4,28,Production,8,(1000 MT),0.0
2222000,"Oilseed, Soybean",BO,Belarus,2022,2025,4,178,Total Distribution,8,(1000 MT),461.0
2222000,"Oilseed, Soybean",BO,Belarus,2022,2025,4,86,Total Supply,8,(1000 MT),461.0
2222000,"Oilseed, Soybean",BO,Belarus,2022,2025,4,184,Yield,26,(MT/HA),0.0
2222000,"Oilseed, Soybean",BO,Belarus,2023,2025,4,4,Area Harvested,4,(1000 HA),0.0
2222000,"Oilseed, Soybean",BO,Belarus,2023,2025,4,20,Beginning Stocks,8,(1000 MT),10.0
2222000,"Oilseed, Soybean",BO,Belarus,2023,2025,4,7,Crush,8,(1000 MT),500.0
2222000,"Oilseed, Soybean",BO,Belarus,2023,2025,4,125,Domestic Consumption,8,(1000 MT),500.0
2222000,"Oilseed, Soybean",BO,Belarus,2023,2025,4,176,Ending Stocks,8,(1000 MT),19.0
2222000,"Oilseed, Soybean",BO,Belarus,2023,2025,4,88,Exports,8,(1000 MT),1.0
2222000,"Oilseed, Soybean",BO,Belarus,2023,2025,4,161,Feed Waste Dom. Cons.,8,(1000 MT),0.0
2222000,"Oilseed, Soybean",BO,Belarus,2023,2025,4,149,Food Use Dom. Cons.,8,(1000 MT),0.0
2222000,"Oilseed, Soybean",BO,Belarus,2023,2025,4,57,Imports,8,(1000 MT),510.0
2222000,"Oilseed, Soybean",BO,Belarus,2023,2025,4,28,Production,8,(1000 MT),0.0
2222000,"Oilseed, Soybean",BO,Belarus,2023,2025,4,178,Total Distribution,8,(1000 MT),520.0
2222000,"Oilseed, Soybean",BO,Belarus,2023,2025,4,86,Total Supply,8,(1000 MT),520.0
2222000,"Oilseed, Soybean",BO,Belarus,2023,2025,4,184,Yield,26,(MT/HA),0.0
2222000,"Oilseed, Soybean",BO,Belarus,2024,2025,4,4,Area Harvested,4,(1000 HA),0.0
2222000,"Oilseed, Soybean",BO,Belarus,2024,2025,4,20,Beginning Stocks,8,(1000 MT),19.0
2222000,"Oilseed, Soybean",BO,Belarus,2024,2025,4,7,Crush,8,(1000 MT),550.0
2222000,"Oilseed, Soybean",BO,Belarus,2024,2025,4,125,Domestic Consumption,8,(1000 MT),550.0
2222000,"Oilseed, Soybean",BO,Belarus,2024,2025,4,176,Ending Stocks,8,(1000 MT),18.0
2222000,"Oilseed, Soybean",BO,Belarus,2024,2025,4,88,Exports,8,(1000 MT),1.0
2222000,"Oilseed, Soybean",BO,Belarus,2024,2025,4,161,Feed Waste Dom. Cons.,8,(1000 MT),0.0
2222000,"Oilseed, Soybean",BO,Belarus,2024,2025,4,149,Food Use Dom. Cons.,8,(1000 MT),0.0
2222000,"Oilseed, Soybean",BO,Belarus,2024,2025,4,57,Imports,8,(1000 MT),550.0
2222000,"Oilseed, Soybean",BO,Belarus,2024,2025,4,28,Production,8,(1000 MT),0.0
2222000,"Oilseed, Soybean",BO,Belarus,2024,2025,4,178,Total Distribution,8,(1000 MT),569.0
2222000,"Oilseed, Soybean",BO,Belarus,2024,2025,4,86,Total Supply,8,(1000 MT),569.0
2222000,"Oilseed, Soybean",BO,Belarus,2024,2025,4,184,Yield,26,(MT/HA),0.0
2222000,"Oilseed, Soybean",BO,Belarus,2025,2026,3,4,Area Harvested,4,(1000 HA),0.0
2222000,"Oilseed, Soybean",BO,Belarus,2025,2026,3,20,Beginning Stocks,8,(1000 MT),18.0
2222000,"Oilseed, Soybean",BO,Belarus,2025,2026,3,7,Crush,8,(1000 MT),600.0
2222000,"Oilseed, Soybean",BO,Belarus,2025,2026,3,125,Domestic Consumption,8,(1000 MT),600.0
2222000,"Oilseed, Soybean",BO,Belarus,2025,2026,3,176,Ending Stocks,8,(1000 MT),18.0
2222000,"Oilseed, Soybean",BO,Belarus,2025,2026,3,88,Exports,8,(1000 MT),0.0
2222000,"Oilseed, Soybean",BO,Belarus,2025,2026,3,161,Feed Waste Dom. Cons.,8,(1000 MT),0.0
2222000,"Oilseed, Soybean",BO,Belarus,2025,2026,3,149,Food Use Dom. Cons.,8,(1000 MT),0.0
2222000,"Oilseed, Soybean",BO,Belarus,2025,2026,3,57,Imports,8,(1000 MT),600.0
2222000,"Oilseed, Soybean",BO,Belarus,2025,2026,3,28,Production,8,(1000 MT),0.0
2222000,"Oilseed, Soybean",BO,Belarus,2025,2026,3,178,Total Distribution,8,(1000 MT),618.0
2222000,"Oilseed, Soybean",BO,Belarus,2025,2026,3,86,Total Supply,8,(1000 MT),618.0
2222000,"Oilseed, Soybean",BO,Belarus,2025,2026,3,184,Yield,26,(MT/HA),0.0
2222000,"Oilseed, Soybean",DM,Benin,2022,2025,5,4,Area Harvested,4,(1000 HA),387.0
2222000,"Oilseed, Soybean",DM,Benin,2022,2025,5,20,Beginning Stocks,8,(1000 MT),20.0
2222000,"Oilseed, Soybean",DM,Benin,2022,2025,5,7,Crush,8,(1000 MT),60.0
2222000,"Oilseed, Soybean",DM,Benin,2022,2025,5,125,Domestic Consumption,8,(1000 MT),258.0
2222000,"Oilseed, Soybean",DM,Benin,2022,2025,5,176,Ending Stocks,8,(1000 MT),20.0
2222000,"Oilseed, Soybean",DM,Benin,2022,2025,5,88,Exports,8,(1000 MT),166.0
2222000,"Oilseed, Soybean",DM,Benin,2022,2025,5,161,Feed Waste Dom. Cons.,8,(1000 MT),148.0
2222000,"Oilseed, Soybean",DM,Benin,2022,2025,5,149,Food Use Dom. Cons.,8,(1000 MT),50.0
2222000,"Oilseed, Soybean",DM,Benin,2022,2025,5,57,Imports,8,(1000 MT),2.0
2222000,"Oilseed, Soybean",DM,Benin,2022,2025,5,28,Production,8,(1000 MT),422.0
2222000,"Oilseed, Soybean",DM,Benin,2022,2025,5,178,Total Distribution,8,(1000 MT),444.0
2222000,"Oilseed, Soybean",DM,Benin,2022,2025,5,86,Total Supply,8,(1000 MT),444.0
2222000,"Oilseed, Soybean",DM,Benin,2022,2025,5,184,Yield,26,(MT/HA),1.09
2222000,"Oilseed, Soybean",DM,Benin,2023,2025,5,4,Area Harvested,4,(1000 HA),519.0
2222000,"Oilseed, Soybean",DM,Benin,2023,2025,5,20,Beginning Stocks,8,(1000 MT),20.0
2222000,"Oilseed, Soybean",DM,Benin,2023,2025,5,7,Crush,8,(1000 MT),160.0
2222000,"Oilseed, Soybean",DM,Benin,2023,2025,5,125,Domestic Consumption,8,(1000 MT),-59.0
2222000,"Oilseed, Soybean",DM,Benin,2023,2025,5,176,Ending Stocks,8,(1000 MT),20.0
2222000,"Oilseed, Soybean",DM,Benin,2023,2025,5,88,Exports,8,(1000 MT),580.0
2222000,"Oilseed, Soybean",DM,Benin,2023,2025,5,161,Feed Waste Dom. Cons.,8,(1000 MT),-269.0
2222000,"Oilseed, Soybean",DM,Benin,2023,2025,5,149,Food Use Dom. Cons.,8,(1000 MT),50.0
2222000,"Oilseed, Soybean",DM,Benin,2023,2025,5,57,Imports,8,(1000 MT),0.0
2222000,"Oilseed, Soybean",DM,Benin,2023,2025,5,28,Production,8,(1000 MT),521.0
2222000,"Oilseed, Soybean",DM,Benin,2023,2025,5,178,Total Distribution,8,(1000 MT),541.0
2222000,"Oilseed, Soybean",DM,Benin,2023,2025,5,86,Total Supply,8,(1000 MT),541.0
2222000,"Oilseed, Soybean",DM,Benin,2023,2025,5,184,Yield,26,(MT/HA),1.0
2222000,"Oilseed, Soybean",DM,Benin,2024,2025,12,4,Area Harvested,4,(1000 HA),530.0
2222000,"Oilseed, Soybean",DM,Benin,2024,2025,12,20,Beginning Stocks,8,(1000 MT),20.0
2222000,"Oilseed, Soybean",DM,Benin,2024,2025,12,7,Crush,8,(1000 MT),300.0
2222000,"Oilseed, Soybean",DM,Benin,2024,2025,12,125,Domestic Consumption,8,(1000 MT),615.0
2222000,"Oilseed, Soybean",DM,Benin,2024,2025,12,176,Ending Stocks,8,(1000 MT),37.0
2222000,"Oilseed, Soybean",DM,Benin,2024,2025,12,88,Exports,8,(1000 MT),20.0
2222000,"Oilseed, Soybean",DM,Benin,2024,2025,12,161,Feed Waste Dom. Cons.,8,(1000 MT),265.0
2222000,"Oilseed, Soybean",DM,Benin,2024,2025,12,149,Food Use Dom. Cons.,8,(1000 MT),50.0
2222000,"Oilseed, Soybean",DM,Benin,2024,2025,12,57,Imports,8,(1000 MT),0.0
2222000,"Oilseed, Soybean",DM,Benin,2024,2025,12,28,Production,8,(1000 MT),652.0
2222000,"Oilseed, Soybean",DM,Benin,2024,2025,12,178,Total Distribution,8,(1000 MT),672.0
2222000,"Oilseed, Soybean",DM,Benin,2024,2025,12,86,Total Supply,8,(1000 MT),672.0
2222000,"Oilseed, Soybean",DM,Benin,2024,2025,12,184,Yield,26,(MT/HA),1.23
2222000,"Oilseed, Soybean",DM,Benin,2025,2026,3,4,Area Harvested,4,(1000 HA),550.0
2222000,"Oilseed, Soybean",DM,Benin,2025,2026,3,20,Beginning Stocks,8,(1000 MT),37.0
2222000,"Oilseed, Soybean",DM,Benin,2025,2026,3,7,Crush,8,(1000 MT),140.0
2222000,"Oilseed, Soybean",DM,Benin,2025,2026,3,125,Domestic Consumption,8,(1000 MT),300.0
2222000,"Oilseed, Soybean",DM,Benin,2025,2026,3,176,Ending Stocks,8,(1000 MT),37.0
2222000,"Oilseed, Soybean",DM,Benin,2025,2026,3,88,Exports,8,(1000 MT),400.0
2222000,"Oilseed, Soybean",DM,Benin,2025,2026,3,161,Feed Waste Dom. Cons.,8,(1000 MT),110.0
2222000,"Oilseed, Soybean",DM,Benin,2025,2026,3,149,Food Use Dom. Cons.,8,(1000 MT),50.0
2222000,"Oilseed, Soybean",DM,Benin,2025,2026,3,57,Imports,8,(1000 MT),0.0
2222000,"Oilseed, Soybean",DM,Benin,2025,2026,3,28,Production,8,(1000 MT),700.0
2222000,"Oilseed, Soybean",DM,Benin,2025,2026,3,178,Total Distribution,8,(1000 MT),737.0
2222000,"Oilseed, Soybean",DM,Benin,2025,2026,3,86,Total Supply,8,(1000 MT),737.0
2222000,"Oilseed, Soybean",DM,Benin,2025,2026,3,184,Yield,26,(MT/HA),1.27
2222000,"Oilseed, Soybean",BL,Bolivia,2022,2025,4,4,Area Harvested,4,(1000 HA),1824.0
2222000,"Oilseed, Soybean",BL,Bolivia,2022,2025,4,20,Beginning Stocks,8,(1000 MT),362.0
2222000,"Oilseed, Soybean",BL,Bolivia,2022,2025,4,7,Crush,8,(1000 MT),3300.0
2222000,"Oilseed, Soybean",BL,Bolivia,2022,2025,4,125,Domestic Consumption,8,(1000 MT),3475.0
2222000,"Oilseed, Soybean",BL,Bolivia,2022,2025,4,176,Ending Stocks,8,(1000 MT),88.0
2222000,"Oilseed, Soybean",BL,Bolivia,2022,2025,4,88,Exports,8,(1000 MT),473.0
2222000,"Oilseed, Soybean",BL,Bolivia,2022,2025,4,161,Feed Waste Dom. Cons.,8,(1000 MT),100.0
2222000,"Oilseed, Soybean",BL,Bolivia,2022,2025,4,149,Food Use Dom. Cons.,8,(1000 MT),75.0
2222000,"Oilseed, Soybean",BL,Bolivia,2022,2025,4,57,Imports,8,(1000 MT),4.0
2222000,"Oilseed, Soybean",BL,Bolivia,2022,2025,4,28,Production,8,(1000 MT),3670.0
2222000,"Oilseed, Soybean",BL,Bolivia,2022,2025,4,178,Total Distribution,8,(1000 MT),4036.0
2222000,"Oilseed, Soybean",BL,Bolivia,2022,2025,4,86,Total Supply,8,(1000 MT),4036.0
2222000,"Oilseed, Soybean",BL,Bolivia,2022,2025,4,184,Yield,26,(MT/HA),2.01
2222000,"Oilseed, Soybean",BL,Bolivia,2023,2025,9,4,Area Harvested,4,(1000 HA),1685.0
2222000,"Oilseed, Soybean",BL,Bolivia,2023,2025,9,20,Beginning Stocks,8,(1000 MT),88.0
2222000,"Oilseed, Soybean",BL,Bolivia,2023,2025,9,7,Crush,8,(1000 MT),2600.0
2222000,"Oilseed, Soybean",BL,Bolivia,2023,2025,9,125,Domestic Consumption,8,(1000 MT),2880.0
2222000,"Oilseed, Soybean",BL,Bolivia,2023,2025,9,176,Ending Stocks,8,(1000 MT),247.0
2222000,"Oilseed, Soybean",BL,Bolivia,2023,2025,9,88,Exports,8,(1000 MT),179.0
2222000,"Oilseed, Soybean",BL,Bolivia,2023,2025,9,161,Feed Waste Dom. Cons.,8,(1000 MT),200.0
2222000,"Oilseed, Soybean",BL,Bolivia,2023,2025,9,149,Food Use Dom. Cons.,8,(1000 MT),80.0
2222000,"Oilseed, Soybean",BL,Bolivia,2023,2025,9,57,Imports,8,(1000 MT),2.0
2222000,"Oilseed, Soybean",BL,Bolivia,2023,2025,9,28,Production,8,(1000 MT),3216.0
2222000,"Oilseed, Soybean",BL,Bolivia,2023,2025,9,178,Total Distribution,8,(1000 MT),3306.0
2222000,"Oilseed, Soybean",BL,Bolivia,2023,2025,9,86,Total Supply,8,(1000 MT),3306.0
2222000,"Oilseed, Soybean",BL,Bolivia,2023,2025,9,184,Yield,26,(MT/HA),1.91
2222000,"Oilseed, Soybean",BL,Bolivia,2024,2026,2,4,Area Harvested,4,(1000 HA),1875.0
2222000,"Oilseed, Soybean",BL,Bolivia,2024,2026,2,20,Beginning Stocks,8,(1000 MT),247.0
2222000,"Oilseed, Soybean",BL,Bolivia,2024,2026,2,7,Crush,8,(1000 MT),3225.0
2222000,"Oilseed, Soybean",BL,Bolivia,2024,2026,2,125,Domestic Consumption,8,(1000 MT),3605.0
2222000,"Oilseed, Soybean",BL,Bolivia,2024,2026,2,176,Ending Stocks,8,(1000 MT),272.0
2222000,"Oilseed, Soybean",BL,Bolivia,2024,2026,2,88,Exports,8,(1000 MT),75.0
2222000,"Oilseed, Soybean",BL,Bolivia,2024,2026,2,161,Feed Waste Dom. Cons.,8,(1000 MT),300.0
2222000,"Oilseed, Soybean",BL,Bolivia,2024,2026,2,149,Food Use Dom. Cons.,8,(1000 MT),80.0
2222000,"Oilseed, Soybean",BL,Bolivia,2024,2026,2,57,Imports,8,(1000 MT),5.0
2222000,"Oilseed, Soybean",BL,Bolivia,2024,2026,2,28,Production,8,(1000 MT),3700.0
2222000,"Oilseed, Soybean",BL,Bolivia,2024,2026,2,178,Total Distribution,8,(1000 MT),3952.0
2222000,"Oilseed, Soybean",BL,Bolivia,2024,2026,2,86,Total Supply,8,(1000 MT),3952.0
2222000,"Oilseed, Soybean",BL,Bolivia,2024,2026,2,184,Yield,26,(MT/HA),1.97
2222000,"Oilseed, Soybean",BL,Bolivia,2025,2026,3,4,Area Harvested,4,(1000 HA),1900.0
2222000,"Oilseed, Soybean",BL,Bolivia,2025,2026,3,20,Beginning Stocks,8,(1000 MT),272.0
2222000,"Oilseed, Soybean",BL,Bolivia,2025,2026,3,7,Crush,8,(1000 MT),3100.0
2222000,"Oilseed, Soybean",BL,Bolivia,2025,2026,3,125,Domestic Consumption,8,(1000 MT),3530.0
2222000,"Oilseed, Soybean",BL,Bolivia,2025,2026,3,176,Ending Stocks,8,(1000 MT),347.0
2222000,"Oilseed, Soybean",BL,Bolivia,2025,2026,3,88,Exports,8,(1000 MT),300.0
2222000,"Oilseed, Soybean",BL,Bolivia,2025,2026,3,161,Feed Waste Dom. Cons.,8,(1000 MT),350.0
2222000,"Oilseed, Soybean",BL,Bolivia,2025,2026,3,149,Food Use Dom. Cons.,8,(1000 MT),80.0
2222000,"Oilseed, Soybean",BL,Bolivia,2025,2026,3,57,Imports,8,(1000 MT),5.0
2222000,"Oilseed, Soybean",BL,Bolivia,2025,2026,3,28,Production,8,(1000 MT),3900.0
2222000,"Oilseed, Soybean",BL,Bolivia,2025,2026,3,178,Total Distribution,8,(1000 MT),4177.0
2222000,"Oilseed, Soybean",BL,Bolivia,2025,2026,3,86,Total Supply,8,(1000 MT),4177.0
2222000,"Oilseed, Soybean",BL,Bolivia,2025,2026,3,184,Yield,26,(MT/HA),2.05
2222000,"Oilseed, Soybean",BK,Bosnia and Herzegovina,2022,2025,4,4,Area Harvested,4,(1000 HA),5.0
2222000,"Oilseed, Soybean",BK,Bosnia and Herzegovina,2022,2025,4,20,Beginning Stocks,8,(1000 MT),0.0
2222000,"Oilseed, Soybean",BK,Bosnia and Herzegovina,2022,2025,4,7,Crush,8,(1000 MT),0.0
2222000,"Oilseed, Soybean",BK,Bosnia and Herzegovina,2022,2025,4,125,Domestic Consumption,8,(1000 MT),3.0
2222000,"Oilseed, Soybean",BK,Bosnia and Herzegovina,2022,2025,4,176,Ending Stocks,8,(1000 MT),0.0
2222000,"Oilseed, Soybean",BK,Bosnia and Herzegovina,2022,2025,4,88,Exports,8,(1000 MT),6.0
2222000,"Oilseed, Soybean",BK,Bosnia and Herzegovina,2022,2025,4,161,Feed Waste Dom. Cons.,8,(1000 MT),3.0
2222000,"Oilseed, Soybean",BK,Bosnia and Herzegovina,2022,2025,4,149,Food Use Dom. Cons.,8,(1000 MT),0.0
2222000,"Oilseed, Soybean",BK,Bosnia and Herzegovina,2022,2025,4,57,Imports,8,(1000 MT),2.0
2222000,"Oilseed, Soybean",BK,Bosnia and Herzegovina,2022,2025,4,28,Production,8,(1000 MT),7.0
2222000,"Oilseed, Soybean",BK,Bosnia and Herzegovina,2022,2025,4,178,Total Distribution,8,(1000 MT),9.0
2222000,"Oilseed, Soybean",BK,Bosnia and Herzegovina,2022,2025,4,86,Total Supply,8,(1000 MT),9.0
2222000,"Oilseed, Soybean",BK,Bosnia and Herzegovina,2022,2025,4,184,Yield,26,(MT/HA),1.4
2222000,"Oilseed, Soybean",BK,Bosnia and Herzegovina,2023,2025,4,4,Area Harvested,4,(1000 HA),5.0
2222000,"Oilseed, Soybean",BK,Bosnia and Herzegovina,2023,2025,4,20,Beginning Stocks,8,(1000 MT),0.0
2222000,"Oilseed, Soybean",BK,Bosnia and Herzegovina,2023,2025,4,7,Crush,8,(1000 MT),0.0
2222000,"Oilseed, Soybean",BK,Bosnia and Herzegovina,2023,2025,4,125,Domestic Consumption,8,(1000 MT),13.0
2222000,"Oilseed, Soybean",BK,Bosnia and Herzegovina,2023,2025,4,176,Ending Stocks,8,(1000 MT),0.0
2222000,"Oilseed, Soybean",BK,Bosnia and Herzegovina,2023,2025,4,88,Exports,8,(1000 MT),7.0
2222000,"Oilseed, Soybean",BK,Bosnia and Herzegovina,2023,2025,4,161,Feed Waste Dom. Cons.,8,(1000 MT),13.0
2222000,"Oilseed, Soybean",BK,Bosnia and Herzegovina,2023,2025,4,149,Food Use Dom. Cons.,8,(1000 MT),0.0
2222000,"Oilseed, Soybean",BK,Bosnia and Herzegovina,2023,2025,4,57,Imports,8,(1000 MT),13.0
2222000,"Oilseed, Soybean",BK,Bosnia and Herzegovina,2023,2025,4,28,Production,8,(1000 MT),7.0
2222000,"Oilseed, Soybean",BK,Bosnia and Herzegovina,2023,2025,4,178,Total Distribution,8,(1000 MT),20.0
2222000,"Oilseed, Soybean",BK,Bosnia and Herzegovina,2023,2025,4,86,Total Supply,8,(1000 MT),20.0
2222000,"Oilseed, Soybean",BK,Bosnia and Herzegovina,2023,2025,4,184,Yield,26,(MT/HA),1.4
2222000,"Oilseed, Soybean",BK,Bosnia and Herzegovina,2024,2025,4,4,Area Harvested,4,(1000 HA),5.0
2222000,"Oilseed, Soybean",BK,Bosnia and Herzegovina,2024,2025,4,20,Beginning Stocks,8,(1000 MT),0.0
2222000,"Oilseed, Soybean",BK,Bosnia and Herzegovina,2024,2025,4,7,Crush,8,(1000 MT),0.0
2222000,"Oilseed, Soybean",BK,Bosnia and Herzegovina,2024,2025,4,125,Domestic Consumption,8,(1000 MT),10.0
2222000,"Oilseed, Soybean",BK,Bosnia and Herzegovina,2024,2025,4,176,Ending Stocks,8,(1000 MT),0.0
2222000,"Oilseed, Soybean",BK,Bosnia and Herzegovina,2024,2025,4,88,Exports,8,(1000 MT),7.0
2222000,"Oilseed, Soybean",BK,Bosnia and Herzegovina,2024,2025,4,161,Feed Waste Dom. Cons.,8,(1000 MT),10.0
2222000,"Oilseed, Soybean",BK,Bosnia and Herzegovina,2024,2025,4,149,Food Use Dom. Cons.,8,(1000 MT),0.0
2222000,"Oilseed, Soybean",BK,Bosnia and Herzegovina,2024,2025,4,57,Imports,8,(1000 MT),10.0
2222000,"Oilseed, Soybean",BK,Bosnia and Herzegovina,2024,2025,4,28,Production,8,(1000 MT),7.0
2222000,"Oilseed, Soybean",BK,Bosnia and Herzegovina,2024,2025,4,178,Total Distribution,8,(1000 MT),17.0
2222000,"Oilseed, Soybean",BK,Bosnia and Herzegovina,2024,2025,4,86,Total Supply,8,(1000 MT),17.0
2222000,"Oilseed, Soybean",BK,Bosnia and Herzegovina,2024,2025,4,184,Yield,26,(MT/HA),1.4
2222000,"Oilseed, Soybean",BK,Bosnia and Herzegovina,2025,2026,3,4,Area Harvested,4,(1000 HA),5.0
2222000,"Oilseed, Soybean",BK,Bosnia and Herzegovina,2025,2026,3,20,Beginning Stocks,8,(1000 MT),0.0
2222000,"Oilseed, Soybean",BK,Bosnia and Herzegovina,2025,2026,3,7,Crush,8,(1000 MT),0.0
2222000,"Oilseed, Soybean",BK,Bosnia and Herzegovina,2025,2026,3,125,Domestic Consumption,8,(1000 MT),10.0
2222000,"Oilseed, Soybean",BK,Bosnia and Herzegovina,2025,2026,3,176,Ending Stocks,8,(1000 MT),0.0
2222000,"Oilseed, Soybean",BK,Bosnia and Herzegovina,2025,2026,3,88,Exports,8,(1000 MT),7.0
2222000,"Oilseed, Soybean",BK,Bosnia and Herzegovina,2025,2026,3,161,Feed Waste Dom. Cons.,8,(1000 MT),10.0
2222000,"Oilseed, Soybean",BK,Bosnia and Herzegovina,2025,2026,3,149,Food Use Dom. Cons.,8,(1000 MT),0.0
2222000,"Oilseed, Soybean",BK,Bosnia and Herzegovina,2025,2026,3,57,Imports,8,(1000 MT),10.0
2222000,"Oilseed, Soybean",BK,Bosnia and Herzegovina,2025,2026,3,28,Production,8,(1000 MT),7.0
2222000,"Oilseed, Soybean",BK,Bosnia and Herzegovina,2025,2026,3,178,Total Distribution,8,(1000 MT),17.0
2222000,"Oilseed, Soybean",BK,Bosnia and Herzegovina,2025,2026,3,86,Total Supply,8,(1000 MT),17.0
2222000,"Oilseed, Soybean",BK,Bosnia and Herzegovina,2025,2026,3,184,Yield,26,(MT/HA),1.4
2222000,"Oilseed, Soybean",BR,Brazil,2022,2025,11,4,Area Harvested,4,(1000 HA),44600.0
2222000,"Oilseed, Soybean",BR,Brazil,2022,2025,11,20,Beginning Stocks,8,(1000 MT),27386.0
2222000,"Oilseed, Soybean",BR,Brazil,2022,2025,11,7,Crush,8,(1000 MT),53409.0
2222000,"Oilseed, Soybean",BR,Brazil,2022,2025,11,125,Domestic Consumption,8,(1000 MT),57209.0
2222000,"Oilseed, Soybean",BR,Brazil,2022,2025,11,176,Ending Stocks,8,(1000 MT),36801.0
2222000,"Oilseed, Soybean",BR,Brazil,2022,2025,11,88,Exports,8,(1000 MT),95530.0
2222000,"Oilseed, Soybean",BR,Brazil,2022,2025,11,161,Feed Waste Dom. Cons.,8,(1000 MT),3800.0
2222000,"Oilseed, Soybean",BR,Brazil,2022,2025,11,149,Food Use Dom. Cons.,8,(1000 MT),0.0
2222000,"Oilseed, Soybean",BR,Brazil,2022,2025,11,57,Imports,8,(1000 MT),154.0
2222000,"Oilseed, Soybean",BR,Brazil,2022,2025,11,28,Production,8,(1000 MT),162000.0
2222000,"Oilseed, Soybean",BR,Brazil,2022,2025,11,178,Total Distribution,8,(1000 MT),189540.0
2222000,"Oilseed, Soybean",BR,Brazil,2022,2025,11,86,Total Supply,8,(1000 MT),189540.0
2222000,"Oilseed, Soybean",BR,Brazil,2022,2025,11,184,Yield,26,(MT/HA),3.63
2222000,"Oilseed, Soybean",BR,Brazil,2023,2025,11,4,Area Harvested,4,(1000 HA),46150.0
2222000,"Oilseed, Soybean",BR,Brazil,2023,2025,11,20,Beginning Stocks,8,(1000 MT),36801.0
2222000,"Oilseed, Soybean",BR,Brazil,2023,2025,11,7,Crush,8,(1000 MT),54405.0
2222000,"Oilseed, Soybean",BR,Brazil,2023,2025,11,125,Domestic Consumption,8,(1000 MT),58255.0
2222000,"Oilseed, Soybean",BR,Brazil,2023,2025,11,176,Ending Stocks,8,(1000 MT),29722.0
2222000,"Oilseed, Soybean",BR,Brazil,2023,2025,11,88,Exports,8,(1000 MT),104191.0
2222000,"Oilseed, Soybean",BR,Brazil,2023,2025,11,161,Feed Waste Dom. Cons.,8,(1000 MT),3850.0
2222000,"Oilseed, Soybean",BR,Brazil,2023,2025,11,149,Food Use Dom. Cons.,8,(1000 MT),0.0
2222000,"Oilseed, Soybean",BR,Brazil,2023,2025,11,57,Imports,8,(1000 MT),867.0
2222000,"Oilseed, Soybean",BR,Brazil,2023,2025,11,28,Production,8,(1000 MT),154500.0
2222000,"Oilseed, Soybean",BR,Brazil,2023,2025,11,178,Total Distribution,8,(1000 MT),192168.0
2222000,"Oilseed, Soybean",BR,Brazil,2023,2025,11,86,Total Supply,8,(1000 MT),192168.0
2222000,"Oilseed, Soybean",BR,Brazil,2023,2025,11,184,Yield,26,(MT/HA),3.35
2222000,"Oilseed, Soybean",BR,Brazil,2024,2026,1,4,Area Harvested,4,(1000 HA),47400.0
2222000,"Oilseed, Soybean",BR,Brazil,2024,2026,1,20,Beginning Stocks,8,(1000 MT),29722.0
2222000,"Oilseed, Soybean",BR,Brazil,2024,2026,1,7,Crush,8,(1000 MT),58000.0
2222000,"Oilseed, Soybean",BR,Brazil,2024,2026,1,125,Domestic Consumption,8,(1000 MT),62000.0
2222000,"Oilseed, Soybean",BR,Brazil,2024,2026,1,176,Ending Stocks,8,(1000 MT),36810.0
2222000,"Oilseed, Soybean",BR,Brazil,2024,2026,1,88,Exports,8,(1000 MT),103143.0
2222000,"Oilseed, Soybean",BR,Brazil,2024,2026,1,161,Feed Waste Dom. Cons.,8,(1000 MT),4000.0
2222000,"Oilseed, Soybean",BR,Brazil,2024,2026,1,149,Food Use Dom. Cons.,8,(1000 MT),0.0
2222000,"Oilseed, Soybean",BR,Brazil,2024,2026,1,57,Imports,8,(1000 MT),731.0
2222000,"Oilseed, Soybean",BR,Brazil,2024,2026,1,28,Production,8,(1000 MT),171500.0
2222000,"Oilseed, Soybean",BR,Brazil,2024,2026,1,178,Total Distribution,8,(1000 MT),201953.0
2222000,"Oilseed, Soybean",BR,Brazil,2024,2026,1,86,Total Supply,8,(1000 MT),201953.0
2222000,"Oilseed, Soybean",BR,Brazil,2024,2026,1,184,Yield,26,(MT/HA),3.62
2222000,"Oilseed, Soybean",BR,Brazil,2025,2026,3,4,Area Harvested,4,(1000 HA),49400.0
2222000,"Oilseed, Soybean",BR,Brazil,2025,2026,3,20,Beginning Stocks,8,(1000 MT),36810.0
2222000,"Oilseed, Soybean",BR,Brazil,2025,2026,3,7,Crush,8,(1000 MT),61000.0
2222000,"Oilseed, Soybean",BR,Brazil,2025,2026,3,125,Domestic Consumption,8,(1000 MT),65400.0
2222000,"Oilseed, Soybean",BR,Brazil,2025,2026,3,176,Ending Stocks,8,(1000 MT),37910.0
2222000,"Oilseed, Soybean",BR,Brazil,2025,2026,3,88,Exports,8,(1000 MT),114000.0
2222000,"Oilseed, Soybean",BR,Brazil,2025,2026,3,161,Feed Waste Dom. Cons.,8,(1000 MT),4400.0
2222000,"Oilseed, Soybean",BR,Brazil,2025,2026,3,149,Food Use Dom. Cons.,8,(1000 MT),0.0
2222000,"Oilseed, Soybean",BR,Brazil,2025,2026,3,57,Imports,8,(1000 MT),500.0
2222000,"Oilseed, Soybean",BR,Brazil,2025,2026,3,28,Production,8,(1000 MT),180000.0
2222000,"Oilseed, Soybean",BR,Brazil,2025,2026,3,178,Total Distribution,8,(1000 MT),217310.0
2222000,"Oilseed, Soybean",BR,Brazil,2025,2026,3,86,Total Supply,8,(1000 MT),217310.0
2222000,"Oilseed, Soybean",BR,Brazil,2025,2026,3,184,Yield,26,(MT/HA),3.64
2222000,"Oilseed, Soybean",BM,Burma,2022,2025,5,4,Area Harvested,4,(1000 HA),125.0
2222000,"Oilseed, Soybean",BM,Burma,2022,2025,5,20,Beginning Stocks,8,(1000 MT),0.0
2222000,"Oilseed, Soybean",BM,Burma,2022,2025,5,7,Crush,8,(1000 MT),0.0
2222000,"Oilseed, Soybean",BM,Burma,2022,2025,5,125,Domestic Consumption,8,(1000 MT),149.0
2222000,"Oilseed, Soybean",BM,Burma,2022,2025,5,176,Ending Stocks,8,(1000 MT),0.0
2222000,"Oilseed, Soybean",BM,Burma,2022,2025,5,88,Exports,8,(1000 MT),0.0
2222000,"Oilseed, Soybean",BM,Burma,2022,2025,5,161,Feed Waste Dom. Cons.,8,(1000 MT),19.0
2222000,"Oilseed, Soybean",BM,Burma,2022,2025,5,149,Food Use Dom. Cons.,8,(1000 MT),130.0
2222000,"Oilseed, Soybean",BM,Burma,2022,2025,5,57,Imports,8,(1000 MT),15.0
2222000,"Oilseed, Soybean",BM,Burma,2022,2025,5,28,Production,8,(1000 MT),134.0
2222000,"Oilseed, Soybean",BM,Burma,2022,2025,5,178,Total Distribution,8,(1000 MT),149.0
2222000,"Oilseed, Soybean",BM,Burma,2022,2025,5,86,Total Supply,8,(1000 MT),149.0
2222000,"Oilseed, Soybean",BM,Burma,2022,2025,5,184,Yield,26,(MT/HA),1.07
2222000,"Oilseed, Soybean",BM,Burma,2023,2025,5,4,Area Harvested,4,(1000 HA),120.0
2222000,"Oilseed, Soybean",BM,Burma,2023,2025,5,20,Beginning Stocks,8,(1000 MT),0.0
2222000,"Oilseed, Soybean",BM,Burma,2023,2025,5,7,Crush,8,(1000 MT),0.0
2222000,"Oilseed, Soybean",BM,Burma,2023,2025,5,125,Domestic Consumption,8,(1000 MT),132.0
2222000,"Oilseed, Soybean",BM,Burma,2023,2025,5,176,Ending Stocks,8,(1000 MT),0.0
2222000,"Oilseed, Soybean",BM,Burma,2023,2025,5,88,Exports,8,(1000 MT),12.0
2222000,"Oilseed, Soybean",BM,Burma,2023,2025,5,161,Feed Waste Dom. Cons.,8,(1000 MT),17.0
2222000,"Oilseed, Soybean",BM,Burma,2023,2025,5,149,Food Use Dom. Cons.,8,(1000 MT),115.0
2222000,"Oilseed, Soybean",BM,Burma,2023,2025,5,57,Imports,8,(1000 MT),8.0
2222000,"Oilseed, Soybean",BM,Burma,2023,2025,5,28,Production,8,(1000 MT),136.0
2222000,"Oilseed, Soybean",BM,Burma,2023,2025,5,178,Total Distribution,8,(1000 MT),144.0
2222000,"Oilseed, Soybean",BM,Burma,2023,2025,5,86,Total Supply,8,(1000 MT),144.0
2222000,"Oilseed, Soybean",BM,Burma,2023,2025,5,184,Yield,26,(MT/HA),1.13
2222000,"Oilseed, Soybean",BM,Burma,2024,2026,3,4,Area Harvested,4,(1000 HA),115.0
2222000,"Oilseed, Soybean",BM,Burma,2024,2026,3,20,Beginning Stocks,8,(1000 MT),0.0
2222000,"Oilseed, Soybean",BM,Burma,2024,2026,3,7,Crush,8,(1000 MT),0.0
2222000,"Oilseed, Soybean",BM,Burma,2024,2026,3,125,Domestic Consumption,8,(1000 MT),137.0
2222000,"Oilseed, Soybean",BM,Burma,2024,2026,3,176,Ending Stocks,8,(1000 MT),0.0
2222000,"Oilseed, Soybean",BM,Burma,2024,2026,3,88,Exports,8,(1000 MT),5.0
2222000,"Oilseed, Soybean",BM,Burma,2024,2026,3,161,Feed Waste Dom. Cons.,8,(1000 MT),17.0
2222000,"Oilseed, Soybean",BM,Burma,2024,2026,3,149,Food Use Dom. Cons.,8,(1000 MT),120.0
2222000,"Oilseed, Soybean",BM,Burma,2024,2026,3,57,Imports,8,(1000 MT),2.0
2222000,"Oilseed, Soybean",BM,Burma,2024,2026,3,28,Production,8,(1000 MT),140.0
2222000,"Oilseed, Soybean",BM,Burma,2024,2026,3,178,Total Distribution,8,(1000 MT),142.0
2222000,"Oilseed, Soybean",BM,Burma,2024,2026,3,86,Total Supply,8,(1000 MT),142.0
2222000,"Oilseed, Soybean",BM,Burma,2024,2026,3,184,Yield,26,(MT/HA),1.22
2222000,"Oilseed, Soybean",BM,Burma,2025,2026,3,4,Area Harvested,4,(1000 HA),115.0
2222000,"Oilseed, Soybean",BM,Burma,2025,2026,3,20,Beginning Stocks,8,(1000 MT),0.0
2222000,"Oilseed, Soybean",BM,Burma,2025,2026,3,7,Crush,8,(1000 MT),0.0
2222000,"Oilseed, Soybean",BM,Burma,2025,2026,3,125,Domestic Consumption,8,(1000 MT),140.0
2222000,"Oilseed, Soybean",BM,Burma,2025,2026,3,176,Ending Stocks,8,(1000 MT),0.0
2222000,"Oilseed, Soybean",BM,Burma,2025,2026,3,88,Exports,8,(1000 MT),10.0
2222000,"Oilseed, Soybean",BM,Burma,2025,2026,3,161,Feed Waste Dom. Cons.,8,(1000 MT),20.0
2222000,"Oilseed, Soybean",BM,Burma,2025,2026,3,149,Food Use Dom. Cons.,8,(1000 MT),120.0
2222000,"Oilseed, Soybean",BM,Burma,2025,2026,3,57,Imports,8,(1000 MT),10.0
2222000,"Oilseed, Soybean",BM,Burma,2025,2026,3,28,Production,8,(1000 MT),140.0
2222000,"Oilseed, Soybean",BM,Burma,2025,2026,3,178,Total Distribution,8,(1000 MT),150.0
2222000,"Oilseed, Soybean",BM,Burma,2025,2026,3,86,Total Supply,8,(1000 MT),150.0
2222000,"Oilseed, Soybean",BM,Burma,2025,2026,3,184,Yield,26,(MT/HA),1.22
2222000,"Oilseed, Soybean",CA,Canada,2022,2025,4,4,Area Harvested,4,(1000 HA),2118.0
2222000,"Oilseed, Soybean",CA,Canada,2022,2025,4,20,Beginning Stocks,8,(1000 MT),287.0
2222000,"Oilseed, Soybean",CA,Canada,2022,2025,4,7,Crush,8,(1000 MT),1768.0
2222000,"Oilseed, Soybean",CA,Canada,2022,2025,4,125,Domestic Consumption,8,(1000 MT),2718.0
2222000,"Oilseed, Soybean",CA,Canada,2022,2025,4,176,Ending Stocks,8,(1000 MT),372.0
2222000,"Oilseed, Soybean",CA,Canada,2022,2025,4,88,Exports,8,(1000 MT),4240.0
2222000,"Oilseed, Soybean",CA,Canada,2022,2025,4,161,Feed Waste Dom. Cons.,8,(1000 MT),950.0
2222000,"Oilseed, Soybean",CA,Canada,2022,2025,4,149,Food Use Dom. Cons.,8,(1000 MT),0.0
2222000,"Oilseed, Soybean",CA,Canada,2022,2025,4,57,Imports,8,(1000 MT),500.0
2222000,"Oilseed, Soybean",CA,Canada,2022,2025,4,28,Production,8,(1000 MT),6543.0
2222000,"Oilseed, Soybean",CA,Canada,2022,2025,4,178,Total Distribution,8,(1000 MT),7330.0
2222000,"Oilseed, Soybean",CA,Canada,2022,2025,4,86,Total Supply,8,(1000 MT),7330.0
2222000,"Oilseed, Soybean",CA,Canada,2022,2025,4,184,Yield,26,(MT/HA),3.09
2222000,"Oilseed, Soybean",CA,Canada,2023,2026,3,4,Area Harvested,4,(1000 HA),2261.0
2222000,"Oilseed, Soybean",CA,Canada,2023,2026,3,20,Beginning Stocks,8,(1000 MT),372.0
2222000,"Oilseed, Soybean",CA,Canada,2023,2026,3,7,Crush,8,(1000 MT),1652.0
2222000,"Oilseed, Soybean",CA,Canada,2023,2026,3,125,Domestic Consumption,8,(1000 MT),2329.0
2222000,"Oilseed, Soybean",CA,Canada,2023,2026,3,176,Ending Stocks,8,(1000 MT),563.0
2222000,"Oilseed, Soybean",CA,Canada,2023,2026,3,88,Exports,8,(1000 MT),4850.0
2222000,"Oilseed, Soybean",CA,Canada,2023,2026,3,161,Feed Waste Dom. Cons.,8,(1000 MT),677.0
2222000,"Oilseed, Soybean",CA,Canada,2023,2026,3,149,Food Use Dom. Cons.,8,(1000 MT),0.0
2222000,"Oilseed, Soybean",CA,Canada,2023,2026,3,57,Imports,8,(1000 MT),335.0
2222000,"Oilseed, Soybean",CA,Canada,2023,2026,3,28,Production,8,(1000 MT),7035.0
2222000,"Oilseed, Soybean",CA,Canada,2023,2026,3,178,Total Distribution,8,(1000 MT),7742.0
2222000,"Oilseed, Soybean",CA,Canada,2023,2026,3,86,Total Supply,8,(1000 MT),7742.0
2222000,"Oilseed, Soybean",CA,Canada,2023,2026,3,184,Yield,26,(MT/HA),3.11
2222000,"Oilseed, Soybean",CA,Canada,2024,2026,3,4,Area Harvested,4,(1000 HA),2290.0
2222000,"Oilseed, Soybean",CA,Canada,2024,2026,3,20,Beginning Stocks,8,(1000 MT),563.0
2222000,"Oilseed, Soybean",CA,Canada,2024,2026,3,7,Crush,8,(1000 MT),1650.0
2222000,"Oilseed, Soybean",CA,Canada,2024,2026,3,125,Domestic Consumption,8,(1000 MT),2438.0
2222000,"Oilseed, Soybean",CA,Canada,2024,2026,3,176,Ending Stocks,8,(1000 MT),532.0
2222000,"Oilseed, Soybean",CA,Canada,2024,2026,3,88,Exports,8,(1000 MT),5448.0
2222000,"Oilseed, Soybean",CA,Canada,2024,2026,3,161,Feed Waste Dom. Cons.,8,(1000 MT),788.0
2222000,"Oilseed, Soybean",CA,Canada,2024,2026,3,149,Food Use Dom. Cons.,8,(1000 MT),0.0
2222000,"Oilseed, Soybean",CA,Canada,2024,2026,3,57,Imports,8,(1000 MT),249.0
2222000,"Oilseed, Soybean",CA,Canada,2024,2026,3,28,Production,8,(1000 MT),7606.0
2222000,"Oilseed, Soybean",CA,Canada,2024,2026,3,178,Total Distribution,8,(1000 MT),8418.0
2222000,"Oilseed, Soybean",CA,Canada,2024,2026,3,86,Total Supply,8,(1000 MT),8418.0
2222000,"Oilseed, Soybean",CA,Canada,2024,2026,3,184,Yield,26,(MT/HA),3.32
2222000,"Oilseed, Soybean",CA,Canada,2025,2026,3,4,Area Harvested,4,(1000 HA),2321.0
2222000,"Oilseed, Soybean",CA,Canada,2025,2026,3,20,Beginning Stocks,8,(1000 MT),532.0
2222000,"Oilseed, Soybean",CA,Canada,2025,2026,3,7,Crush,8,(1000 MT),1400.0
2222000,"Oilseed, Soybean",CA,Canada,2025,2026,3,125,Domestic Consumption,8,(1000 MT),2100.0
2222000,"Oilseed, Soybean",CA,Canada,2025,2026,3,176,Ending Stocks,8,(1000 MT),485.0
2222000,"Oilseed, Soybean",CA,Canada,2025,2026,3,88,Exports,8,(1000 MT),5100.0
2222000,"Oilseed, Soybean",CA,Canada,2025,2026,3,161,Feed Waste Dom. Cons.,8,(1000 MT),700.0
2222000,"Oilseed, Soybean",CA,Canada,2025,2026,3,149,Food Use Dom. Cons.,8,(1000 MT),0.0
2222000,"Oilseed, Soybean",CA,Canada,2025,2026,3,57,Imports,8,(1000 MT),360.0
2222000,"Oilseed, Soybean",CA,Canada,2025,2026,3,28,Production,8,(1000 MT),6793.0
2222000,"Oilseed, Soybean",CA,Canada,2025,2026,3,178,Total Distribution,8,(1000 MT),7685.0
2222000,"Oilseed, Soybean",CA,Canada,2025,2026,3,86,Total Supply,8,(1000 MT),7685.0
2222000,"Oilseed, Soybean",CA,Canada,2025,2026,3,184,Yield,26,(MT/HA),2.93
2222000,"Oilseed, Soybean",CI,Chile,2022,2025,4,4,Area Harvested,4,(1000 HA),0.0
2222000,"Oilseed, Soybean",CI,Chile,2022,2025,4,20,Beginning Stocks,8,(1000 MT),5.0
2222000,"Oilseed, Soybean",CI,Chile,2022,2025,4,7,Crush,8,(1000 MT),65.0
2222000,"Oilseed, Soybean",CI,Chile,2022,2025,4,125,Domestic Consumption,8,(1000 MT),65.0
2222000,"Oilseed, Soybean",CI,Chile,2022,2025,4,176,Ending Stocks,8,(1000 MT),4.0
2222000,"Oilseed, Soybean",CI,Chile,2022,2025,4,88,Exports,8,(1000 MT),3.0
2222000,"Oilseed, Soybean",CI,Chile,2022,2025,4,161,Feed Waste Dom. Cons.,8,(1000 MT),0.0
2222000,"Oilseed, Soybean",CI,Chile,2022,2025,4,149,Food Use Dom. Cons.,8,(1000 MT),0.0
2222000,"Oilseed, Soybean",CI,Chile,2022,2025,4,57,Imports,8,(1000 MT),67.0
2222000,"Oilseed, Soybean",CI,Chile,2022,2025,4,28,Production,8,(1000 MT),0.0
2222000,"Oilseed, Soybean",CI,Chile,2022,2025,4,178,Total Distribution,8,(1000 MT),72.0
2222000,"Oilseed, Soybean",CI,Chile,2022,2025,4,86,Total Supply,8,(1000 MT),72.0
2222000,"Oilseed, Soybean",CI,Chile,2022,2025,4,184,Yield,26,(MT/HA),0.0
2222000,"Oilseed, Soybean",CI,Chile,2023,2025,4,4,Area Harvested,4,(1000 HA),0.0
2222000,"Oilseed, Soybean",CI,Chile,2023,2025,4,20,Beginning Stocks,8,(1000 MT),4.0
2222000,"Oilseed, Soybean",CI,Chile,2023,2025,4,7,Crush,8,(1000 MT),70.0
2222000,"Oilseed, Soybean",CI,Chile,2023,2025,4,125,Domestic Consumption,8,(1000 MT),70.0
2222000,"Oilseed, Soybean",CI,Chile,2023,2025,4,176,Ending Stocks,8,(1000 MT),2.0
2222000,"Oilseed, Soybean",CI,Chile,2023,2025,4,88,Exports,8,(1000 MT),3.0
2222000,"Oilseed, Soybean",CI,Chile,2023,2025,4,161,Feed Waste Dom. Cons.,8,(1000 MT),0.0
2222000,"Oilseed, Soybean",CI,Chile,2023,2025,4,149,Food Use Dom. Cons.,8,(1000 MT),0.0
2222000,"Oilseed, Soybean",CI,Chile,2023,2025,4,57,Imports,8,(1000 MT),71.0
2222000,"Oilseed, Soybean",CI,Chile,2023,2025,4,28,Production,8,(1000 MT),0.0
2222000,"Oilseed, Soybean",CI,Chile,2023,2025,4,178,Total Distribution,8,(1000 MT),75.0
2222000,"Oilseed, Soybean",CI,Chile,2023,2025,4,86,Total Supply,8,(1000 MT),75.0
2222000,"Oilseed, Soybean",CI,Chile,2023,2025,4,184,Yield,26,(MT/HA),0.0
2222000,"Oilseed, Soybean",CI,Chile,2024,2025,11,4,Area Harvested,4,(1000 HA),0.0
2222000,"Oilseed, Soybean",CI,Chile,2024,2025,11,20,Beginning Stocks,8,(1000 MT),2.0
2222000,"Oilseed, Soybean",CI,Chile,2024,2025,11,7,Crush,8,(1000 MT),90.0
2222000,"Oilseed, Soybean",CI,Chile,2024,2025,11,125,Domestic Consumption,8,(1000 MT),90.0
2222000,"Oilseed, Soybean",CI,Chile,2024,2025,11,176,Ending Stocks,8,(1000 MT),2.0
2222000,"Oilseed, Soybean",CI,Chile,2024,2025,11,88,Exports,8,(1000 MT),1.0
2222000,"Oilseed, Soybean",CI,Chile,2024,2025,11,161,Feed Waste Dom. Cons.,8,(1000 MT),0.0
2222000,"Oilseed, Soybean",CI,Chile,2024,2025,11,149,Food Use Dom. Cons.,8,(1000 MT),0.0
2222000,"Oilseed, Soybean",CI,Chile,2024,2025,11,57,Imports,8,(1000 MT),91.0
2222000,"Oilseed, Soybean",CI,Chile,2024,2025,11,28,Production,8,(1000 MT),0.0
2222000,"Oilseed, Soybean",CI,Chile,2024,2025,11,178,Total Distribution,8,(1000 MT),93.0
2222000,"Oilseed, Soybean",CI,Chile,2024,2025,11,86,Total Supply,8,(1000 MT),93.0
2222000,"Oilseed, Soybean",CI,Chile,2024,2025,11,184,Yield,26,(MT/HA),0.0
2222000,"Oilseed, Soybean",CI,Chile,2025,2026,3,4,Area Harvested,4,(1000 HA),0.0
2222000,"Oilseed, Soybean",CI,Chile,2025,2026,3,20,Beginning Stocks,8,(1000 MT),2.0
2222000,"Oilseed, Soybean",CI,Chile,2025,2026,3,7,Crush,8,(1000 MT),95.0
2222000,"Oilseed, Soybean",CI,Chile,2025,2026,3,125,Domestic Consumption,8,(1000 MT),95.0
2222000,"Oilseed, Soybean",CI,Chile,2025,2026,3,176,Ending Stocks,8,(1000 MT),5.0
2222000,"Oilseed, Soybean",CI,Chile,2025,2026,3,88,Exports,8,(1000 MT),2.0
2222000,"Oilseed, Soybean",CI,Chile,2025,2026,3,161,Feed Waste Dom. Cons.,8,(1000 MT),0.0
2222000,"Oilseed, Soybean",CI,Chile,2025,2026,3,149,Food Use Dom. Cons.,8,(1000 MT),0.0
2222000,"Oilseed, Soybean",CI,Chile,2025,2026,3,57,Imports,8,(1000 MT),100.0
2222000,"Oilseed, Soybean",CI,Chile,2025,2026,3,28,Production,8,(1000 MT),0.0
2222000,"Oilseed, Soybean",CI,Chile,2025,2026,3,178,Total Distribution,8,(1000 MT),102.0
2222000,"Oilseed, Soybean",CI,Chile,2025,2026,3,86,Total Supply,8,(1000 MT),102.0
2222000,"Oilseed, Soybean",CI,Chile,2025,2026,3,184,Yield,26,(MT/HA),0.0
2222000,"Oilseed, Soybean",CH,China,2022,2025,4,4,Area Harvested,4,(1000 HA),10244.0
2222000,"Oilseed, Soybean",CH,China,2022,2025,4,20,Beginning Stocks,8,(1000 MT),25146.0
2222000,"Oilseed, Soybean",CH,China,2022,2025,4,7,Crush,8,(1000 MT),96000.0
2222000,"Oilseed, Soybean",CH,China,2022,2025,4,125,Domestic Consumption,8,(1000 MT),117500.0
2222000,"Oilseed, Soybean",CH,China,2022,2025,4,176,Ending Stocks,8,(1000 MT),32340.0
2222000,"Oilseed, Soybean",CH,China,2022,2025,4,88,Exports,8,(1000 MT),90.0
2222000,"Oilseed, Soybean",CH,China,2022,2025,4,161,Feed Waste Dom. Cons.,8,(1000 MT),5500.0
2222000,"Oilseed, Soybean",CH,China,2022,2025,4,149,Food Use Dom. Cons.,8,(1000 MT),16000.0
2222000,"Oilseed, Soybean",CH,China,2022,2025,4,57,Imports,8,(1000 MT),104500.0
2222000,"Oilseed, Soybean",CH,China,2022,2025,4,28,Production,8,(1000 MT),20284.0
2222000,"Oilseed, Soybean",CH,China,2022,2025,4,178,Total Distribution,8,(1000 MT),149930.0
2222000,"Oilseed, Soybean",CH,China,2022,2025,4,86,Total Supply,8,(1000 MT),149930.0
2222000,"Oilseed, Soybean",CH,China,2022,2025,4,184,Yield,26,(MT/HA),1.98
2222000,"Oilseed, Soybean",CH,China,2023,2025,4,4,Area Harvested,4,(1000 HA),10470.0
2222000,"Oilseed, Soybean",CH,China,2023,2025,4,20,Beginning Stocks,8,(1000 MT),32340.0
2222000,"Oilseed, Soybean",CH,China,2023,2025,4,7,Crush,8,(1000 MT),99000.0
2222000,"Oilseed, Soybean",CH,China,2023,2025,4,125,Domestic Consumption,8,(1000 MT),121800.0
2222000,"Oilseed, Soybean",CH,China,2023,2025,4,176,Ending Stocks,8,(1000 MT),43310.0
2222000,"Oilseed, Soybean",CH,China,2023,2025,4,88,Exports,8,(1000 MT),70.0
2222000,"Oilseed, Soybean",CH,China,2023,2025,4,161,Feed Waste Dom. Cons.,8,(1000 MT),6000.0
2222000,"Oilseed, Soybean",CH,China,2023,2025,4,149,Food Use Dom. Cons.,8,(1000 MT),16800.0
2222000,"Oilseed, Soybean",CH,China,2023,2025,4,57,Imports,8,(1000 MT),112000.0
2222000,"Oilseed, Soybean",CH,China,2023,2025,4,28,Production,8,(1000 MT),20840.0
2222000,"Oilseed, Soybean",CH,China,2023,2025,4,178,Total Distribution,8,(1000 MT),165180.0
2222000,"Oilseed, Soybean",CH,China,2023,2025,4,86,Total Supply,8,(1000 MT),165180.0
2222000,"Oilseed, Soybean",CH,China,2023,2025,4,184,Yield,26,(MT/HA),1.99
2222000,"Oilseed, Soybean",CH,China,2024,2025,11,4,Area Harvested,4,(1000 HA),10333.0
2222000,"Oilseed, Soybean",CH,China,2024,2025,11,20,Beginning Stocks,8,(1000 MT),43310.0
2222000,"Oilseed, Soybean",CH,China,2024,2025,11,7,Crush,8,(1000 MT),103500.0
2222000,"Oilseed, Soybean",CH,China,2024,2025,11,125,Domestic Consumption,8,(1000 MT),127400.0
2222000,"Oilseed, Soybean",CH,China,2024,2025,11,176,Ending Stocks,8,(1000 MT),44488.0
2222000,"Oilseed, Soybean",CH,China,2024,2025,11,88,Exports,8,(1000 MT),72.0
2222000,"Oilseed, Soybean",CH,China,2024,2025,11,161,Feed Waste Dom. Cons.,8,(1000 MT),6300.0
2222000,"Oilseed, Soybean",CH,China,2024,2025,11,149,Food Use Dom. Cons.,8,(1000 MT),17600.0
2222000,"Oilseed, Soybean",CH,China,2024,2025,11,57,Imports,8,(1000 MT),108000.0
2222000,"Oilseed, Soybean",CH,China,2024,2025,11,28,Production,8,(1000 MT),20650.0
2222000,"Oilseed, Soybean",CH,China,2024,2025,11,178,Total Distribution,8,(1000 MT),171960.0
2222000,"Oilseed, Soybean",CH,China,2024,2025,11,86,Total Supply,8,(1000 MT),171960.0
2222000,"Oilseed, Soybean",CH,China,2024,2025,11,184,Yield,26,(MT/HA),2.0
2222000,"Oilseed, Soybean",CH,China,2025,2026,3,4,Area Harvested,4,(1000 HA),10300.0
2222000,"Oilseed, Soybean",CH,China,2025,2026,3,20,Beginning Stocks,8,(1000 MT),44488.0
2222000,"Oilseed, Soybean",CH,China,2025,2026,3,7,Crush,8,(1000 MT),108000.0
2222000,"Oilseed, Soybean",CH,China,2025,2026,3,125,Domestic Consumption,8,(1000 MT),132900.0
2222000,"Oilseed, Soybean",CH,China,2025,2026,3,176,Ending Stocks,8,(1000 MT),44388.0
2222000,"Oilseed, Soybean",CH,China,2025,2026,3,88,Exports,8,(1000 MT),100.0
2222000,"Oilseed, Soybean",CH,China,2025,2026,3,161,Feed Waste Dom. Cons.,8,(1000 MT),6500.0
2222000,"Oilseed, Soybean",CH,China,2025,2026,3,149,Food Use Dom. Cons.,8,(1000 MT),18400.0
2222000,"Oilseed, Soybean",CH,China,2025,2026,3,57,Imports,8,(1000 MT),112000.0
2222000,"Oilseed, Soybean",CH,China,2025,2026,3,28,Production,8,(1000 MT),20900.0
2222000,"Oilseed, Soybean",CH,China,2025,2026,3,178,Total Distribution,8,(1000 MT),177388.0
2222000,"Oilseed, Soybean",CH,China,2025,2026,3,86,Total Supply,8,(1000 MT),177388.0
2222000,"Oilseed, Soybean",CH,China,2025,2026,3,184,Yield,26,(MT/HA),2.03
2222000,"Oilseed, Soybean",CO,Colombia,2022,2025,12,4,Area Harvested,4,(1000 HA),55.0
2222000,"Oilseed, Soybean",CO,Colombia,2022,2025,12,20,Beginning Stocks,8,(1000 MT),133.0
2222000,"Oilseed, Soybean",CO,Colombia,2022,2025,12,7,Crush,8,(1000 MT),450.0
2222000,"Oilseed, Soybean",CO,Colombia,2022,2025,12,125,Domestic Consumption,8,(1000 MT),560.0
2222000,"Oilseed, Soybean",CO,Colombia,2022,2025,12,176,Ending Stocks,8,(1000 MT),159.0
2222000,"Oilseed, Soybean",CO,Colombia,2022,2025,12,88,Exports,8,(1000 MT),0.0
2222000,"Oilseed, Soybean",CO,Colombia,2022,2025,12,161,Feed Waste Dom. Cons.,8,(1000 MT),110.0
2222000,"Oilseed, Soybean",CO,Colombia,2022,2025,12,149,Food Use Dom. Cons.,8,(1000 MT),0.0
2222000,"Oilseed, Soybean",CO,Colombia,2022,2025,12,57,Imports,8,(1000 MT),444.0
2222000,"Oilseed, Soybean",CO,Colombia,2022,2025,12,28,Production,8,(1000 MT),142.0
2222000,"Oilseed, Soybean",CO,Colombia,2022,2025,12,178,Total Distribution,8,(1000 MT),719.0
2222000,"Oilseed, Soybean",CO,Colombia,2022,2025,12,86,Total Supply,8,(1000 MT),719.0
2222000,"Oilseed, Soybean",CO,Colombia,2022,2025,12,184,Yield,26,(MT/HA),2.58
2222000,"Oilseed, Soybean",CO,Colombia,2023,2025,12,4,Area Harvested,4,(1000 HA),40.0
2222000,"Oilseed, Soybean",CO,Colombia,2023,2025,12,20,Beginning Stocks,8,(1000 MT),159.0
2222000,"Oilseed, Soybean",CO,Colombia,2023,2025,12,7,Crush,8,(1000 MT),530.0
2222000,"Oilseed, Soybean",CO,Colombia,2023,2025,12,125,Domestic Consumption,8,(1000 MT),630.0
2222000,"Oilseed, Soybean",CO,Colombia,2023,2025,12,176,Ending Stocks,8,(1000 MT),86.0
2222000,"Oilseed, Soybean",CO,Colombia,2023,2025,12,88,Exports,8,(1000 MT),0.0
2222000,"Oilseed, Soybean",CO,Colombia,2023,2025,12,161,Feed Waste Dom. Cons.,8,(1000 MT),100.0
2222000,"Oilseed, Soybean",CO,Colombia,2023,2025,12,149,Food Use Dom. Cons.,8,(1000 MT),0.0
2222000,"Oilseed, Soybean",CO,Colombia,2023,2025,12,57,Imports,8,(1000 MT),447.0
2222000,"Oilseed, Soybean",CO,Colombia,2023,2025,12,28,Production,8,(1000 MT),110.0
2222000,"Oilseed, Soybean",CO,Colombia,2023,2025,12,178,Total Distribution,8,(1000 MT),716.0
2222000,"Oilseed, Soybean",CO,Colombia,2023,2025,12,86,Total Supply,8,(1000 MT),716.0
2222000,"Oilseed, Soybean",CO,Colombia,2023,2025,12,184,Yield,26,(MT/HA),2.75
2222000,"Oilseed, Soybean",CO,Colombia,2024,2025,12,4,Area Harvested,4,(1000 HA),40.0
2222000,"Oilseed, Soybean",CO,Colombia,2024,2025,12,20,Beginning Stocks,8,(1000 MT),86.0
2222000,"Oilseed, Soybean",CO,Colombia,2024,2025,12,7,Crush,8,(1000 MT),530.0
2222000,"Oilseed, Soybean",CO,Colombia,2024,2025,12,125,Domestic Consumption,8,(1000 MT),630.0
2222000,"Oilseed, Soybean",CO,Colombia,2024,2025,12,176,Ending Stocks,8,(1000 MT),131.0
2222000,"Oilseed, Soybean",CO,Colombia,2024,2025,12,88,Exports,8,(1000 MT),1.0
2222000,"Oilseed, Soybean",CO,Colombia,2024,2025,12,161,Feed Waste Dom. Cons.,8,(1000 MT),100.0
2222000,"Oilseed, Soybean",CO,Colombia,2024,2025,12,149,Food Use Dom. Cons.,8,(1000 MT),0.0
2222000,"Oilseed, Soybean",CO,Colombia,2024,2025,12,57,Imports,8,(1000 MT),561.0
2222000,"Oilseed, Soybean",CO,Colombia,2024,2025,12,28,Production,8,(1000 MT),115.0
2222000,"Oilseed, Soybean",CO,Colombia,2024,2025,12,178,Total Distribution,8,(1000 MT),762.0
2222000,"Oilseed, Soybean",CO,Colombia,2024,2025,12,86,Total Supply,8,(1000 MT),762.0
2222000,"Oilseed, Soybean",CO,Colombia,2024,2025,12,184,Yield,26,(MT/HA),2.88
2222000,"Oilseed, Soybean",CO,Colombia,2025,2026,3,4,Area Harvested,4,(1000 HA),50.0
2222000,"Oilseed, Soybean",CO,Colombia,2025,2026,3,20,Beginning Stocks,8,(1000 MT),131.0
2222000,"Oilseed, Soybean",CO,Colombia,2025,2026,3,7,Crush,8,(1000 MT),530.0
2222000,"Oilseed, Soybean",CO,Colombia,2025,2026,3,125,Domestic Consumption,8,(1000 MT),630.0
2222000,"Oilseed, Soybean",CO,Colombia,2025,2026,3,176,Ending Stocks,8,(1000 MT),166.0
2222000,"Oilseed, Soybean",CO,Colombia,2025,2026,3,88,Exports,8,(1000 MT),0.0
2222000,"Oilseed, Soybean",CO,Colombia,2025,2026,3,161,Feed Waste Dom. Cons.,8,(1000 MT),100.0
2222000,"Oilseed, Soybean",CO,Colombia,2025,2026,3,149,Food Use Dom. Cons.,8,(1000 MT),0.0
2222000,"Oilseed, Soybean",CO,Colombia,2025,2026,3,57,Imports,8,(1000 MT),530.0
2222000,"Oilseed, Soybean",CO,Colombia,2025,2026,3,28,Production,8,(1000 MT),135.0
2222000,"Oilseed, Soybean",CO,Colombia,2025,2026,3,178,Total Distribution,8,(1000 MT),796.0
2222000,"Oilseed, Soybean",CO,Colombia,2025,2026,3,86,Total Supply,8,(1000 MT),796.0
2222000,"Oilseed, Soybean",CO,Colombia,2025,2026,3,184,Yield,26,(MT/HA),2.7
2222000,"Oilseed, Soybean",CS,Costa Rica,2022,2025,4,4,Area Harvested,4,(1000 HA),0.0
2222000,"Oilseed, Soybean",CS,Costa Rica,2022,2025,4,20,Beginning Stocks,8,(1000 MT),9.0
2222000,"Oilseed, Soybean",CS,Costa Rica,2022,2025,4,7,Crush,8,(1000 MT),250.0
2222000,"Oilseed, Soybean",CS,Costa Rica,2022,2025,4,125,Domestic Consumption,8,(1000 MT),255.0
2222000,"Oilseed, Soybean",CS,Costa Rica,2022,2025,4,176,Ending Stocks,8,(1000 MT),20.0
2222000,"Oilseed, Soybean",CS,Costa Rica,2022,2025,4,88,Exports,8,(1000 MT),0.0
2222000,"Oilseed, Soybean",CS,Costa Rica,2022,2025,4,161,Feed Waste Dom. Cons.,8,(1000 MT),0.0
2222000,"Oilseed, Soybean",CS,Costa Rica,2022,2025,4,149,Food Use Dom. Cons.,8,(1000 MT),5.0
2222000,"Oilseed, Soybean",CS,Costa Rica,2022,2025,4,57,Imports,8,(1000 MT),266.0
2222000,"Oilseed, Soybean",CS,Costa Rica,2022,2025,4,28,Production,8,(1000 MT),0.0
2222000,"Oilseed, Soybean",CS,Costa Rica,2022,2025,4,178,Total Distribution,8,(1000 MT),275.0
2222000,"Oilseed, Soybean",CS,Costa Rica,2022,2025,4,86,Total Supply,8,(1000 MT),275.0
2222000,"Oilseed, Soybean",CS,Costa Rica,2022,2025,4,184,Yield,26,(MT/HA),0.0
2222000,"Oilseed, Soybean",CS,Costa Rica,2023,2025,4,4,Area Harvested,4,(1000 HA),0.0
2222000,"Oilseed, Soybean",CS,Costa Rica,2023,2025,4,20,Beginning Stocks,8,(1000 MT),20.0
2222000,"Oilseed, Soybean",CS,Costa Rica,2023,2025,4,7,Crush,8,(1000 MT),250.0
2222000,"Oilseed, Soybean",CS,Costa Rica,2023,2025,4,125,Domestic Consumption,8,(1000 MT),255.0
2222000,"Oilseed, Soybean",CS,Costa Rica,2023,2025,4,176,Ending Stocks,8,(1000 MT),21.0
2222000,"Oilseed, Soybean",CS,Costa Rica,2023,2025,4,88,Exports,8,(1000 MT),0.0
2222000,"Oilseed, Soybean",CS,Costa Rica,2023,2025,4,161,Feed Waste Dom. Cons.,8,(1000 MT),0.0
2222000,"Oilseed, Soybean",CS,Costa Rica,2023,2025,4,149,Food Use Dom. Cons.,8,(1000 MT),5.0
2222000,"Oilseed, Soybean",CS,Costa Rica,2023,2025,4,57,Imports,8,(1000 MT),256.0
2222000,"Oilseed, Soybean",CS,Costa Rica,2023,2025,4,28,Production,8,(1000 MT),0.0
2222000,"Oilseed, Soybean",CS,Costa Rica,2023,2025,4,178,Total Distribution,8,(1000 MT),276.0
2222000,"Oilseed, Soybean",CS,Costa Rica,2023,2025,4,86,Total Supply,8,(1000 MT),276.0
2222000,"Oilseed, Soybean",CS,Costa Rica,2023,2025,4,184,Yield,26,(MT/HA),0.0
2222000,"Oilseed, Soybean",CS,Costa Rica,2024,2025,12,4,Area Harvested,4,(1000 HA),0.0
2222000,"Oilseed, Soybean",CS,Costa Rica,2024,2025,12,20,Beginning Stocks,8,(1000 MT),21.0
2222000,"Oilseed, Soybean",CS,Costa Rica,2024,2025,12,7,Crush,8,(1000 MT),270.0
2222000,"Oilseed, Soybean",CS,Costa Rica,2024,2025,12,125,Domestic Consumption,8,(1000 MT),275.0
2222000,"Oilseed, Soybean",CS,Costa Rica,2024,2025,12,176,Ending Stocks,8,(1000 MT),27.0
2222000,"Oilseed, Soybean",CS,Costa Rica,2024,2025,12,88,Exports,8,(1000 MT),0.0
2222000,"Oilseed, Soybean",CS,Costa Rica,2024,2025,12,161,Feed Waste Dom. Cons.,8,(1000 MT),0.0
2222000,"Oilseed, Soybean",CS,Costa Rica,2024,2025,12,149,Food Use Dom. Cons.,8,(1000 MT),5.0
2222000,"Oilseed, Soybean",CS,Costa Rica,2024,2025,12,57,Imports,8,(1000 MT),281.0
2222000,"Oilseed, Soybean",CS,Costa Rica,2024,2025,12,28,Production,8,(1000 MT),0.0
2222000,"Oilseed, Soybean",CS,Costa Rica,2024,2025,12,178,Total Distribution,8,(1000 MT),302.0
2222000,"Oilseed, Soybean",CS,Costa Rica,2024,2025,12,86,Total Supply,8,(1000 MT),302.0
2222000,"Oilseed, Soybean",CS,Costa Rica,2024,2025,12,184,Yield,26,(MT/HA),0.0
2222000,"Oilseed, Soybean",CS,Costa Rica,2025,2026,3,4,Area Harvested,4,(1000 HA),0.0
2222000,"Oilseed, Soybean",CS,Costa Rica,2025,2026,3,20,Beginning Stocks,8,(1000 MT),27.0
2222000,"Oilseed, Soybean",CS,Costa Rica,2025,2026,3,7,Crush,8,(1000 MT),270.0
2222000,"Oilseed, Soybean",CS,Costa Rica,2025,2026,3,125,Domestic Consumption,8,(1000 MT),275.0
2222000,"Oilseed, Soybean",CS,Costa Rica,2025,2026,3,176,Ending Stocks,8,(1000 MT),32.0
2222000,"Oilseed, Soybean",CS,Costa Rica,2025,2026,3,88,Exports,8,(1000 MT),0.0
2222000,"Oilseed, Soybean",CS,Costa Rica,2025,2026,3,161,Feed Waste Dom. Cons.,8,(1000 MT),0.0
2222000,"Oilseed, Soybean",CS,Costa Rica,2025,2026,3,149,Food Use Dom. Cons.,8,(1000 MT),5.0
2222000,"Oilseed, Soybean",CS,Costa Rica,2025,2026,3,57,Imports,8,(1000 MT),280.0
2222000,"Oilseed, Soybean",CS,Costa Rica,2025,2026,3,28,Production,8,(1000 MT),0.0
2222000,"Oilseed, Soybean",CS,Costa Rica,2025,2026,3,178,Total Distribution,8,(1000 MT),307.0
2222000,"Oilseed, Soybean",CS,Costa Rica,2025,2026,3,86,Total Supply,8,(1000 MT),307.0
2222000,"Oilseed, Soybean",CS,Costa Rica,2025,2026,3,184,Yield,26,(MT/HA),0.0
2222000,"Oilseed, Soybean",CU,Cuba,2022,2025,4,4,Area Harvested,4,(1000 HA),0.0
2222000,"Oilseed, Soybean",CU,Cuba,2022,2025,4,20,Beginning Stocks,8,(1000 MT),0.0
2222000,"Oilseed, Soybean",CU,Cuba,2022,2025,4,7,Crush,8,(1000 MT),7.0
2222000,"Oilseed, Soybean",CU,Cuba,2022,2025,4,125,Domestic Consumption,8,(1000 MT),7.0
2222000,"Oilseed, Soybean",CU,Cuba,2022,2025,4,176,Ending Stocks,8,(1000 MT),0.0
2222000,"Oilseed, Soybean",CU,Cuba,2022,2025,4,88,Exports,8,(1000 MT),0.0
2222000,"Oilseed, Soybean",CU,Cuba,2022,2025,4,161,Feed Waste Dom. Cons.,8,(1000 MT),0.0
2222000,"Oilseed, Soybean",CU,Cuba,2022,2025,4,149,Food Use Dom. Cons.,8,(1000 MT),0.0
2222000,"Oilseed, Soybean",CU,Cuba,2022,2025,4,57,Imports,8,(1000 MT),7.0
2222000,"Oilseed, Soybean",CU,Cuba,2022,2025,4,28,Production,8,(1000 MT),0.0
2222000,"Oilseed, Soybean",CU,Cuba,2022,2025,4,178,Total Distribution,8,(1000 MT),7.0
2222000,"Oilseed, Soybean",CU,Cuba,2022,2025,4,86,Total Supply,8,(1000 MT),7.0
2222000,"Oilseed, Soybean",CU,Cuba,2022,2025,4,184,Yield,26,(MT/HA),0.0
2222000,"Oilseed, Soybean",CU,Cuba,2023,2025,7,4,Area Harvested,4,(1000 HA),0.0
2222000,"Oilseed, Soybean",CU,Cuba,2023,2025,7,20,Beginning Stocks,8,(1000 MT),0.0
2222000,"Oilseed, Soybean",CU,Cuba,2023,2025,7,7,Crush,8,(1000 MT),13.0
2222000,"Oilseed, Soybean",CU,Cuba,2023,2025,7,125,Domestic Consumption,8,(1000 MT),13.0
2222000,"Oilseed, Soybean",CU,Cuba,2023,2025,7,176,Ending Stocks,8,(1000 MT),0.0
2222000,"Oilseed, Soybean",CU,Cuba,2023,2025,7,88,Exports,8,(1000 MT),0.0
2222000,"Oilseed, Soybean",CU,Cuba,2023,2025,7,161,Feed Waste Dom. Cons.,8,(1000 MT),0.0
2222000,"Oilseed, Soybean",CU,Cuba,2023,2025,7,149,Food Use Dom. Cons.,8,(1000 MT),0.0
2222000,"Oilseed, Soybean",CU,Cuba,2023,2025,7,57,Imports,8,(1000 MT),13.0
2222000,"Oilseed, Soybean",CU,Cuba,2023,2025,7,28,Production,8,(1000 MT),0.0
2222000,"Oilseed, Soybean",CU,Cuba,2023,2025,7,178,Total Distribution,8,(1000 MT),13.0
2222000,"Oilseed, Soybean",CU,Cuba,2023,2025,7,86,Total Supply,8,(1000 MT),13.0
2222000,"Oilseed, Soybean",CU,Cuba,2023,2025,7,184,Yield,26,(MT/HA),0.0
2222000,"Oilseed, Soybean",CU,Cuba,2024,2025,4,4,Area Harvested,4,(1000 HA),0.0
2222000,"Oilseed, Soybean",CU,Cuba,2024,2025,4,20,Beginning Stocks,8,(1000 MT),0.0
2222000,"Oilseed, Soybean",CU,Cuba,2024,2025,4,7,Crush,8,(1000 MT),15.0
2222000,"Oilseed, Soybean",CU,Cuba,2024,2025,4,125,Domestic Consumption,8,(1000 MT),15.0
2222000,"Oilseed, Soybean",CU,Cuba,2024,2025,4,176,Ending Stocks,8,(1000 MT),0.0
2222000,"Oilseed, Soybean",CU,Cuba,2024,2025,4,88,Exports,8,(1000 MT),0.0
2222000,"Oilseed, Soybean",CU,Cuba,2024,2025,4,161,Feed Waste Dom. Cons.,8,(1000 MT),0.0
2222000,"Oilseed, Soybean",CU,Cuba,2024,2025,4,149,Food Use Dom. Cons.,8,(1000 MT),0.0
2222000,"Oilseed, Soybean",CU,Cuba,2024,2025,4,57,Imports,8,(1000 MT),15.0
2222000,"Oilseed, Soybean",CU,Cuba,2024,2025,4,28,Production,8,(1000 MT),0.0
2222000,"Oilseed, Soybean",CU,Cuba,2024,2025,4,178,Total Distribution,8,(1000 MT),15.0
2222000,"Oilseed, Soybean",CU,Cuba,2024,2025,4,86,Total Supply,8,(1000 MT),15.0
2222000,"Oilseed, Soybean",CU,Cuba,2024,2025,4,184,Yield,26,(MT/HA),0.0
2222000,"Oilseed, Soybean",CU,Cuba,2025,2026,3,4,Area Harvested,4,(1000 HA),0.0
2222000,"Oilseed, Soybean",CU,Cuba,2025,2026,3,20,Beginning Stocks,8,(1000 MT),0.0
2222000,"Oilseed, Soybean",CU,Cuba,2025,2026,3,7,Crush,8,(1000 MT),15.0
2222000,"Oilseed, Soybean",CU,Cuba,2025,2026,3,125,Domestic Consumption,8,(1000 MT),15.0
2222000,"Oilseed, Soybean",CU,Cuba,2025,2026,3,176,Ending Stocks,8,(1000 MT),0.0
2222000,"Oilseed, Soybean",CU,Cuba,2025,2026,3,88,Exports,8,(1000 MT),0.0
2222000,"Oilseed, Soybean",CU,Cuba,2025,2026,3,161,Feed Waste Dom. Cons.,8,(1000 MT),0.0
2222000,"Oilseed, Soybean",CU,Cuba,2025,2026,3,149,Food Use Dom. Cons.,8,(1000 MT),0.0
2222000,"Oilseed, Soybean",CU,Cuba,2025,2026,3,57,Imports,8,(1000 MT),15.0
2222000,"Oilseed, Soybean",CU,Cuba,2025,2026,3,28,Production,8,(1000 MT),0.0
2222000,"Oilseed, Soybean",CU,Cuba,2025,2026,3,178,Total Distribution,8,(1000 MT),15.0
2222000,"Oilseed, Soybean",CU,Cuba,2025,2026,3,86,Total Supply,8,(1000 MT),15.0
2222000,"Oilseed, Soybean",CU,Cuba,2025,2026,3,184,Yield,26,(MT/HA),0.0
2222000,"Oilseed, Soybean",EC,Ecuador,2022,2024,4,4,Area Harvested,4,(1000 HA),22.0
2222000,"Oilseed, Soybean",EC,Ecuador,2022,2024,4,20,Beginning Stocks,8,(1000 MT),0.0
2222000,"Oilseed, Soybean",EC,Ecuador,2022,2024,4,7,Crush,8,(1000 MT),29.0
2222000,"Oilseed, Soybean",EC,Ecuador,2022,2024,4,125,Domestic Consumption,8,(1000 MT),59.0
2222000,"Oilseed, Soybean",EC,Ecuador,2022,2024,4,176,Ending Stocks,8,(1000 MT),0.0
2222000,"Oilseed, Soybean",EC,Ecuador,2022,2024,4,88,Exports,8,(1000 MT),0.0
2222000,"Oilseed, Soybean",EC,Ecuador,2022,2024,4,161,Feed Waste Dom. Cons.,8,(1000 MT),30.0
2222000,"Oilseed, Soybean",EC,Ecuador,2022,2024,4,149,Food Use Dom. Cons.,8,(1000 MT),0.0
2222000,"Oilseed, Soybean",EC,Ecuador,2022,2024,4,57,Imports,8,(1000 MT),30.0
2222000,"Oilseed, Soybean",EC,Ecuador,2022,2024,4,28,Production,8,(1000 MT),29.0
2222000,"Oilseed, Soybean",EC,Ecuador,2022,2024,4,178,Total Distribution,8,(1000 MT),59.0
2222000,"Oilseed, Soybean",EC,Ecuador,2022,2024,4,86,Total Supply,8,(1000 MT),59.0
2222000,"Oilseed, Soybean",EC,Ecuador,2022,2024,4,184,Yield,26,(MT/HA),1.32
2222000,"Oilseed, Soybean",EC,Ecuador,2023,2024,12,4,Area Harvested,4,(1000 HA),9.0
2222000,"Oilseed, Soybean",EC,Ecuador,2023,2024,12,20,Beginning Stocks,8,(1000 MT),0.0
2222000,"Oilseed, Soybean",EC,Ecuador,2023,2024,12,7,Crush,8,(1000 MT),13.0
2222000,"Oilseed, Soybean",EC,Ecuador,2023,2024,12,125,Domestic Consumption,8,(1000 MT),13.0
2222000,"Oilseed, Soybean",EC,Ecuador,2023,2024,12,176,Ending Stocks,8,(1000 MT),0.0
2222000,"Oilseed, Soybean",EC,Ecuador,2023,2024,12,88,Exports,8,(1000 MT),0.0
2222000,"Oilseed, Soybean",EC,Ecuador,2023,2024,12,161,Feed Waste Dom. Cons.,8,(1000 MT),0.0
2222000,"Oilseed, Soybean",EC,Ecuador,2023,2024,12,149,Food Use Dom. Cons.,8,(1000 MT),0.0
2222000,"Oilseed, Soybean",EC,Ecuador,2023,2024,12,57,Imports,8,(1000 MT),0.0
2222000,"Oilseed, Soybean",EC,Ecuador,2023,2024,12,28,Production,8,(1000 MT),13.0
2222000,"Oilseed, Soybean",EC,Ecuador,2023,2024,12,178,Total Distribution,8,(1000 MT),13.0
2222000,"Oilseed, Soybean",EC,Ecuador,2023,2024,12,86,Total Supply,8,(1000 MT),13.0
2222000,"Oilseed, Soybean",EC,Ecuador,2023,2024,12,184,Yield,26,(MT/HA),1.44
2222000,"Oilseed, Soybean",EC,Ecuador,2024,2025,4,4,Area Harvested,4,(1000 HA),22.0
2222000,"Oilseed, Soybean",EC,Ecuador,2024,2025,4,20,Beginning Stocks,8,(1000 MT),0.0
2222000,"Oilseed, Soybean",EC,Ecuador,2024,2025,4,7,Crush,8,(1000 MT),29.0
2222000,"Oilseed, Soybean",EC,Ecuador,2024,2025,4,125,Domestic Consumption,8,(1000 MT),29.0
2222000,"Oilseed, Soybean",EC,Ecuador,2024,2025,4,176,Ending Stocks,8,(1000 MT),0.0
2222000,"Oilseed, Soybean",EC,Ecuador,2024,2025,4,88,Exports,8,(1000 MT),0.0
2222000,"Oilseed, Soybean",EC,Ecuador,2024,2025,4,161,Feed Waste Dom. Cons.,8,(1000 MT),0.0
2222000,"Oilseed, Soybean",EC,Ecuador,2024,2025,4,149,Food Use Dom. Cons.,8,(1000 MT),0.0
2222000,"Oilseed, Soybean",EC,Ecuador,2024,2025,4,57,Imports,8,(1000 MT),0.0
2222000,"Oilseed, Soybean",EC,Ecuador,2024,2025,4,28,Production,8,(1000 MT),29.0
2222000,"Oilseed, Soybean",EC,Ecuador,2024,2025,4,178,Total Distribution,8,(1000 MT),29.0
2222000,"Oilseed, Soybean",EC,Ecuador,2024,2025,4,86,Total Supply,8,(1000 MT),29.0
2222000,"Oilseed, Soybean",EC,Ecuador,2024,2025,4,184,Yield,26,(MT/HA),1.32
2222000,"Oilseed, Soybean",EC,Ecuador,2025,2026,3,4,Area Harvested,4,(1000 HA),18.0
2222000,"Oilseed, Soybean",EC,Ecuador,2025,2026,3,20,Beginning Stocks,8,(1000 MT),0.0
2222000,"Oilseed, Soybean",EC,Ecuador,2025,2026,3,7,Crush,8,(1000 MT),29.0
2222000,"Oilseed, Soybean",EC,Ecuador,2025,2026,3,125,Domestic Consumption,8,(1000 MT),29.0
2222000,"Oilseed, Soybean",EC,Ecuador,2025,2026,3,176,Ending Stocks,8,(1000 MT),0.0
2222000,"Oilseed, Soybean",EC,Ecuador,2025,2026,3,88,Exports,8,(1000 MT),0.0
2222000,"Oilseed, Soybean",EC,Ecuador,2025,2026,3,161,Feed Waste Dom. Cons.,8,(1000 MT),0.0
2222000,"Oilseed, Soybean",EC,Ecuador,2025,2026,3,149,Food Use Dom. Cons.,8,(1000 MT),0.0
2222000,"Oilseed, Soybean",EC,Ecuador,2025,2026,3,57,Imports,8,(1000 MT),6.0
2222000,"Oilseed, Soybean",EC,Ecuador,2025,2026,3,28,Production,8,(1000 MT),23.0
2222000,"Oilseed, Soybean",EC,Ecuador,2025,2026,3,178,Total Distribution,8,(1000 MT),29.0
2222000,"Oilseed, Soybean",EC,Ecuador,2025,2026,3,86,Total Supply,8,(1000 MT),29.0
2222000,"Oilseed, Soybean",EC,Ecuador,2025,2026,3,184,Yield,26,(MT/HA),1.28
2222000,"Oilseed, Soybean",EG,Egypt,2022,2025,12,4,Area Harvested,4,(1000 HA),20.0
2222000,"Oilseed, Soybean",EG,Egypt,2022,2025,12,20,Beginning Stocks,8,(1000 MT),334.0
2222000,"Oilseed, Soybean",EG,Egypt,2022,2025,12,7,Crush,8,(1000 MT),2200.0
2222000,"Oilseed, Soybean",EG,Egypt,2022,2025,12,125,Domestic Consumption,8,(1000 MT),2242.0
2222000,"Oilseed, Soybean",EG,Egypt,2022,2025,12,176,Ending Stocks,8,(1000 MT),141.0
2222000,"Oilseed, Soybean",EG,Egypt,2022,2025,12,88,Exports,8,(1000 MT),0.0
2222000,"Oilseed, Soybean",EG,Egypt,2022,2025,12,161,Feed Waste Dom. Cons.,8,(1000 MT),25.0
2222000,"Oilseed, Soybean",EG,Egypt,2022,2025,12,149,Food Use Dom. Cons.,8,(1000 MT),17.0
2222000,"Oilseed, Soybean",EG,Egypt,2022,2025,12,57,Imports,8,(1000 MT),1993.0
2222000,"Oilseed, Soybean",EG,Egypt,2022,2025,12,28,Production,8,(1000 MT),56.0
2222000,"Oilseed, Soybean",EG,Egypt,2022,2025,12,178,Total Distribution,8,(1000 MT),2383.0
2222000,"Oilseed, Soybean",EG,Egypt,2022,2025,12,86,Total Supply,8,(1000 MT),2383.0
2222000,"Oilseed, Soybean",EG,Egypt,2022,2025,12,184,Yield,26,(MT/HA),2.8
2222000,"Oilseed, Soybean",EG,Egypt,2023,2025,12,4,Area Harvested,4,(1000 HA),30.0
2222000,"Oilseed, Soybean",EG,Egypt,2023,2025,12,20,Beginning Stocks,8,(1000 MT),141.0
2222000,"Oilseed, Soybean",EG,Egypt,2023,2025,12,7,Crush,8,(1000 MT),3250.0
2222000,"Oilseed, Soybean",EG,Egypt,2023,2025,12,125,Domestic Consumption,8,(1000 MT),3292.0
2222000,"Oilseed, Soybean",EG,Egypt,2023,2025,12,176,Ending Stocks,8,(1000 MT),255.0
2222000,"Oilseed, Soybean",EG,Egypt,2023,2025,12,88,Exports,8,(1000 MT),0.0
2222000,"Oilseed, Soybean",EG,Egypt,2023,2025,12,161,Feed Waste Dom. Cons.,8,(1000 MT),25.0
2222000,"Oilseed, Soybean",EG,Egypt,2023,2025,12,149,Food Use Dom. Cons.,8,(1000 MT),17.0
2222000,"Oilseed, Soybean",EG,Egypt,2023,2025,12,57,Imports,8,(1000 MT),3321.0
2222000,"Oilseed, Soybean",EG,Egypt,2023,2025,12,28,Production,8,(1000 MT),85.0
2222000,"Oilseed, Soybean",EG,Egypt,2023,2025,12,178,Total Distribution,8,(1000 MT),3547.0
2222000,"Oilseed, Soybean",EG,Egypt,2023,2025,12,86,Total Supply,8,(1000 MT),3547.0
2222000,"Oilseed, Soybean",EG,Egypt,2023,2025,12,184,Yield,26,(MT/HA),2.83
2222000,"Oilseed, Soybean",EG,Egypt,2024,2026,1,4,Area Harvested,4,(1000 HA),30.0
2222000,"Oilseed, Soybean",EG,Egypt,2024,2026,1,20,Beginning Stocks,8,(1000 MT),255.0
2222000,"Oilseed, Soybean",EG,Egypt,2024,2026,1,7,Crush,8,(1000 MT),4650.0
2222000,"Oilseed, Soybean",EG,Egypt,2024,2026,1,125,Domestic Consumption,8,(1000 MT),4692.0
2222000,"Oilseed, Soybean",EG,Egypt,2024,2026,1,176,Ending Stocks,8,(1000 MT),446.0
2222000,"Oilseed, Soybean",EG,Egypt,2024,2026,1,88,Exports,8,(1000 MT),0.0
2222000,"Oilseed, Soybean",EG,Egypt,2024,2026,1,161,Feed Waste Dom. Cons.,8,(1000 MT),25.0
2222000,"Oilseed, Soybean",EG,Egypt,2024,2026,1,149,Food Use Dom. Cons.,8,(1000 MT),17.0
2222000,"Oilseed, Soybean",EG,Egypt,2024,2026,1,57,Imports,8,(1000 MT),4798.0
2222000,"Oilseed, Soybean",EG,Egypt,2024,2026,1,28,Production,8,(1000 MT),85.0
2222000,"Oilseed, Soybean",EG,Egypt,2024,2026,1,178,Total Distribution,8,(1000 MT),5138.0
2222000,"Oilseed, Soybean",EG,Egypt,2024,2026,1,86,Total Supply,8,(1000 MT),5138.0
2222000,"Oilseed, Soybean",EG,Egypt,2024,2026,1,184,Yield,26,(MT/HA),2.83
2222000,"Oilseed, Soybean",EG,Egypt,2025,2026,3,4,Area Harvested,4,(1000 HA),30.0
2222000,"Oilseed, Soybean",EG,Egypt,2025,2026,3,20,Beginning Stocks,8,(1000 MT),446.0
2222000,"Oilseed, Soybean",EG,Egypt,2025,2026,3,7,Crush,8,(1000 MT),4900.0
2222000,"Oilseed, Soybean",EG,Egypt,2025,2026,3,125,Domestic Consumption,8,(1000 MT),4942.0
2222000,"Oilseed, Soybean",EG,Egypt,2025,2026,3,176,Ending Stocks,8,(1000 MT),489.0
2222000,"Oilseed, Soybean",EG,Egypt,2025,2026,3,88,Exports,8,(1000 MT),0.0
2222000,"Oilseed, Soybean",EG,Egypt,2025,2026,3,161,Feed Waste Dom. Cons.,8,(1000 MT),25.0
2222000,"Oilseed, Soybean",EG,Egypt,2025,2026,3,149,Food Use Dom. Cons.,8,(1000 MT),17.0
2222000,"Oilseed, Soybean",EG,Egypt,2025,2026,3,57,Imports,8,(1000 MT),4900.0
2222000,"Oilseed, Soybean",EG,Egypt,2025,2026,3,28,Production,8,(1000 MT),85.0
2222000,"Oilseed, Soybean",EG,Egypt,2025,2026,3,178,Total Distribution,8,(1000 MT),5431.0
2222000,"Oilseed, Soybean",EG,Egypt,2025,2026,3,86,Total Supply,8,(1000 MT),5431.0
2222000,"Oilseed, Soybean",EG,Egypt,2025,2026,3,184,Yield,26,(MT/HA),2.83
2222000,"Oilseed, Soybean",ET,Ethiopia,2022,2025,5,4,Area Harvested,4,(1000 HA),95.0
2222000,"Oilseed, Soybean",ET,Ethiopia,2022,2025,5,20,Beginning Stocks,8,(1000 MT),19.0
2222000,"Oilseed, Soybean",ET,Ethiopia,2022,2025,5,7,Crush,8,(1000 MT),60.0
2222000,"Oilseed, Soybean",ET,Ethiopia,2022,2025,5,125,Domestic Consumption,8,(1000 MT),89.0
2222000,"Oilseed, Soybean",ET,Ethiopia,2022,2025,5,176,Ending Stocks,8,(1000 MT),0.0
2222000,"Oilseed, Soybean",ET,Ethiopia,2022,2025,5,88,Exports,8,(1000 MT),170.0
2222000,"Oilseed, Soybean",ET,Ethiopia,2022,2025,5,161,Feed Waste Dom. Cons.,8,(1000 MT),27.0
2222000,"Oilseed, Soybean",ET,Ethiopia,2022,2025,5,149,Food Use Dom. Cons.,8,(1000 MT),2.0
2222000,"Oilseed, Soybean",ET,Ethiopia,2022,2025,5,57,Imports,8,(1000 MT),0.0
2222000,"Oilseed, Soybean",ET,Ethiopia,2022,2025,5,28,Production,8,(1000 MT),240.0
2222000,"Oilseed, Soybean",ET,Ethiopia,2022,2025,5,178,Total Distribution,8,(1000 MT),259.0
2222000,"Oilseed, Soybean",ET,Ethiopia,2022,2025,5,86,Total Supply,8,(1000 MT),259.0
2222000,"Oilseed, Soybean",ET,Ethiopia,2022,2025,5,184,Yield,26,(MT/HA),2.53
2222000,"Oilseed, Soybean",ET,Ethiopia,2023,2025,5,4,Area Harvested,4,(1000 HA),95.0
2222000,"Oilseed, Soybean",ET,Ethiopia,2023,2025,5,20,Beginning Stocks,8,(1000 MT),0.0
2222000,"Oilseed, Soybean",ET,Ethiopia,2023,2025,5,7,Crush,8,(1000 MT),60.0
2222000,"Oilseed, Soybean",ET,Ethiopia,2023,2025,5,125,Domestic Consumption,8,(1000 MT),98.0
2222000,"Oilseed, Soybean",ET,Ethiopia,2023,2025,5,176,Ending Stocks,8,(1000 MT),17.0
2222000,"Oilseed, Soybean",ET,Ethiopia,2023,2025,5,88,Exports,8,(1000 MT),125.0
2222000,"Oilseed, Soybean",ET,Ethiopia,2023,2025,5,161,Feed Waste Dom. Cons.,8,(1000 MT),35.0
2222000,"Oilseed, Soybean",ET,Ethiopia,2023,2025,5,149,Food Use Dom. Cons.,8,(1000 MT),3.0
2222000,"Oilseed, Soybean",ET,Ethiopia,2023,2025,5,57,Imports,8,(1000 MT),0.0
2222000,"Oilseed, Soybean",ET,Ethiopia,2023,2025,5,28,Production,8,(1000 MT),240.0
2222000,"Oilseed, Soybean",ET,Ethiopia,2023,2025,5,178,Total Distribution,8,(1000 MT),240.0
2222000,"Oilseed, Soybean",ET,Ethiopia,2023,2025,5,86,Total Supply,8,(1000 MT),240.0
2222000,"Oilseed, Soybean",ET,Ethiopia,2023,2025,5,184,Yield,26,(MT/HA),2.53
2222000,"Oilseed, Soybean",ET,Ethiopia,2024,2025,5,4,Area Harvested,4,(1000 HA),100.0
2222000,"Oilseed, Soybean",ET,Ethiopia,2024,2025,5,20,Beginning Stocks,8,(1000 MT),17.0
2222000,"Oilseed, Soybean",ET,Ethiopia,2024,2025,5,7,Crush,8,(1000 MT),120.0
2222000,"Oilseed, Soybean",ET,Ethiopia,2024,2025,5,125,Domestic Consumption,8,(1000 MT),193.0
2222000,"Oilseed, Soybean",ET,Ethiopia,2024,2025,5,176,Ending Stocks,8,(1000 MT),29.0
2222000,"Oilseed, Soybean",ET,Ethiopia,2024,2025,5,88,Exports,8,(1000 MT),45.0
2222000,"Oilseed, Soybean",ET,Ethiopia,2024,2025,5,161,Feed Waste Dom. Cons.,8,(1000 MT),70.0
2222000,"Oilseed, Soybean",ET,Ethiopia,2024,2025,5,149,Food Use Dom. Cons.,8,(1000 MT),3.0
2222000,"Oilseed, Soybean",ET,Ethiopia,2024,2025,5,57,Imports,8,(1000 MT),0.0
2222000,"Oilseed, Soybean",ET,Ethiopia,2024,2025,5,28,Production,8,(1000 MT),250.0
2222000,"Oilseed, Soybean",ET,Ethiopia,2024,2025,5,178,Total Distribution,8,(1000 MT),267.0
2222000,"Oilseed, Soybean",ET,Ethiopia,2024,2025,5,86,Total Supply,8,(1000 MT),267.0
2222000,"Oilseed, Soybean",ET,Ethiopia,2024,2025,5,184,Yield,26,(MT/HA),2.5
2222000,"Oilseed, Soybean",ET,Ethiopia,2025,2026,3,4,Area Harvested,4,(1000 HA),105.0
2222000,"Oilseed, Soybean",ET,Ethiopia,2025,2026,3,20,Beginning Stocks,8,(1000 MT),29.0
2222000,"Oilseed, Soybean",ET,Ethiopia,2025,2026,3,7,Crush,8,(1000 MT),100.0
2222000,"Oilseed, Soybean",ET,Ethiopia,2025,2026,3,125,Domestic Consumption,8,(1000 MT),178.0
2222000,"Oilseed, Soybean",ET,Ethiopia,2025,2026,3,176,Ending Stocks,8,(1000 MT),11.0
2222000,"Oilseed, Soybean",ET,Ethiopia,2025,2026,3,88,Exports,8,(1000 MT),100.0
2222000,"Oilseed, Soybean",ET,Ethiopia,2025,2026,3,161,Feed Waste Dom. Cons.,8,(1000 MT),75.0
2222000,"Oilseed, Soybean",ET,Ethiopia,2025,2026,3,149,Food Use Dom. Cons.,8,(1000 MT),3.0
2222000,"Oilseed, Soybean",ET,Ethiopia,2025,2026,3,57,Imports,8,(1000 MT),0.0
2222000,"Oilseed, Soybean",ET,Ethiopia,2025,2026,3,28,Production,8,(1000 MT),260.0
2222000,"Oilseed, Soybean",ET,Ethiopia,2025,2026,3,178,Total Distribution,8,(1000 MT),289.0
2222000,"Oilseed, Soybean",ET,Ethiopia,2025,2026,3,86,Total Supply,8,(1000 MT),289.0
2222000,"Oilseed, Soybean",ET,Ethiopia,2025,2026,3,184,Yield,26,(MT/HA),2.48
2222000,"Oilseed, Soybean",E4,European Union,2022,2025,4,4,Area Harvested,4,(1000 HA),1116.0
2222000,"Oilseed, Soybean",E4,European Union,2022,2025,4,20,Beginning Stocks,8,(1000 MT),1572.0
2222000,"Oilseed, Soybean",E4,European Union,2022,2025,4,7,Crush,8,(1000 MT),14300.0
2222000,"Oilseed, Soybean",E4,European Union,2022,2025,4,125,Domestic Consumption,8,(1000 MT),15820.0
2222000,"Oilseed, Soybean",E4,European Union,2022,2025,4,176,Ending Stocks,8,(1000 MT),1259.0
2222000,"Oilseed, Soybean",E4,European Union,2022,2025,4,88,Exports,8,(1000 MT),230.0
2222000,"Oilseed, Soybean",E4,European Union,2022,2025,4,161,Feed Waste Dom. Cons.,8,(1000 MT),1300.0
2222000,"Oilseed, Soybean",E4,European Union,2022,2025,4,149,Food Use Dom. Cons.,8,(1000 MT),220.0
2222000,"Oilseed, Soybean",E4,European Union,2022,2025,4,57,Imports,8,(1000 MT),13127.0
2222000,"Oilseed, Soybean",E4,European Union,2022,2025,4,28,Production,8,(1000 MT),2610.0
2222000,"Oilseed, Soybean",E4,European Union,2022,2025,4,178,Total Distribution,8,(1000 MT),17309.0
2222000,"Oilseed, Soybean",E4,European Union,2022,2025,4,86,Total Supply,8,(1000 MT),17309.0
2222000,"Oilseed, Soybean",E4,European Union,2022,2025,4,184,Yield,26,(MT/HA),2.34
2222000,"Oilseed, Soybean",E4,European Union,2023,2026,1,4,Area Harvested,4,(1000 HA),1017.0
2222000,"Oilseed, Soybean",E4,European Union,2023,2026,1,20,Beginning Stocks,8,(1000 MT),1259.0
2222000,"Oilseed, Soybean",E4,European Union,2023,2026,1,7,Crush,8,(1000 MT),14500.0
2222000,"Oilseed, Soybean",E4,European Union,2023,2026,1,125,Domestic Consumption,8,(1000 MT),15995.0
2222000,"Oilseed, Soybean",E4,European Union,2023,2026,1,176,Ending Stocks,8,(1000 MT),1288.0
2222000,"Oilseed, Soybean",E4,European Union,2023,2026,1,88,Exports,8,(1000 MT),253.0
2222000,"Oilseed, Soybean",E4,European Union,2023,2026,1,161,Feed Waste Dom. Cons.,8,(1000 MT),1275.0
2222000,"Oilseed, Soybean",E4,European Union,2023,2026,1,149,Food Use Dom. Cons.,8,(1000 MT),220.0
2222000,"Oilseed, Soybean",E4,European Union,2023,2026,1,57,Imports,8,(1000 MT),13466.0
2222000,"Oilseed, Soybean",E4,European Union,2023,2026,1,28,Production,8,(1000 MT),2811.0
2222000,"Oilseed, Soybean",E4,European Union,2023,2026,1,178,Total Distribution,8,(1000 MT),17536.0
2222000,"Oilseed, Soybean",E4,European Union,2023,2026,1,86,Total Supply,8,(1000 MT),17536.0
2222000,"Oilseed, Soybean",E4,European Union,2023,2026,1,184,Yield,26,(MT/HA),2.76
2222000,"Oilseed, Soybean",E4,European Union,2024,2026,1,4,Area Harvested,4,(1000 HA),1127.0
2222000,"Oilseed, Soybean",E4,European Union,2024,2026,1,20,Beginning Stocks,8,(1000 MT),1288.0
2222000,"Oilseed, Soybean",E4,European Union,2024,2026,1,7,Crush,8,(1000 MT),15400.0
2222000,"Oilseed, Soybean",E4,European Union,2024,2026,1,125,Domestic Consumption,8,(1000 MT),16995.0
2222000,"Oilseed, Soybean",E4,European Union,2024,2026,1,176,Ending Stocks,8,(1000 MT),1600.0
2222000,"Oilseed, Soybean",E4,European Union,2024,2026,1,88,Exports,8,(1000 MT),333.0
2222000,"Oilseed, Soybean",E4,European Union,2024,2026,1,161,Feed Waste Dom. Cons.,8,(1000 MT),1375.0
2222000,"Oilseed, Soybean",E4,European Union,2024,2026,1,149,Food Use Dom. Cons.,8,(1000 MT),220.0
2222000,"Oilseed, Soybean",E4,European Union,2024,2026,1,57,Imports,8,(1000 MT),14710.0
2222000,"Oilseed, Soybean",E4,European Union,2024,2026,1,28,Production,8,(1000 MT),2930.0
2222000,"Oilseed, Soybean",E4,European Union,2024,2026,1,178,Total Distribution,8,(1000 MT),18928.0
2222000,"Oilseed, Soybean",E4,European Union,2024,2026,1,86,Total Supply,8,(1000 MT),18928.0
2222000,"Oilseed, Soybean",E4,European Union,2024,2026,1,184,Yield,26,(MT/HA),2.6
2222000,"Oilseed, Soybean",E4,European Union,2025,2026,3,4,Area Harvested,4,(1000 HA),1070.0
2222000,"Oilseed, Soybean",E4,European Union,2025,2026,3,20,Beginning Stocks,8,(1000 MT),1600.0
2222000,"Oilseed, Soybean",E4,European Union,2025,2026,3,7,Crush,8,(1000 MT),15000.0
2222000,"Oilseed, Soybean",E4,European Union,2025,2026,3,125,Domestic Consumption,8,(1000 MT),16520.0
2222000,"Oilseed, Soybean",E4,European Union,2025,2026,3,176,Ending Stocks,8,(1000 MT),1565.0
2222000,"Oilseed, Soybean",E4,European Union,2025,2026,3,88,Exports,8,(1000 MT),300.0
2222000,"Oilseed, Soybean",E4,European Union,2025,2026,3,161,Feed Waste Dom. Cons.,8,(1000 MT),1300.0
2222000,"Oilseed, Soybean",E4,European Union,2025,2026,3,149,Food Use Dom. Cons.,8,(1000 MT),220.0
2222000,"Oilseed, Soybean",E4,European Union,2025,2026,3,57,Imports,8,(1000 MT),14000.0
2222000,"Oilseed, Soybean",E4,European Union,2025,2026,3,28,Production,8,(1000 MT),2785.0
2222000,"Oilseed, Soybean",E4,European Union,2025,2026,3,178,Total Distribution,8,(1000 MT),18385.0
2222000,"Oilseed, Soybean",E4,European Union,2025,2026,3,86,Total Supply,8,(1000 MT),18385.0
2222000,"Oilseed, Soybean",E4,European Union,2025,2026,3,184,Yield,26,(MT/HA),2.6
2222000,"Oilseed, Soybean",GH,Ghana,2022,2025,5,4,Area Harvested,4,(1000 HA),135.0
2222000,"Oilseed, Soybean",GH,Ghana,2022,2025,5,20,Beginning Stocks,8,(1000 MT),23.0
2222000,"Oilseed, Soybean",GH,Ghana,2022,2025,5,7,Crush,8,(1000 MT),160.0
2222000,"Oilseed, Soybean",GH,Ghana,2022,2025,5,125,Domestic Consumption,8,(1000 MT),205.0
2222000,"Oilseed, Soybean",GH,Ghana,2022,2025,5,176,Ending Stocks,8,(1000 MT),31.0
2222000,"Oilseed, Soybean",GH,Ghana,2022,2025,5,88,Exports,8,(1000 MT),43.0
2222000,"Oilseed, Soybean",GH,Ghana,2022,2025,5,161,Feed Waste Dom. Cons.,8,(1000 MT),15.0
2222000,"Oilseed, Soybean",GH,Ghana,2022,2025,5,149,Food Use Dom. Cons.,8,(1000 MT),30.0
2222000,"Oilseed, Soybean",GH,Ghana,2022,2025,5,57,Imports,8,(1000 MT),1.0
2222000,"Oilseed, Soybean",GH,Ghana,2022,2025,5,28,Production,8,(1000 MT),255.0
2222000,"Oilseed, Soybean",GH,Ghana,2022,2025,5,178,Total Distribution,8,(1000 MT),279.0
2222000,"Oilseed, Soybean",GH,Ghana,2022,2025,5,86,Total Supply,8,(1000 MT),279.0
2222000,"Oilseed, Soybean",GH,Ghana,2022,2025,5,184,Yield,26,(MT/HA),1.89
2222000,"Oilseed, Soybean",GH,Ghana,2023,2025,5,4,Area Harvested,4,(1000 HA),195.0
2222000,"Oilseed, Soybean",GH,Ghana,2023,2025,5,20,Beginning Stocks,8,(1000 MT),31.0
2222000,"Oilseed, Soybean",GH,Ghana,2023,2025,5,7,Crush,8,(1000 MT),200.0
2222000,"Oilseed, Soybean",GH,Ghana,2023,2025,5,125,Domestic Consumption,8,(1000 MT),280.0
2222000,"Oilseed, Soybean",GH,Ghana,2023,2025,5,176,Ending Stocks,8,(1000 MT),36.0
2222000,"Oilseed, Soybean",GH,Ghana,2023,2025,5,88,Exports,8,(1000 MT),77.0
2222000,"Oilseed, Soybean",GH,Ghana,2023,2025,5,161,Feed Waste Dom. Cons.,8,(1000 MT),15.0
2222000,"Oilseed, Soybean",GH,Ghana,2023,2025,5,149,Food Use Dom. Cons.,8,(1000 MT),65.0
2222000,"Oilseed, Soybean",GH,Ghana,2023,2025,5,57,Imports,8,(1000 MT),2.0
2222000,"Oilseed, Soybean",GH,Ghana,2023,2025,5,28,Production,8,(1000 MT),360.0
2222000,"Oilseed, Soybean",GH,Ghana,2023,2025,5,178,Total Distribution,8,(1000 MT),393.0
2222000,"Oilseed, Soybean",GH,Ghana,2023,2025,5,86,Total Supply,8,(1000 MT),393.0
2222000,"Oilseed, Soybean",GH,Ghana,2023,2025,5,184,Yield,26,(MT/HA),1.85
2222000,"Oilseed, Soybean",GH,Ghana,2024,2025,5,4,Area Harvested,4,(1000 HA),195.0
2222000,"Oilseed, Soybean",GH,Ghana,2024,2025,5,20,Beginning Stocks,8,(1000 MT),36.0
2222000,"Oilseed, Soybean",GH,Ghana,2024,2025,5,7,Crush,8,(1000 MT),200.0
2222000,"Oilseed, Soybean",GH,Ghana,2024,2025,5,125,Domestic Consumption,8,(1000 MT),270.0
2222000,"Oilseed, Soybean",GH,Ghana,2024,2025,5,176,Ending Stocks,8,(1000 MT),44.0
2222000,"Oilseed, Soybean",GH,Ghana,2024,2025,5,88,Exports,8,(1000 MT),80.0
2222000,"Oilseed, Soybean",GH,Ghana,2024,2025,5,161,Feed Waste Dom. Cons.,8,(1000 MT),15.0
2222000,"Oilseed, Soybean",GH,Ghana,2024,2025,5,149,Food Use Dom. Cons.,8,(1000 MT),55.0
2222000,"Oilseed, Soybean",GH,Ghana,2024,2025,5,57,Imports,8,(1000 MT),0.0
2222000,"Oilseed, Soybean",GH,Ghana,2024,2025,5,28,Production,8,(1000 MT),358.0
2222000,"Oilseed, Soybean",GH,Ghana,2024,2025,5,178,Total Distribution,8,(1000 MT),394.0
2222000,"Oilseed, Soybean",GH,Ghana,2024,2025,5,86,Total Supply,8,(1000 MT),394.0
2222000,"Oilseed, Soybean",GH,Ghana,2024,2025,5,184,Yield,26,(MT/HA),1.84
2222000,"Oilseed, Soybean",GH,Ghana,2025,2026,3,4,Area Harvested,4,(1000 HA),200.0
2222000,"Oilseed, Soybean",GH,Ghana,2025,2026,3,20,Beginning Stocks,8,(1000 MT),44.0
2222000,"Oilseed, Soybean",GH,Ghana,2025,2026,3,7,Crush,8,(1000 MT),200.0
2222000,"Oilseed, Soybean",GH,Ghana,2025,2026,3,125,Domestic Consumption,8,(1000 MT),275.0
2222000,"Oilseed, Soybean",GH,Ghana,2025,2026,3,176,Ending Stocks,8,(1000 MT),49.0
2222000,"Oilseed, Soybean",GH,Ghana,2025,2026,3,88,Exports,8,(1000 MT),80.0
2222000,"Oilseed, Soybean",GH,Ghana,2025,2026,3,161,Feed Waste Dom. Cons.,8,(1000 MT),15.0
2222000,"Oilseed, Soybean",GH,Ghana,2025,2026,3,149,Food Use Dom. Cons.,8,(1000 MT),60.0
2222000,"Oilseed, Soybean",GH,Ghana,2025,2026,3,57,Imports,8,(1000 MT),0.0
2222000,"Oilseed, Soybean",GH,Ghana,2025,2026,3,28,Production,8,(1000 MT),360.0
2222000,"Oilseed, Soybean",GH,Ghana,2025,2026,3,178,Total Distribution,8,(1000 MT),404.0
2222000,"Oilseed, Soybean",GH,Ghana,2025,2026,3,86,Total Supply,8,(1000 MT),404.0
2222000,"Oilseed, Soybean",GH,Ghana,2025,2026,3,184,Yield,26,(MT/HA),1.8
2222000,"Oilseed, Soybean",GT,Guatemala,2022,2025,4,4,Area Harvested,4,(1000 HA),14.0
2222000,"Oilseed, Soybean",GT,Guatemala,2022,2025,4,20,Beginning Stocks,8,(1000 MT),0.0
2222000,"Oilseed, Soybean",GT,Guatemala,2022,2025,4,7,Crush,8,(1000 MT),35.0
2222000,"Oilseed, Soybean",GT,Guatemala,2022,2025,4,125,Domestic Consumption,8,(1000 MT),36.0
2222000,"Oilseed, Soybean",GT,Guatemala,2022,2025,4,176,Ending Stocks,8,(1000 MT),0.0
2222000,"Oilseed, Soybean",GT,Guatemala,2022,2025,4,88,Exports,8,(1000 MT),0.0
2222000,"Oilseed, Soybean",GT,Guatemala,2022,2025,4,161,Feed Waste Dom. Cons.,8,(1000 MT),1.0
2222000,"Oilseed, Soybean",GT,Guatemala,2022,2025,4,149,Food Use Dom. Cons.,8,(1000 MT),0.0
2222000,"Oilseed, Soybean",GT,Guatemala,2022,2025,4,57,Imports,8,(1000 MT),0.0
2222000,"Oilseed, Soybean",GT,Guatemala,2022,2025,4,28,Production,8,(1000 MT),36.0
2222000,"Oilseed, Soybean",GT,Guatemala,2022,2025,4,178,Total Distribution,8,(1000 MT),36.0
2222000,"Oilseed, Soybean",GT,Guatemala,2022,2025,4,86,Total Supply,8,(1000 MT),36.0
2222000,"Oilseed, Soybean",GT,Guatemala,2022,2025,4,184,Yield,26,(MT/HA),2.57
2222000,"Oilseed, Soybean",GT,Guatemala,2023,2025,4,4,Area Harvested,4,(1000 HA),14.0
2222000,"Oilseed, Soybean",GT,Guatemala,2023,2025,4,20,Beginning Stocks,8,(1000 MT),0.0
2222000,"Oilseed, Soybean",GT,Guatemala,2023,2025,4,7,Crush,8,(1000 MT),35.0
2222000,"Oilseed, Soybean",GT,Guatemala,2023,2025,4,125,Domestic Consumption,8,(1000 MT),36.0
2222000,"Oilseed, Soybean",GT,Guatemala,2023,2025,4,176,Ending Stocks,8,(1000 MT),0.0
2222000,"Oilseed, Soybean",GT,Guatemala,2023,2025,4,88,Exports,8,(1000 MT),0.0
2222000,"Oilseed, Soybean",GT,Guatemala,2023,2025,4,161,Feed Waste Dom. Cons.,8,(1000 MT),1.0
2222000,"Oilseed, Soybean",GT,Guatemala,2023,2025,4,149,Food Use Dom. Cons.,8,(1000 MT),0.0
2222000,"Oilseed, Soybean",GT,Guatemala,2023,2025,4,57,Imports,8,(1000 MT),0.0
2222000,"Oilseed, Soybean",GT,Guatemala,2023,2025,4,28,Production,8,(1000 MT),36.0
2222000,"Oilseed, Soybean",GT,Guatemala,2023,2025,4,178,Total Distribution,8,(1000 MT),36.0
2222000,"Oilseed, Soybean",GT,Guatemala,2023,2025,4,86,Total Supply,8,(1000 MT),36.0
2222000,"Oilseed, Soybean",GT,Guatemala,2023,2025,4,184,Yield,26,(MT/HA),2.57
2222000,"Oilseed, Soybean",GT,Guatemala,2024,2025,4,4,Area Harvested,4,(1000 HA),14.0
2222000,"Oilseed, Soybean",GT,Guatemala,2024,2025,4,20,Beginning Stocks,8,(1000 MT),0.0
2222000,"Oilseed, Soybean",GT,Guatemala,2024,2025,4,7,Crush,8,(1000 MT),35.0
2222000,"Oilseed, Soybean",GT,Guatemala,2024,2025,4,125,Domestic Consumption,8,(1000 MT),36.0
2222000,"Oilseed, Soybean",GT,Guatemala,2024,2025,4,176,Ending Stocks,8,(1000 MT),0.0
2222000,"Oilseed, Soybean",GT,Guatemala,2024,2025,4,88,Exports,8,(1000 MT),0.0
2222000,"Oilseed, Soybean",GT,Guatemala,2024,2025,4,161,Feed Waste Dom. Cons.,8,(1000 MT),1.0
2222000,"Oilseed, Soybean",GT,Guatemala,2024,2025,4,149,Food Use Dom. Cons.,8,(1000 MT),0.0
2222000,"Oilseed, Soybean",GT,Guatemala,2024,2025,4,57,Imports,8,(1000 MT),0.0
2222000,"Oilseed, Soybean",GT,Guatemala,2024,2025,4,28,Production,8,(1000 MT),36.0
2222000,"Oilseed, Soybean",GT,Guatemala,2024,2025,4,178,Total Distribution,8,(1000 MT),36.0
2222000,"Oilseed, Soybean",GT,Guatemala,2024,2025,4,86,Total Supply,8,(1000 MT),36.0
2222000,"Oilseed, Soybean",GT,Guatemala,2024,2025,4,184,Yield,26,(MT/HA),2.57
2222000,"Oilseed, Soybean",GT,Guatemala,2025,2026,3,4,Area Harvested,4,(1000 HA),14.0
2222000,"Oilseed, Soybean",GT,Guatemala,2025,2026,3,20,Beginning Stocks,8,(1000 MT),0.0
2222000,"Oilseed, Soybean",GT,Guatemala,2025,2026,3,7,Crush,8,(1000 MT),35.0
2222000,"Oilseed, Soybean",GT,Guatemala,2025,2026,3,125,Domestic Consumption,8,(1000 MT),36.0
2222000,"Oilseed, Soybean",GT,Guatemala,2025,2026,3,176,Ending Stocks,8,(1000 MT),0.0
2222000,"Oilseed, Soybean",GT,Guatemala,2025,2026,3,88,Exports,8,(1000 MT),0.0
2222000,"Oilseed, Soybean",GT,Guatemala,2025,2026,3,161,Feed Waste Dom. Cons.,8,(1000 MT),1.0
2222000,"Oilseed, Soybean",GT,Guatemala,2025,2026,3,149,Food Use Dom. Cons.,8,(1000 MT),0.0
2222000,"Oilseed, Soybean",GT,Guatemala,2025,2026,3,57,Imports,8,(1000 MT),0.0
2222000,"Oilseed, Soybean",GT,Guatemala,2025,2026,3,28,Production,8,(1000 MT),36.0
2222000,"Oilseed, Soybean",GT,Guatemala,2025,2026,3,178,Total Distribution,8,(1000 MT),36.0
2222000,"Oilseed, Soybean",GT,Guatemala,2025,2026,3,86,Total Supply,8,(1000 MT),36.0
2222000,"Oilseed, Soybean",GT,Guatemala,2025,2026,3,184,Yield,26,(MT/HA),2.57
2222000,"Oilseed, Soybean",IN,India,2022,2025,4,4,Area Harvested,4,(1000 HA),13084.0
2222000,"Oilseed, Soybean",IN,India,2022,2025,4,20,Beginning Stocks,8,(1000 MT),1493.0
2222000,"Oilseed, Soybean",IN,India,2022,2025,4,7,Crush,8,(1000 MT),10300.0
2222000,"Oilseed, Soybean",IN,India,2022,2025,4,125,Domestic Consumption,8,(1000 MT),13000.0
2222000,"Oilseed, Soybean",IN,India,2022,2025,4,176,Ending Stocks,8,(1000 MT),1584.0
2222000,"Oilseed, Soybean",IN,India,2022,2025,4,88,Exports,8,(1000 MT),22.0
2222000,"Oilseed, Soybean",IN,India,2022,2025,4,161,Feed Waste Dom. Cons.,8,(1000 MT),1900.0
2222000,"Oilseed, Soybean",IN,India,2022,2025,4,149,Food Use Dom. Cons.,8,(1000 MT),800.0
2222000,"Oilseed, Soybean",IN,India,2022,2025,4,57,Imports,8,(1000 MT),702.0
2222000,"Oilseed, Soybean",IN,India,2022,2025,4,28,Production,8,(1000 MT),12411.0
2222000,"Oilseed, Soybean",IN,India,2022,2025,4,178,Total Distribution,8,(1000 MT),14606.0
2222000,"Oilseed, Soybean",IN,India,2022,2025,4,86,Total Supply,8,(1000 MT),14606.0
2222000,"Oilseed, Soybean",IN,India,2022,2025,4,184,Yield,26,(MT/HA),0.95
2222000,"Oilseed, Soybean",IN,India,2023,2025,4,4,Area Harvested,4,(1000 HA),13200.0
2222000,"Oilseed, Soybean",IN,India,2023,2025,4,20,Beginning Stocks,8,(1000 MT),1584.0
2222000,"Oilseed, Soybean",IN,India,2023,2025,4,7,Crush,8,(1000 MT),11300.0
2222000,"Oilseed, Soybean",IN,India,2023,2025,4,125,Domestic Consumption,8,(1000 MT),13150.0
2222000,"Oilseed, Soybean",IN,India,2023,2025,4,176,Ending Stocks,8,(1000 MT),935.0
2222000,"Oilseed, Soybean",IN,India,2023,2025,4,88,Exports,8,(1000 MT),8.0
2222000,"Oilseed, Soybean",IN,India,2023,2025,4,161,Feed Waste Dom. Cons.,8,(1000 MT),1150.0
2222000,"Oilseed, Soybean",IN,India,2023,2025,4,149,Food Use Dom. Cons.,8,(1000 MT),700.0
2222000,"Oilseed, Soybean",IN,India,2023,2025,4,57,Imports,8,(1000 MT),634.0
2222000,"Oilseed, Soybean",IN,India,2023,2025,4,28,Production,8,(1000 MT),11875.0
2222000,"Oilseed, Soybean",IN,India,2023,2025,4,178,Total Distribution,8,(1000 MT),14093.0
2222000,"Oilseed, Soybean",IN,India,2023,2025,4,86,Total Supply,8,(1000 MT),14093.0
2222000,"Oilseed, Soybean",IN,India,2023,2025,4,184,Yield,26,(MT/HA),0.9
2222000,"Oilseed, Soybean",IN,India,2024,2025,12,4,Area Harvested,4,(1000 HA),13000.0
2222000,"Oilseed, Soybean",IN,India,2024,2025,12,20,Beginning Stocks,8,(1000 MT),935.0
2222000,"Oilseed, Soybean",IN,India,2024,2025,12,7,Crush,8,(1000 MT),11000.0
2222000,"Oilseed, Soybean",IN,India,2024,2025,12,125,Domestic Consumption,8,(1000 MT),12850.0
2222000,"Oilseed, Soybean",IN,India,2024,2025,12,176,Ending Stocks,8,(1000 MT),659.0
2222000,"Oilseed, Soybean",IN,India,2024,2025,12,88,Exports,8,(1000 MT),12.0
2222000,"Oilseed, Soybean",IN,India,2024,2025,12,161,Feed Waste Dom. Cons.,8,(1000 MT),1100.0
2222000,"Oilseed, Soybean",IN,India,2024,2025,12,149,Food Use Dom. Cons.,8,(1000 MT),750.0
2222000,"Oilseed, Soybean",IN,India,2024,2025,12,57,Imports,8,(1000 MT),4.0
2222000,"Oilseed, Soybean",IN,India,2024,2025,12,28,Production,8,(1000 MT),12582.0
2222000,"Oilseed, Soybean",IN,India,2024,2025,12,178,Total Distribution,8,(1000 MT),13521.0
2222000,"Oilseed, Soybean",IN,India,2024,2025,12,86,Total Supply,8,(1000 MT),13521.0
2222000,"Oilseed, Soybean",IN,India,2024,2025,12,184,Yield,26,(MT/HA),0.97
2222000,"Oilseed, Soybean",IN,India,2025,2026,3,4,Area Harvested,4,(1000 HA),12000.0
2222000,"Oilseed, Soybean",IN,India,2025,2026,3,20,Beginning Stocks,8,(1000 MT),659.0
2222000,"Oilseed, Soybean",IN,India,2025,2026,3,7,Crush,8,(1000 MT),9275.0
2222000,"Oilseed, Soybean",IN,India,2025,2026,3,125,Domestic Consumption,8,(1000 MT),10775.0
2222000,"Oilseed, Soybean",IN,India,2025,2026,3,176,Ending Stocks,8,(1000 MT),564.0
2222000,"Oilseed, Soybean",IN,India,2025,2026,3,88,Exports,8,(1000 MT),20.0
2222000,"Oilseed, Soybean",IN,India,2025,2026,3,161,Feed Waste Dom. Cons.,8,(1000 MT),800.0
2222000,"Oilseed, Soybean",IN,India,2025,2026,3,149,Food Use Dom. Cons.,8,(1000 MT),700.0
2222000,"Oilseed, Soybean",IN,India,2025,2026,3,57,Imports,8,(1000 MT),200.0
2222000,"Oilseed, Soybean",IN,India,2025,2026,3,28,Production,8,(1000 MT),10500.0
2222000,"Oilseed, Soybean",IN,India,2025,2026,3,178,Total Distribution,8,(1000 MT),11359.0
2222000,"Oilseed, Soybean",IN,India,2025,2026,3,86,Total Supply,8,(1000 MT),11359.0
2222000,"Oilseed, Soybean",IN,India,2025,2026,3,184,Yield,26,(MT/HA),0.88
2222000,"Oilseed, Soybean",ID,Indonesia,2022,2023,11,4,Area Harvested,4,(1000 HA),330.0
2222000,"Oilseed, Soybean",ID,Indonesia,2022,2023,11,20,Beginning Stocks,8,(1000 MT),94.0
2222000,"Oilseed, Soybean",ID,Indonesia,2022,2023,11,7,Crush,8,(1000 MT),0.0
2222000,"Oilseed, Soybean",ID,Indonesia,2022,2023,11,125,Domestic Consumption,8,(1000 MT),2690.0
2222000,"Oilseed, Soybean",ID,Indonesia,2022,2023,11,176,Ending Stocks,8,(1000 MT),100.0
2222000,"Oilseed, Soybean",ID,Indonesia,2022,2023,11,88,Exports,8,(1000 MT),2.0
2222000,"Oilseed, Soybean",ID,Indonesia,2022,2023,11,161,Feed Waste Dom. Cons.,8,(1000 MT),150.0
2222000,"Oilseed, Soybean",ID,Indonesia,2022,2023,11,149,Food Use Dom. Cons.,8,(1000 MT),2540.0
2222000,"Oilseed, Soybean",ID,Indonesia,2022,2023,11,57,Imports,8,(1000 MT),2308.0
2222000,"Oilseed, Soybean",ID,Indonesia,2022,2023,11,28,Production,8,(1000 MT),390.0
2222000,"Oilseed, Soybean",ID,Indonesia,2022,2023,11,178,Total Distribution,8,(1000 MT),2792.0
2222000,"Oilseed, Soybean",ID,Indonesia,2022,2023,11,86,Total Supply,8,(1000 MT),2792.0
2222000,"Oilseed, Soybean",ID,Indonesia,2022,2023,11,184,Yield,26,(MT/HA),1.18
2222000,"Oilseed, Soybean",ID,Indonesia,2023,2024,11,4,Area Harvested,4,(1000 HA),320.0
2222000,"Oilseed, Soybean",ID,Indonesia,2023,2024,11,20,Beginning Stocks,8,(1000 MT),100.0
2222000,"Oilseed, Soybean",ID,Indonesia,2023,2024,11,7,Crush,8,(1000 MT),0.0
2222000,"Oilseed, Soybean",ID,Indonesia,2023,2024,11,125,Domestic Consumption,8,(1000 MT),2910.0
2222000,"Oilseed, Soybean",ID,Indonesia,2023,2024,11,176,Ending Stocks,8,(1000 MT),129.0
2222000,"Oilseed, Soybean",ID,Indonesia,2023,2024,11,88,Exports,8,(1000 MT),3.0
2222000,"Oilseed, Soybean",ID,Indonesia,2023,2024,11,161,Feed Waste Dom. Cons.,8,(1000 MT),150.0
2222000,"Oilseed, Soybean",ID,Indonesia,2023,2024,11,149,Food Use Dom. Cons.,8,(1000 MT),2760.0
2222000,"Oilseed, Soybean",ID,Indonesia,2023,2024,11,57,Imports,8,(1000 MT),2567.0
2222000,"Oilseed, Soybean",ID,Indonesia,2023,2024,11,28,Production,8,(1000 MT),375.0
2222000,"Oilseed, Soybean",ID,Indonesia,2023,2024,11,178,Total Distribution,8,(1000 MT),3042.0
2222000,"Oilseed, Soybean",ID,Indonesia,2023,2024,11,86,Total Supply,8,(1000 MT),3042.0
2222000,"Oilseed, Soybean",ID,Indonesia,2023,2024,11,184,Yield,26,(MT/HA),1.17
2222000,"Oilseed, Soybean",ID,Indonesia,2024,2025,12,4,Area Harvested,4,(1000 HA),310.0
2222000,"Oilseed, Soybean",ID,Indonesia,2024,2025,12,20,Beginning Stocks,8,(1000 MT),129.0
2222000,"Oilseed, Soybean",ID,Indonesia,2024,2025,12,7,Crush,8,(1000 MT),0.0
2222000,"Oilseed, Soybean",ID,Indonesia,2024,2025,12,125,Domestic Consumption,8,(1000 MT),2750.0
2222000,"Oilseed, Soybean",ID,Indonesia,2024,2025,12,176,Ending Stocks,8,(1000 MT),165.0
2222000,"Oilseed, Soybean",ID,Indonesia,2024,2025,12,88,Exports,8,(1000 MT),3.0
2222000,"Oilseed, Soybean",ID,Indonesia,2024,2025,12,161,Feed Waste Dom. Cons.,8,(1000 MT),150.0
2222000,"Oilseed, Soybean",ID,Indonesia,2024,2025,12,149,Food Use Dom. Cons.,8,(1000 MT),2600.0
2222000,"Oilseed, Soybean",ID,Indonesia,2024,2025,12,57,Imports,8,(1000 MT),2439.0
2222000,"Oilseed, Soybean",ID,Indonesia,2024,2025,12,28,Production,8,(1000 MT),350.0
2222000,"Oilseed, Soybean",ID,Indonesia,2024,2025,12,178,Total Distribution,8,(1000 MT),2918.0
2222000,"Oilseed, Soybean",ID,Indonesia,2024,2025,12,86,Total Supply,8,(1000 MT),2918.0
2222000,"Oilseed, Soybean",ID,Indonesia,2024,2025,12,184,Yield,26,(MT/HA),1.13
2222000,"Oilseed, Soybean",ID,Indonesia,2025,2026,3,4,Area Harvested,4,(1000 HA),290.0
2222000,"Oilseed, Soybean",ID,Indonesia,2025,2026,3,20,Beginning Stocks,8,(1000 MT),165.0
2222000,"Oilseed, Soybean",ID,Indonesia,2025,2026,3,7,Crush,8,(1000 MT),0.0
2222000,"Oilseed, Soybean",ID,Indonesia,2025,2026,3,125,Domestic Consumption,8,(1000 MT),3055.0
2222000,"Oilseed, Soybean",ID,Indonesia,2025,2026,3,176,Ending Stocks,8,(1000 MT),178.0
2222000,"Oilseed, Soybean",ID,Indonesia,2025,2026,3,88,Exports,8,(1000 MT),2.0
2222000,"Oilseed, Soybean",ID,Indonesia,2025,2026,3,161,Feed Waste Dom. Cons.,8,(1000 MT),155.0
2222000,"Oilseed, Soybean",ID,Indonesia,2025,2026,3,149,Food Use Dom. Cons.,8,(1000 MT),2900.0
2222000,"Oilseed, Soybean",ID,Indonesia,2025,2026,3,57,Imports,8,(1000 MT),2750.0
2222000,"Oilseed, Soybean",ID,Indonesia,2025,2026,3,28,Production,8,(1000 MT),320.0
2222000,"Oilseed, Soybean",ID,Indonesia,2025,2026,3,178,Total Distribution,8,(1000 MT),3235.0
2222000,"Oilseed, Soybean",ID,Indonesia,2025,2026,3,86,Total Supply,8,(1000 MT),3235.0
2222000,"Oilseed, Soybean",ID,Indonesia,2025,2026,3,184,Yield,26,(MT/HA),1.1
2222000,"Oilseed, Soybean",IR,Iran,2022,2025,4,4,Area Harvested,4,(1000 HA),75.0
2222000,"Oilseed, Soybean",IR,Iran,2022,2025,4,20,Beginning Stocks,8,(1000 MT),448.0
2222000,"Oilseed, Soybean",IR,Iran,2022,2025,4,7,Crush,8,(1000 MT),3000.0
2222000,"Oilseed, Soybean",IR,Iran,2022,2025,4,125,Domestic Consumption,8,(1000 MT),3005.0
2222000,"Oilseed, Soybean",IR,Iran,2022,2025,4,176,Ending Stocks,8,(1000 MT),416.0
2222000,"Oilseed, Soybean",IR,Iran,2022,2025,4,88,Exports,8,(1000 MT),0.0
2222000,"Oilseed, Soybean",IR,Iran,2022,2025,4,161,Feed Waste Dom. Cons.,8,(1000 MT),5.0
2222000,"Oilseed, Soybean",IR,Iran,2022,2025,4,149,Food Use Dom. Cons.,8,(1000 MT),0.0
2222000,"Oilseed, Soybean",IR,Iran,2022,2025,4,57,Imports,8,(1000 MT),2803.0
2222000,"Oilseed, Soybean",IR,Iran,2022,2025,4,28,Production,8,(1000 MT),170.0
2222000,"Oilseed, Soybean",IR,Iran,2022,2025,4,178,Total Distribution,8,(1000 MT),3421.0
2222000,"Oilseed, Soybean",IR,Iran,2022,2025,4,86,Total Supply,8,(1000 MT),3421.0
2222000,"Oilseed, Soybean",IR,Iran,2022,2025,4,184,Yield,26,(MT/HA),2.27
2222000,"Oilseed, Soybean",IR,Iran,2023,2025,4,4,Area Harvested,4,(1000 HA),70.0
2222000,"Oilseed, Soybean",IR,Iran,2023,2025,4,20,Beginning Stocks,8,(1000 MT),416.0
2222000,"Oilseed, Soybean",IR,Iran,2023,2025,4,7,Crush,8,(1000 MT),2700.0
2222000,"Oilseed, Soybean",IR,Iran,2023,2025,4,125,Domestic Consumption,8,(1000 MT),2705.0
2222000,"Oilseed, Soybean",IR,Iran,2023,2025,4,176,Ending Stocks,8,(1000 MT),430.0
2222000,"Oilseed, Soybean",IR,Iran,2023,2025,4,88,Exports,8,(1000 MT),0.0
2222000,"Oilseed, Soybean",IR,Iran,2023,2025,4,161,Feed Waste Dom. Cons.,8,(1000 MT),5.0
2222000,"Oilseed, Soybean",IR,Iran,2023,2025,4,149,Food Use Dom. Cons.,8,(1000 MT),0.0
2222000,"Oilseed, Soybean",IR,Iran,2023,2025,4,57,Imports,8,(1000 MT),2554.0
2222000,"Oilseed, Soybean",IR,Iran,2023,2025,4,28,Production,8,(1000 MT),165.0
2222000,"Oilseed, Soybean",IR,Iran,2023,2025,4,178,Total Distribution,8,(1000 MT),3135.0
2222000,"Oilseed, Soybean",IR,Iran,2023,2025,4,86,Total Supply,8,(1000 MT),3135.0
2222000,"Oilseed, Soybean",IR,Iran,2023,2025,4,184,Yield,26,(MT/HA),2.36
2222000,"Oilseed, Soybean",IR,Iran,2024,2025,11,4,Area Harvested,4,(1000 HA),70.0
2222000,"Oilseed, Soybean",IR,Iran,2024,2025,11,20,Beginning Stocks,8,(1000 MT),430.0
2222000,"Oilseed, Soybean",IR,Iran,2024,2025,11,7,Crush,8,(1000 MT),2850.0
2222000,"Oilseed, Soybean",IR,Iran,2024,2025,11,125,Domestic Consumption,8,(1000 MT),2855.0
2222000,"Oilseed, Soybean",IR,Iran,2024,2025,11,176,Ending Stocks,8,(1000 MT),438.0
2222000,"Oilseed, Soybean",IR,Iran,2024,2025,11,88,Exports,8,(1000 MT),0.0
2222000,"Oilseed, Soybean",IR,Iran,2024,2025,11,161,Feed Waste Dom. Cons.,8,(1000 MT),5.0
2222000,"Oilseed, Soybean",IR,Iran,2024,2025,11,149,Food Use Dom. Cons.,8,(1000 MT),0.0
2222000,"Oilseed, Soybean",IR,Iran,2024,2025,11,57,Imports,8,(1000 MT),2693.0
2222000,"Oilseed, Soybean",IR,Iran,2024,2025,11,28,Production,8,(1000 MT),170.0
2222000,"Oilseed, Soybean",IR,Iran,2024,2025,11,178,Total Distribution,8,(1000 MT),3293.0
2222000,"Oilseed, Soybean",IR,Iran,2024,2025,11,86,Total Supply,8,(1000 MT),3293.0
2222000,"Oilseed, Soybean",IR,Iran,2024,2025,11,184,Yield,26,(MT/HA),2.43
2222000,"Oilseed, Soybean",IR,Iran,2025,2026,3,4,Area Harvested,4,(1000 HA),70.0
2222000,"Oilseed, Soybean",IR,Iran,2025,2026,3,20,Beginning Stocks,8,(1000 MT),438.0
2222000,"Oilseed, Soybean",IR,Iran,2025,2026,3,7,Crush,8,(1000 MT),2800.0
2222000,"Oilseed, Soybean",IR,Iran,2025,2026,3,125,Domestic Consumption,8,(1000 MT),2805.0
2222000,"Oilseed, Soybean",IR,Iran,2025,2026,3,176,Ending Stocks,8,(1000 MT),353.0
2222000,"Oilseed, Soybean",IR,Iran,2025,2026,3,88,Exports,8,(1000 MT),0.0
2222000,"Oilseed, Soybean",IR,Iran,2025,2026,3,161,Feed Waste Dom. Cons.,8,(1000 MT),5.0
2222000,"Oilseed, Soybean",IR,Iran,2025,2026,3,149,Food Use Dom. Cons.,8,(1000 MT),0.0
2222000,"Oilseed, Soybean",IR,Iran,2025,2026,3,57,Imports,8,(1000 MT),2550.0
2222000,"Oilseed, Soybean",IR,Iran,2025,2026,3,28,Production,8,(1000 MT),170.0
2222000,"Oilseed, Soybean",IR,Iran,2025,2026,3,178,Total Distribution,8,(1000 MT),3158.0
2222000,"Oilseed, Soybean",IR,Iran,2025,2026,3,86,Total Supply,8,(1000 MT),3158.0
2222000,"Oilseed, Soybean",IR,Iran,2025,2026,3,184,Yield,26,(MT/HA),2.43
2222000,"Oilseed, Soybean",IZ,Iraq,2022,2025,4,4,Area Harvested,4,(1000 HA),0.0
2222000,"Oilseed, Soybean",IZ,Iraq,2022,2025,4,20,Beginning Stocks,8,(1000 MT),0.0
2222000,"Oilseed, Soybean",IZ,Iraq,2022,2025,4,7,Crush,8,(1000 MT),600.0
2222000,"Oilseed, Soybean",IZ,Iraq,2022,2025,4,125,Domestic Consumption,8,(1000 MT),610.0
2222000,"Oilseed, Soybean",IZ,Iraq,2022,2025,4,176,Ending Stocks,8,(1000 MT),150.0
2222000,"Oilseed, Soybean",IZ,Iraq,2022,2025,4,88,Exports,8,(1000 MT),0.0
2222000,"Oilseed, Soybean",IZ,Iraq,2022,2025,4,161,Feed Waste Dom. Cons.,8,(1000 MT),10.0
2222000,"Oilseed, Soybean",IZ,Iraq,2022,2025,4,149,Food Use Dom. Cons.,8,(1000 MT),0.0
2222000,"Oilseed, Soybean",IZ,Iraq,2022,2025,4,57,Imports,8,(1000 MT),760.0
2222000,"Oilseed, Soybean",IZ,Iraq,2022,2025,4,28,Production,8,(1000 MT),0.0
2222000,"Oilseed, Soybean",IZ,Iraq,2022,2025,4,178,Total Distribution,8,(1000 MT),760.0
2222000,"Oilseed, Soybean",IZ,Iraq,2022,2025,4,86,Total Supply,8,(1000 MT),760.0
2222000,"Oilseed, Soybean",IZ,Iraq,2022,2025,4,184,Yield,26,(MT/HA),0.0
2222000,"Oilseed, Soybean",IZ,Iraq,2023,2025,4,4,Area Harvested,4,(1000 HA),0.0
2222000,"Oilseed, Soybean",IZ,Iraq,2023,2025,4,20,Beginning Stocks,8,(1000 MT),150.0
2222000,"Oilseed, Soybean",IZ,Iraq,2023,2025,4,7,Crush,8,(1000 MT),400.0
2222000,"Oilseed, Soybean",IZ,Iraq,2023,2025,4,125,Domestic Consumption,8,(1000 MT),410.0
2222000,"Oilseed, Soybean",IZ,Iraq,2023,2025,4,176,Ending Stocks,8,(1000 MT),4.0
2222000,"Oilseed, Soybean",IZ,Iraq,2023,2025,4,88,Exports,8,(1000 MT),0.0
2222000,"Oilseed, Soybean",IZ,Iraq,2023,2025,4,161,Feed Waste Dom. Cons.,8,(1000 MT),10.0
2222000,"Oilseed, Soybean",IZ,Iraq,2023,2025,4,149,Food Use Dom. Cons.,8,(1000 MT),0.0
2222000,"Oilseed, Soybean",IZ,Iraq,2023,2025,4,57,Imports,8,(1000 MT),264.0
2222000,"Oilseed, Soybean",IZ,Iraq,2023,2025,4,28,Production,8,(1000 MT),0.0
2222000,"Oilseed, Soybean",IZ,Iraq,2023,2025,4,178,Total Distribution,8,(1000 MT),414.0
2222000,"Oilseed, Soybean",IZ,Iraq,2023,2025,4,86,Total Supply,8,(1000 MT),414.0
2222000,"Oilseed, Soybean",IZ,Iraq,2023,2025,4,184,Yield,26,(MT/HA),0.0
2222000,"Oilseed, Soybean",IZ,Iraq,2024,2025,11,4,Area Harvested,4,(1000 HA),0.0
2222000,"Oilseed, Soybean",IZ,Iraq,2024,2025,11,20,Beginning Stocks,8,(1000 MT),4.0
2222000,"Oilseed, Soybean",IZ,Iraq,2024,2025,11,7,Crush,8,(1000 MT),1100.0
2222000,"Oilseed, Soybean",IZ,Iraq,2024,2025,11,125,Domestic Consumption,8,(1000 MT),1204.0
2222000,"Oilseed, Soybean",IZ,Iraq,2024,2025,11,176,Ending Stocks,8,(1000 MT),101.0
2222000,"Oilseed, Soybean",IZ,Iraq,2024,2025,11,88,Exports,8,(1000 MT),0.0
2222000,"Oilseed, Soybean",IZ,Iraq,2024,2025,11,161,Feed Waste Dom. Cons.,8,(1000 MT),104.0
2222000,"Oilseed, Soybean",IZ,Iraq,2024,2025,11,149,Food Use Dom. Cons.,8,(1000 MT),0.0
2222000,"Oilseed, Soybean",IZ,Iraq,2024,2025,11,57,Imports,8,(1000 MT),1301.0
2222000,"Oilseed, Soybean",IZ,Iraq,2024,2025,11,28,Production,8,(1000 MT),0.0
2222000,"Oilseed, Soybean",IZ,Iraq,2024,2025,11,178,Total Distribution,8,(1000 MT),1305.0
2222000,"Oilseed, Soybean",IZ,Iraq,2024,2025,11,86,Total Supply,8,(1000 MT),1305.0
2222000,"Oilseed, Soybean",IZ,Iraq,2024,2025,11,184,Yield,26,(MT/HA),0.0
2222000,"Oilseed, Soybean",IZ,Iraq,2025,2026,3,4,Area Harvested,4,(1000 HA),0.0
2222000,"Oilseed, Soybean",IZ,Iraq,2025,2026,3,20,Beginning Stocks,8,(1000 MT),101.0
2222000,"Oilseed, Soybean",IZ,Iraq,2025,2026,3,7,Crush,8,(1000 MT),1100.0
2222000,"Oilseed, Soybean",IZ,Iraq,2025,2026,3,125,Domestic Consumption,8,(1000 MT),1250.0
2222000,"Oilseed, Soybean",IZ,Iraq,2025,2026,3,176,Ending Stocks,8,(1000 MT),151.0
2222000,"Oilseed, Soybean",IZ,Iraq,2025,2026,3,88,Exports,8,(1000 MT),0.0
2222000,"Oilseed, Soybean",IZ,Iraq,2025,2026,3,161,Feed Waste Dom. Cons.,8,(1000 MT),150.0
2222000,"Oilseed, Soybean",IZ,Iraq,2025,2026,3,149,Food Use Dom. Cons.,8,(1000 MT),0.0
2222000,"Oilseed, Soybean",IZ,Iraq,2025,2026,3,57,Imports,8,(1000 MT),1300.0
2222000,"Oilseed, Soybean",IZ,Iraq,2025,2026,3,28,Production,8,(1000 MT),0.0
2222000,"Oilseed, Soybean",IZ,Iraq,2025,2026,3,178,Total Distribution,8,(1000 MT),1401.0
2222000,"Oilseed, Soybean",IZ,Iraq,2025,2026,3,86,Total Supply,8,(1000 MT),1401.0
2222000,"Oilseed, Soybean",IZ,Iraq,2025,2026,3,184,Yield,26,(MT/HA),0.0
2222000,"Oilseed, Soybean",IS,Israel,2022,2025,4,4,Area Harvested,4,(1000 HA),0.0
2222000,"Oilseed, Soybean",IS,Israel,2022,2025,4,20,Beginning Stocks,8,(1000 MT),23.0
2222000,"Oilseed, Soybean",IS,Israel,2022,2025,4,7,Crush,8,(1000 MT),280.0
2222000,"Oilseed, Soybean",IS,Israel,2022,2025,4,125,Domestic Consumption,8,(1000 MT),307.0
2222000,"Oilseed, Soybean",IS,Israel,2022,2025,4,176,Ending Stocks,8,(1000 MT),13.0
2222000,"Oilseed, Soybean",IS,Israel,2022,2025,4,88,Exports,8,(1000 MT),0.0
2222000,"Oilseed, Soybean",IS,Israel,2022,2025,4,161,Feed Waste Dom. Cons.,8,(1000 MT),12.0
2222000,"Oilseed, Soybean",IS,Israel,2022,2025,4,149,Food Use Dom. Cons.,8,(1000 MT),15.0
2222000,"Oilseed, Soybean",IS,Israel,2022,2025,4,57,Imports,8,(1000 MT),297.0
2222000,"Oilseed, Soybean",IS,Israel,2022,2025,4,28,Production,8,(1000 MT),0.0
2222000,"Oilseed, Soybean",IS,Israel,2022,2025,4,178,Total Distribution,8,(1000 MT),320.0
2222000,"Oilseed, Soybean",IS,Israel,2022,2025,4,86,Total Supply,8,(1000 MT),320.0
2222000,"Oilseed, Soybean",IS,Israel,2022,2025,4,184,Yield,26,(MT/HA),0.0
2222000,"Oilseed, Soybean",IS,Israel,2023,2025,4,4,Area Harvested,4,(1000 HA),0.0
2222000,"Oilseed, Soybean",IS,Israel,2023,2025,4,20,Beginning Stocks,8,(1000 MT),13.0
2222000,"Oilseed, Soybean",IS,Israel,2023,2025,4,7,Crush,8,(1000 MT),260.0
2222000,"Oilseed, Soybean",IS,Israel,2023,2025,4,125,Domestic Consumption,8,(1000 MT),287.0
2222000,"Oilseed, Soybean",IS,Israel,2023,2025,4,176,Ending Stocks,8,(1000 MT),11.0
2222000,"Oilseed, Soybean",IS,Israel,2023,2025,4,88,Exports,8,(1000 MT),0.0
2222000,"Oilseed, Soybean",IS,Israel,2023,2025,4,161,Feed Waste Dom. Cons.,8,(1000 MT),12.0
2222000,"Oilseed, Soybean",IS,Israel,2023,2025,4,149,Food Use Dom. Cons.,8,(1000 MT),15.0
2222000,"Oilseed, Soybean",IS,Israel,2023,2025,4,57,Imports,8,(1000 MT),285.0
2222000,"Oilseed, Soybean",IS,Israel,2023,2025,4,28,Production,8,(1000 MT),0.0
2222000,"Oilseed, Soybean",IS,Israel,2023,2025,4,178,Total Distribution,8,(1000 MT),298.0
2222000,"Oilseed, Soybean",IS,Israel,2023,2025,4,86,Total Supply,8,(1000 MT),298.0
2222000,"Oilseed, Soybean",IS,Israel,2023,2025,4,184,Yield,26,(MT/HA),0.0
2222000,"Oilseed, Soybean",IS,Israel,2024,2026,1,4,Area Harvested,4,(1000 HA),0.0
2222000,"Oilseed, Soybean",IS,Israel,2024,2026,1,20,Beginning Stocks,8,(1000 MT),11.0
2222000,"Oilseed, Soybean",IS,Israel,2024,2026,1,7,Crush,8,(1000 MT),240.0
2222000,"Oilseed, Soybean",IS,Israel,2024,2026,1,125,Domestic Consumption,8,(1000 MT),267.0
2222000,"Oilseed, Soybean",IS,Israel,2024,2026,1,176,Ending Stocks,8,(1000 MT),10.0
2222000,"Oilseed, Soybean",IS,Israel,2024,2026,1,88,Exports,8,(1000 MT),0.0
2222000,"Oilseed, Soybean",IS,Israel,2024,2026,1,161,Feed Waste Dom. Cons.,8,(1000 MT),12.0
2222000,"Oilseed, Soybean",IS,Israel,2024,2026,1,149,Food Use Dom. Cons.,8,(1000 MT),15.0
2222000,"Oilseed, Soybean",IS,Israel,2024,2026,1,57,Imports,8,(1000 MT),266.0
2222000,"Oilseed, Soybean",IS,Israel,2024,2026,1,28,Production,8,(1000 MT),0.0
2222000,"Oilseed, Soybean",IS,Israel,2024,2026,1,178,Total Distribution,8,(1000 MT),277.0
2222000,"Oilseed, Soybean",IS,Israel,2024,2026,1,86,Total Supply,8,(1000 MT),277.0
2222000,"Oilseed, Soybean",IS,Israel,2024,2026,1,184,Yield,26,(MT/HA),0.0
2222000,"Oilseed, Soybean",IS,Israel,2025,2026,3,4,Area Harvested,4,(1000 HA),0.0
2222000,"Oilseed, Soybean",IS,Israel,2025,2026,3,20,Beginning Stocks,8,(1000 MT),10.0
2222000,"Oilseed, Soybean",IS,Israel,2025,2026,3,7,Crush,8,(1000 MT),290.0
2222000,"Oilseed, Soybean",IS,Israel,2025,2026,3,125,Domestic Consumption,8,(1000 MT),317.0
2222000,"Oilseed, Soybean",IS,Israel,2025,2026,3,176,Ending Stocks,8,(1000 MT),13.0
2222000,"Oilseed, Soybean",IS,Israel,2025,2026,3,88,Exports,8,(1000 MT),0.0
2222000,"Oilseed, Soybean",IS,Israel,2025,2026,3,161,Feed Waste Dom. Cons.,8,(1000 MT),12.0
2222000,"Oilseed, Soybean",IS,Israel,2025,2026,3,149,Food Use Dom. Cons.,8,(1000 MT),15.0
2222000,"Oilseed, Soybean",IS,Israel,2025,2026,3,57,Imports,8,(1000 MT),320.0
2222000,"Oilseed, Soybean",IS,Israel,2025,2026,3,28,Production,8,(1000 MT),0.0
2222000,"Oilseed, Soybean",IS,Israel,2025,2026,3,178,Total Distribution,8,(1000 MT),330.0
2222000,"Oilseed, Soybean",IS,Israel,2025,2026,3,86,Total Supply,8,(1000 MT),330.0
2222000,"Oilseed, Soybean",IS,Israel,2025,2026,3,184,Yield,26,(MT/HA),0.0
2222000,"Oilseed, Soybean",JA,Japan,2022,2025,4,4,Area Harvested,4,(1000 HA),152.0
2222000,"Oilseed, Soybean",JA,Japan,2022,2025,4,20,Beginning Stocks,8,(1000 MT),243.0
2222000,"Oilseed, Soybean",JA,Japan,2022,2025,4,7,Crush,8,(1000 MT),2600.0
2222000,"Oilseed, Soybean",JA,Japan,2022,2025,4,125,Domestic Consumption,8,(1000 MT),3635.0
2222000,"Oilseed, Soybean",JA,Japan,2022,2025,4,176,Ending Stocks,8,(1000 MT),183.0
2222000,"Oilseed, Soybean",JA,Japan,2022,2025,4,88,Exports,8,(1000 MT),0.0
2222000,"Oilseed, Soybean",JA,Japan,2022,2025,4,161,Feed Waste Dom. Cons.,8,(1000 MT),125.0
2222000,"Oilseed, Soybean",JA,Japan,2022,2025,4,149,Food Use Dom. Cons.,8,(1000 MT),910.0
2222000,"Oilseed, Soybean",JA,Japan,2022,2025,4,57,Imports,8,(1000 MT),3332.0
2222000,"Oilseed, Soybean",JA,Japan,2022,2025,4,28,Production,8,(1000 MT),243.0
2222000,"Oilseed, Soybean",JA,Japan,2022,2025,4,178,Total Distribution,8,(1000 MT),3818.0
2222000,"Oilseed, Soybean",JA,Japan,2022,2025,4,86,Total Supply,8,(1000 MT),3818.0
2222000,"Oilseed, Soybean",JA,Japan,2022,2025,4,184,Yield,26,(MT/HA),1.6
2222000,"Oilseed, Soybean",JA,Japan,2023,2025,5,4,Area Harvested,4,(1000 HA),155.0
2222000,"Oilseed, Soybean",JA,Japan,2023,2025,5,20,Beginning Stocks,8,(1000 MT),183.0
2222000,"Oilseed, Soybean",JA,Japan,2023,2025,5,7,Crush,8,(1000 MT),2364.0
2222000,"Oilseed, Soybean",JA,Japan,2023,2025,5,125,Domestic Consumption,8,(1000 MT),3364.0
2222000,"Oilseed, Soybean",JA,Japan,2023,2025,5,176,Ending Stocks,8,(1000 MT),165.0
2222000,"Oilseed, Soybean",JA,Japan,2023,2025,5,88,Exports,8,(1000 MT),0.0
2222000,"Oilseed, Soybean",JA,Japan,2023,2025,5,161,Feed Waste Dom. Cons.,8,(1000 MT),100.0
2222000,"Oilseed, Soybean",JA,Japan,2023,2025,5,149,Food Use Dom. Cons.,8,(1000 MT),900.0
2222000,"Oilseed, Soybean",JA,Japan,2023,2025,5,57,Imports,8,(1000 MT),3099.0
2222000,"Oilseed, Soybean",JA,Japan,2023,2025,5,28,Production,8,(1000 MT),247.0
2222000,"Oilseed, Soybean",JA,Japan,2023,2025,5,178,Total Distribution,8,(1000 MT),3529.0
2222000,"Oilseed, Soybean",JA,Japan,2023,2025,5,86,Total Supply,8,(1000 MT),3529.0
2222000,"Oilseed, Soybean",JA,Japan,2023,2025,5,184,Yield,26,(MT/HA),1.59
2222000,"Oilseed, Soybean",JA,Japan,2024,2025,11,4,Area Harvested,4,(1000 HA),154.0
2222000,"Oilseed, Soybean",JA,Japan,2024,2025,11,20,Beginning Stocks,8,(1000 MT),165.0
2222000,"Oilseed, Soybean",JA,Japan,2024,2025,11,7,Crush,8,(1000 MT),2485.0
2222000,"Oilseed, Soybean",JA,Japan,2024,2025,11,125,Domestic Consumption,8,(1000 MT),3480.0
2222000,"Oilseed, Soybean",JA,Japan,2024,2025,11,176,Ending Stocks,8,(1000 MT),201.0
2222000,"Oilseed, Soybean",JA,Japan,2024,2025,11,88,Exports,8,(1000 MT),0.0
2222000,"Oilseed, Soybean",JA,Japan,2024,2025,11,161,Feed Waste Dom. Cons.,8,(1000 MT),95.0
2222000,"Oilseed, Soybean",JA,Japan,2024,2025,11,149,Food Use Dom. Cons.,8,(1000 MT),900.0
2222000,"Oilseed, Soybean",JA,Japan,2024,2025,11,57,Imports,8,(1000 MT),3243.0
2222000,"Oilseed, Soybean",JA,Japan,2024,2025,11,28,Production,8,(1000 MT),273.0
2222000,"Oilseed, Soybean",JA,Japan,2024,2025,11,178,Total Distribution,8,(1000 MT),3681.0
2222000,"Oilseed, Soybean",JA,Japan,2024,2025,11,86,Total Supply,8,(1000 MT),3681.0
2222000,"Oilseed, Soybean",JA,Japan,2024,2025,11,184,Yield,26,(MT/HA),1.77
2222000,"Oilseed, Soybean",JA,Japan,2025,2026,3,4,Area Harvested,4,(1000 HA),155.0
2222000,"Oilseed, Soybean",JA,Japan,2025,2026,3,20,Beginning Stocks,8,(1000 MT),201.0
2222000,"Oilseed, Soybean",JA,Japan,2025,2026,3,7,Crush,8,(1000 MT),2350.0
2222000,"Oilseed, Soybean",JA,Japan,2025,2026,3,125,Domestic Consumption,8,(1000 MT),3350.0
2222000,"Oilseed, Soybean",JA,Japan,2025,2026,3,176,Ending Stocks,8,(1000 MT),201.0
2222000,"Oilseed, Soybean",JA,Japan,2025,2026,3,88,Exports,8,(1000 MT),0.0
2222000,"Oilseed, Soybean",JA,Japan,2025,2026,3,161,Feed Waste Dom. Cons.,8,(1000 MT),100.0
2222000,"Oilseed, Soybean",JA,Japan,2025,2026,3,149,Food Use Dom. Cons.,8,(1000 MT),900.0
2222000,"Oilseed, Soybean",JA,Japan,2025,2026,3,57,Imports,8,(1000 MT),3100.0
2222000,"Oilseed, Soybean",JA,Japan,2025,2026,3,28,Production,8,(1000 MT),250.0
2222000,"Oilseed, Soybean",JA,Japan,2025,2026,3,178,Total Distribution,8,(1000 MT),3551.0
2222000,"Oilseed, Soybean",JA,Japan,2025,2026,3,86,Total Supply,8,(1000 MT),3551.0
2222000,"Oilseed, Soybean",JA,Japan,2025,2026,3,184,Yield,26,(MT/HA),1.61
2222000,"Oilseed, Soybean",KZ,Kazakhstan,2022,2025,4,4,Area Harvested,4,(1000 HA),133.0
2222000,"Oilseed, Soybean",KZ,Kazakhstan,2022,2025,4,20,Beginning Stocks,8,(1000 MT),13.0
2222000,"Oilseed, Soybean",KZ,Kazakhstan,2022,2025,4,7,Crush,8,(1000 MT),220.0
2222000,"Oilseed, Soybean",KZ,Kazakhstan,2022,2025,4,125,Domestic Consumption,8,(1000 MT),244.0
2222000,"Oilseed, Soybean",KZ,Kazakhstan,2022,2025,4,176,Ending Stocks,8,(1000 MT),12.0
2222000,"Oilseed, Soybean",KZ,Kazakhstan,2022,2025,4,88,Exports,8,(1000 MT),45.0
2222000,"Oilseed, Soybean",KZ,Kazakhstan,2022,2025,4,161,Feed Waste Dom. Cons.,8,(1000 MT),24.0
2222000,"Oilseed, Soybean",KZ,Kazakhstan,2022,2025,4,149,Food Use Dom. Cons.,8,(1000 MT),0.0
2222000,"Oilseed, Soybean",KZ,Kazakhstan,2022,2025,4,57,Imports,8,(1000 MT),38.0
2222000,"Oilseed, Soybean",KZ,Kazakhstan,2022,2025,4,28,Production,8,(1000 MT),250.0
2222000,"Oilseed, Soybean",KZ,Kazakhstan,2022,2025,4,178,Total Distribution,8,(1000 MT),301.0
2222000,"Oilseed, Soybean",KZ,Kazakhstan,2022,2025,4,86,Total Supply,8,(1000 MT),301.0
2222000,"Oilseed, Soybean",KZ,Kazakhstan,2022,2025,4,184,Yield,26,(MT/HA),1.88
2222000,"Oilseed, Soybean",KZ,Kazakhstan,2023,2025,4,4,Area Harvested,4,(1000 HA),100.0
2222000,"Oilseed, Soybean",KZ,Kazakhstan,2023,2025,4,20,Beginning Stocks,8,(1000 MT),12.0
2222000,"Oilseed, Soybean",KZ,Kazakhstan,2023,2025,4,7,Crush,8,(1000 MT),225.0
2222000,"Oilseed, Soybean",KZ,Kazakhstan,2023,2025,4,125,Domestic Consumption,8,(1000 MT),248.0
2222000,"Oilseed, Soybean",KZ,Kazakhstan,2023,2025,4,176,Ending Stocks,8,(1000 MT),9.0
2222000,"Oilseed, Soybean",KZ,Kazakhstan,2023,2025,4,88,Exports,8,(1000 MT),36.0
2222000,"Oilseed, Soybean",KZ,Kazakhstan,2023,2025,4,161,Feed Waste Dom. Cons.,8,(1000 MT),23.0
2222000,"Oilseed, Soybean",KZ,Kazakhstan,2023,2025,4,149,Food Use Dom. Cons.,8,(1000 MT),0.0
2222000,"Oilseed, Soybean",KZ,Kazakhstan,2023,2025,4,57,Imports,8,(1000 MT),77.0
2222000,"Oilseed, Soybean",KZ,Kazakhstan,2023,2025,4,28,Production,8,(1000 MT),204.0
2222000,"Oilseed, Soybean",KZ,Kazakhstan,2023,2025,4,178,Total Distribution,8,(1000 MT),293.0
2222000,"Oilseed, Soybean",KZ,Kazakhstan,2023,2025,4,86,Total Supply,8,(1000 MT),293.0
2222000,"Oilseed, Soybean",KZ,Kazakhstan,2023,2025,4,184,Yield,26,(MT/HA),2.04
2222000,"Oilseed, Soybean",KZ,Kazakhstan,2024,2025,11,4,Area Harvested,4,(1000 HA),99.0
2222000,"Oilseed, Soybean",KZ,Kazakhstan,2024,2025,11,20,Beginning Stocks,8,(1000 MT),9.0
2222000,"Oilseed, Soybean",KZ,Kazakhstan,2024,2025,11,7,Crush,8,(1000 MT),200.0
2222000,"Oilseed, Soybean",KZ,Kazakhstan,2024,2025,11,125,Domestic Consumption,8,(1000 MT),224.0
2222000,"Oilseed, Soybean",KZ,Kazakhstan,2024,2025,11,176,Ending Stocks,8,(1000 MT),9.0
2222000,"Oilseed, Soybean",KZ,Kazakhstan,2024,2025,11,88,Exports,8,(1000 MT),39.0
2222000,"Oilseed, Soybean",KZ,Kazakhstan,2024,2025,11,161,Feed Waste Dom. Cons.,8,(1000 MT),24.0
2222000,"Oilseed, Soybean",KZ,Kazakhstan,2024,2025,11,149,Food Use Dom. Cons.,8,(1000 MT),0.0
2222000,"Oilseed, Soybean",KZ,Kazakhstan,2024,2025,11,57,Imports,8,(1000 MT),55.0
2222000,"Oilseed, Soybean",KZ,Kazakhstan,2024,2025,11,28,Production,8,(1000 MT),208.0
2222000,"Oilseed, Soybean",KZ,Kazakhstan,2024,2025,11,178,Total Distribution,8,(1000 MT),272.0
2222000,"Oilseed, Soybean",KZ,Kazakhstan,2024,2025,11,86,Total Supply,8,(1000 MT),272.0
2222000,"Oilseed, Soybean",KZ,Kazakhstan,2024,2025,11,184,Yield,26,(MT/HA),2.1
2222000,"Oilseed, Soybean",KZ,Kazakhstan,2025,2026,3,4,Area Harvested,4,(1000 HA),106.0
2222000,"Oilseed, Soybean",KZ,Kazakhstan,2025,2026,3,20,Beginning Stocks,8,(1000 MT),9.0
2222000,"Oilseed, Soybean",KZ,Kazakhstan,2025,2026,3,7,Crush,8,(1000 MT),225.0
2222000,"Oilseed, Soybean",KZ,Kazakhstan,2025,2026,3,125,Domestic Consumption,8,(1000 MT),245.0
2222000,"Oilseed, Soybean",KZ,Kazakhstan,2025,2026,3,176,Ending Stocks,8,(1000 MT),12.0
2222000,"Oilseed, Soybean",KZ,Kazakhstan,2025,2026,3,88,Exports,8,(1000 MT),35.0
2222000,"Oilseed, Soybean",KZ,Kazakhstan,2025,2026,3,161,Feed Waste Dom. Cons.,8,(1000 MT),20.0
2222000,"Oilseed, Soybean",KZ,Kazakhstan,2025,2026,3,149,Food Use Dom. Cons.,8,(1000 MT),0.0
2222000,"Oilseed, Soybean",KZ,Kazakhstan,2025,2026,3,57,Imports,8,(1000 MT),70.0
2222000,"Oilseed, Soybean",KZ,Kazakhstan,2025,2026,3,28,Production,8,(1000 MT),213.0
2222000,"Oilseed, Soybean",KZ,Kazakhstan,2025,2026,3,178,Total Distribution,8,(1000 MT),292.0
2222000,"Oilseed, Soybean",KZ,Kazakhstan,2025,2026,3,86,Total Supply,8,(1000 MT),292.0
2222000,"Oilseed, Soybean",KZ,Kazakhstan,2025,2026,3,184,Yield,26,(MT/HA),2.01
2222000,"Oilseed, Soybean",KN,"Korea, North",2022,2024,4,4,Area Harvested,4,(1000 HA),156.0
2222000,"Oilseed, Soybean",KN,"Korea, North",2022,2024,4,20,Beginning Stocks,8,(1000 MT),18.0
2222000,"Oilseed, Soybean",KN,"Korea, North",2022,2024,4,7,Crush,8,(1000 MT),120.0
2222000,"Oilseed, Soybean",KN,"Korea, North",2022,2024,4,125,Domestic Consumption,8,(1000 MT),195.0
2222000,"Oilseed, Soybean",KN,"Korea, North",2022,2024,4,176,Ending Stocks,8,(1000 MT),8.0
2222000,"Oilseed, Soybean",KN,"Korea, North",2022,2024,4,88,Exports,8,(1000 MT),0.0
2222000,"Oilseed, Soybean",KN,"Korea, North",2022,2024,4,161,Feed Waste Dom. Cons.,8,(1000 MT),25.0
2222000,"Oilseed, Soybean",KN,"Korea, North",2022,2024,4,149,Food Use Dom. Cons.,8,(1000 MT),50.0
2222000,"Oilseed, Soybean",KN,"Korea, North",2022,2024,4,57,Imports,8,(1000 MT),5.0
2222000,"Oilseed, Soybean",KN,"Korea, North",2022,2024,4,28,Production,8,(1000 MT),180.0
2222000,"Oilseed, Soybean",KN,"Korea, North",2022,2024,4,178,Total Distribution,8,(1000 MT),203.0
2222000,"Oilseed, Soybean",KN,"Korea, North",2022,2024,4,86,Total Supply,8,(1000 MT),203.0
2222000,"Oilseed, Soybean",KN,"Korea, North",2022,2024,4,184,Yield,26,(MT/HA),1.15
2222000,"Oilseed, Soybean",KN,"Korea, North",2023,2024,4,4,Area Harvested,4,(1000 HA),156.0
2222000,"Oilseed, Soybean",KN,"Korea, North",2023,2024,4,20,Beginning Stocks,8,(1000 MT),8.0
2222000,"Oilseed, Soybean",KN,"Korea, North",2023,2024,4,7,Crush,8,(1000 MT),110.0
2222000,"Oilseed, Soybean",KN,"Korea, North",2023,2024,4,125,Domestic Consumption,8,(1000 MT),185.0
2222000,"Oilseed, Soybean",KN,"Korea, North",2023,2024,4,176,Ending Stocks,8,(1000 MT),8.0
2222000,"Oilseed, Soybean",KN,"Korea, North",2023,2024,4,88,Exports,8,(1000 MT),0.0
2222000,"Oilseed, Soybean",KN,"Korea, North",2023,2024,4,161,Feed Waste Dom. Cons.,8,(1000 MT),25.0
2222000,"Oilseed, Soybean",KN,"Korea, North",2023,2024,4,149,Food Use Dom. Cons.,8,(1000 MT),50.0
2222000,"Oilseed, Soybean",KN,"Korea, North",2023,2024,4,57,Imports,8,(1000 MT),5.0
2222000,"Oilseed, Soybean",KN,"Korea, North",2023,2024,4,28,Production,8,(1000 MT),180.0
2222000,"Oilseed, Soybean",KN,"Korea, North",2023,2024,4,178,Total Distribution,8,(1000 MT),193.0
2222000,"Oilseed, Soybean",KN,"Korea, North",2023,2024,4,86,Total Supply,8,(1000 MT),193.0
2222000,"Oilseed, Soybean",KN,"Korea, North",2023,2024,4,184,Yield,26,(MT/HA),1.15
2222000,"Oilseed, Soybean",KN,"Korea, North",2024,2025,4,4,Area Harvested,4,(1000 HA),156.0
2222000,"Oilseed, Soybean",KN,"Korea, North",2024,2025,4,20,Beginning Stocks,8,(1000 MT),8.0
2222000,"Oilseed, Soybean",KN,"Korea, North",2024,2025,4,7,Crush,8,(1000 MT),110.0
2222000,"Oilseed, Soybean",KN,"Korea, North",2024,2025,4,125,Domestic Consumption,8,(1000 MT),185.0
2222000,"Oilseed, Soybean",KN,"Korea, North",2024,2025,4,176,Ending Stocks,8,(1000 MT),8.0
2222000,"Oilseed, Soybean",KN,"Korea, North",2024,2025,4,88,Exports,8,(1000 MT),0.0
2222000,"Oilseed, Soybean",KN,"Korea, North",2024,2025,4,161,Feed Waste Dom. Cons.,8,(1000 MT),25.0
2222000,"Oilseed, Soybean",KN,"Korea, North",2024,2025,4,149,Food Use Dom. Cons.,8,(1000 MT),50.0
2222000,"Oilseed, Soybean",KN,"Korea, North",2024,2025,4,57,Imports,8,(1000 MT),5.0
2222000,"Oilseed, Soybean",KN,"Korea, North",2024,2025,4,28,Production,8,(1000 MT),180.0
2222000,"Oilseed, Soybean",KN,"Korea, North",2024,2025,4,178,Total Distribution,8,(1000 MT),193.0
2222000,"Oilseed, Soybean",KN,"Korea, North",2024,2025,4,86,Total Supply,8,(1000 MT),193.0
2222000,"Oilseed, Soybean",KN,"Korea, North",2024,2025,4,184,Yield,26,(MT/HA),1.15
2222000,"Oilseed, Soybean",KN,"Korea, North",2025,2026,3,4,Area Harvested,4,(1000 HA),156.0
2222000,"Oilseed, Soybean",KN,"Korea, North",2025,2026,3,20,Beginning Stocks,8,(1000 MT),8.0
2222000,"Oilseed, Soybean",KN,"Korea, North",2025,2026,3,7,Crush,8,(1000 MT),110.0
2222000,"Oilseed, Soybean",KN,"Korea, North",2025,2026,3,125,Domestic Consumption,8,(1000 MT),185.0
2222000,"Oilseed, Soybean",KN,"Korea, North",2025,2026,3,176,Ending Stocks,8,(1000 MT),8.0
2222000,"Oilseed, Soybean",KN,"Korea, North",2025,2026,3,88,Exports,8,(1000 MT),0.0
2222000,"Oilseed, Soybean",KN,"Korea, North",2025,2026,3,161,Feed Waste Dom. Cons.,8,(1000 MT),25.0
2222000,"Oilseed, Soybean",KN,"Korea, North",2025,2026,3,149,Food Use Dom. Cons.,8,(1000 MT),50.0
2222000,"Oilseed, Soybean",KN,"Korea, North",2025,2026,3,57,Imports,8,(1000 MT),5.0
2222000,"Oilseed, Soybean",KN,"Korea, North",2025,2026,3,28,Production,8,(1000 MT),180.0
2222000,"Oilseed, Soybean",KN,"Korea, North",2025,2026,3,178,Total Distribution,8,(1000 MT),193.0
2222000,"Oilseed, Soybean",KN,"Korea, North",2025,2026,3,86,Total Supply,8,(1000 MT),193.0
2222000,"Oilseed, Soybean",KN,"Korea, North",2025,2026,3,184,Yield,26,(MT/HA),1.15
2222000,"Oilseed, Soybean",KS,"Korea, South",2022,2025,4,4,Area Harvested,4,(1000 HA),64.0
2222000,"Oilseed, Soybean",KS,"Korea, South",2022,2025,4,20,Beginning Stocks,8,(1000 MT),75.0
2222000,"Oilseed, Soybean",KS,"Korea, South",2022,2025,4,7,Crush,8,(1000 MT),991.0
2222000,"Oilseed, Soybean",KS,"Korea, South",2022,2025,4,125,Domestic Consumption,8,(1000 MT),1391.0
2222000,"Oilseed, Soybean",KS,"Korea, South",2022,2025,4,176,Ending Stocks,8,(1000 MT),151.0
2222000,"Oilseed, Soybean",KS,"Korea, South",2022,2025,4,88,Exports,8,(1000 MT),0.0
2222000,"Oilseed, Soybean",KS,"Korea, South",2022,2025,4,161,Feed Waste Dom. Cons.,8,(1000 MT),60.0
2222000,"Oilseed, Soybean",KS,"Korea, South",2022,2025,4,149,Food Use Dom. Cons.,8,(1000 MT),340.0
2222000,"Oilseed, Soybean",KS,"Korea, South",2022,2025,4,57,Imports,8,(1000 MT),1337.0
2222000,"Oilseed, Soybean",KS,"Korea, South",2022,2025,4,28,Production,8,(1000 MT),130.0
2222000,"Oilseed, Soybean",KS,"Korea, South",2022,2025,4,178,Total Distribution,8,(1000 MT),1542.0
2222000,"Oilseed, Soybean",KS,"Korea, South",2022,2025,4,86,Total Supply,8,(1000 MT),1542.0
2222000,"Oilseed, Soybean",KS,"Korea, South",2022,2025,4,184,Yield,26,(MT/HA),2.03
2222000,"Oilseed, Soybean",KS,"Korea, South",2023,2025,11,4,Area Harvested,4,(1000 HA),68.0
2222000,"Oilseed, Soybean",KS,"Korea, South",2023,2025,11,20,Beginning Stocks,8,(1000 MT),151.0
2222000,"Oilseed, Soybean",KS,"Korea, South",2023,2025,11,7,Crush,8,(1000 MT),925.0
2222000,"Oilseed, Soybean",KS,"Korea, South",2023,2025,11,125,Domestic Consumption,8,(1000 MT),1300.0
2222000,"Oilseed, Soybean",KS,"Korea, South",2023,2025,11,176,Ending Stocks,8,(1000 MT),110.0
2222000,"Oilseed, Soybean",KS,"Korea, South",2023,2025,11,88,Exports,8,(1000 MT),0.0
2222000,"Oilseed, Soybean",KS,"Korea, South",2023,2025,11,161,Feed Waste Dom. Cons.,8,(1000 MT),55.0
2222000,"Oilseed, Soybean",KS,"Korea, South",2023,2025,11,149,Food Use Dom. Cons.,8,(1000 MT),320.0
2222000,"Oilseed, Soybean",KS,"Korea, South",2023,2025,11,57,Imports,8,(1000 MT),1118.0
2222000,"Oilseed, Soybean",KS,"Korea, South",2023,2025,11,28,Production,8,(1000 MT),141.0
2222000,"Oilseed, Soybean",KS,"Korea, South",2023,2025,11,178,Total Distribution,8,(1000 MT),1410.0
2222000,"Oilseed, Soybean",KS,"Korea, South",2023,2025,11,86,Total Supply,8,(1000 MT),1410.0
2222000,"Oilseed, Soybean",KS,"Korea, South",2023,2025,11,184,Yield,26,(MT/HA),2.07
2222000,"Oilseed, Soybean",KS,"Korea, South",2024,2025,11,4,Area Harvested,4,(1000 HA),74.0
2222000,"Oilseed, Soybean",KS,"Korea, South",2024,2025,11,20,Beginning Stocks,8,(1000 MT),110.0
2222000,"Oilseed, Soybean",KS,"Korea, South",2024,2025,11,7,Crush,8,(1000 MT),950.0
2222000,"Oilseed, Soybean",KS,"Korea, South",2024,2025,11,125,Domestic Consumption,8,(1000 MT),1310.0
2222000,"Oilseed, Soybean",KS,"Korea, South",2024,2025,11,176,Ending Stocks,8,(1000 MT),83.0
2222000,"Oilseed, Soybean",KS,"Korea, South",2024,2025,11,88,Exports,8,(1000 MT),0.0
2222000,"Oilseed, Soybean",KS,"Korea, South",2024,2025,11,161,Feed Waste Dom. Cons.,8,(1000 MT),45.0
2222000,"Oilseed, Soybean",KS,"Korea, South",2024,2025,11,149,Food Use Dom. Cons.,8,(1000 MT),315.0
2222000,"Oilseed, Soybean",KS,"Korea, South",2024,2025,11,57,Imports,8,(1000 MT),1128.0
2222000,"Oilseed, Soybean",KS,"Korea, South",2024,2025,11,28,Production,8,(1000 MT),155.0
2222000,"Oilseed, Soybean",KS,"Korea, South",2024,2025,11,178,Total Distribution,8,(1000 MT),1393.0
2222000,"Oilseed, Soybean",KS,"Korea, South",2024,2025,11,86,Total Supply,8,(1000 MT),1393.0
2222000,"Oilseed, Soybean",KS,"Korea, South",2024,2025,11,184,Yield,26,(MT/HA),2.09
2222000,"Oilseed, Soybean",KS,"Korea, South",2025,2026,3,4,Area Harvested,4,(1000 HA),74.0
2222000,"Oilseed, Soybean",KS,"Korea, South",2025,2026,3,20,Beginning Stocks,8,(1000 MT),83.0
2222000,"Oilseed, Soybean",KS,"Korea, South",2025,2026,3,7,Crush,8,(1000 MT),900.0
2222000,"Oilseed, Soybean",KS,"Korea, South",2025,2026,3,125,Domestic Consumption,8,(1000 MT),1305.0
2222000,"Oilseed, Soybean",KS,"Korea, South",2025,2026,3,176,Ending Stocks,8,(1000 MT),94.0
2222000,"Oilseed, Soybean",KS,"Korea, South",2025,2026,3,88,Exports,8,(1000 MT),0.0
2222000,"Oilseed, Soybean",KS,"Korea, South",2025,2026,3,161,Feed Waste Dom. Cons.,8,(1000 MT),45.0
2222000,"Oilseed, Soybean",KS,"Korea, South",2025,2026,3,149,Food Use Dom. Cons.,8,(1000 MT),360.0
2222000,"Oilseed, Soybean",KS,"Korea, South",2025,2026,3,57,Imports,8,(1000 MT),1160.0
2222000,"Oilseed, Soybean",KS,"Korea, South",2025,2026,3,28,Production,8,(1000 MT),156.0
2222000,"Oilseed, Soybean",KS,"Korea, South",2025,2026,3,178,Total Distribution,8,(1000 MT),1399.0
2222000,"Oilseed, Soybean",KS,"Korea, South",2025,2026,3,86,Total Supply,8,(1000 MT),1399.0
2222000,"Oilseed, Soybean",KS,"Korea, South",2025,2026,3,184,Yield,26,(MT/HA),2.11
2222000,"Oilseed, Soybean",LE,Lebanon,2022,2025,4,4,Area Harvested,4,(1000 HA),0.0
2222000,"Oilseed, Soybean",LE,Lebanon,2022,2025,4,20,Beginning Stocks,8,(1000 MT),14.0
2222000,"Oilseed, Soybean",LE,Lebanon,2022,2025,4,7,Crush,8,(1000 MT),135.0
2222000,"Oilseed, Soybean",LE,Lebanon,2022,2025,4,125,Domestic Consumption,8,(1000 MT),135.0
2222000,"Oilseed, Soybean",LE,Lebanon,2022,2025,4,176,Ending Stocks,8,(1000 MT),15.0
2222000,"Oilseed, Soybean",LE,Lebanon,2022,2025,4,88,Exports,8,(1000 MT),0.0
2222000,"Oilseed, Soybean",LE,Lebanon,2022,2025,4,161,Feed Waste Dom. Cons.,8,(1000 MT),0.0
2222000,"Oilseed, Soybean",LE,Lebanon,2022,2025,4,149,Food Use Dom. Cons.,8,(1000 MT),0.0
2222000,"Oilseed, Soybean",LE,Lebanon,2022,2025,4,57,Imports,8,(1000 MT),136.0
2222000,"Oilseed, Soybean",LE,Lebanon,2022,2025,4,28,Production,8,(1000 MT),0.0
2222000,"Oilseed, Soybean",LE,Lebanon,2022,2025,4,178,Total Distribution,8,(1000 MT),150.0
2222000,"Oilseed, Soybean",LE,Lebanon,2022,2025,4,86,Total Supply,8,(1000 MT),150.0
2222000,"Oilseed, Soybean",LE,Lebanon,2022,2025,4,184,Yield,26,(MT/HA),0.0
2222000,"Oilseed, Soybean",LE,Lebanon,2023,2025,12,4,Area Harvested,4,(1000 HA),0.0
2222000,"Oilseed, Soybean",LE,Lebanon,2023,2025,12,20,Beginning Stocks,8,(1000 MT),15.0
2222000,"Oilseed, Soybean",LE,Lebanon,2023,2025,12,7,Crush,8,(1000 MT),135.0
2222000,"Oilseed, Soybean",LE,Lebanon,2023,2025,12,125,Domestic Consumption,8,(1000 MT),135.0
2222000,"Oilseed, Soybean",LE,Lebanon,2023,2025,12,176,Ending Stocks,8,(1000 MT),15.0
2222000,"Oilseed, Soybean",LE,Lebanon,2023,2025,12,88,Exports,8,(1000 MT),0.0
2222000,"Oilseed, Soybean",LE,Lebanon,2023,2025,12,161,Feed Waste Dom. Cons.,8,(1000 MT),0.0
2222000,"Oilseed, Soybean",LE,Lebanon,2023,2025,12,149,Food Use Dom. Cons.,8,(1000 MT),0.0
2222000,"Oilseed, Soybean",LE,Lebanon,2023,2025,12,57,Imports,8,(1000 MT),135.0
2222000,"Oilseed, Soybean",LE,Lebanon,2023,2025,12,28,Production,8,(1000 MT),0.0
2222000,"Oilseed, Soybean",LE,Lebanon,2023,2025,12,178,Total Distribution,8,(1000 MT),150.0
2222000,"Oilseed, Soybean",LE,Lebanon,2023,2025,12,86,Total Supply,8,(1000 MT),150.0
2222000,"Oilseed, Soybean",LE,Lebanon,2023,2025,12,184,Yield,26,(MT/HA),0.0
2222000,"Oilseed, Soybean",LE,Lebanon,2024,2025,12,4,Area Harvested,4,(1000 HA),0.0
2222000,"Oilseed, Soybean",LE,Lebanon,2024,2025,12,20,Beginning Stocks,8,(1000 MT),15.0
2222000,"Oilseed, Soybean",LE,Lebanon,2024,2025,12,7,Crush,8,(1000 MT),210.0
2222000,"Oilseed, Soybean",LE,Lebanon,2024,2025,12,125,Domestic Consumption,8,(1000 MT),210.0
2222000,"Oilseed, Soybean",LE,Lebanon,2024,2025,12,176,Ending Stocks,8,(1000 MT),25.0
2222000,"Oilseed, Soybean",LE,Lebanon,2024,2025,12,88,Exports,8,(1000 MT),0.0
2222000,"Oilseed, Soybean",LE,Lebanon,2024,2025,12,161,Feed Waste Dom. Cons.,8,(1000 MT),0.0
2222000,"Oilseed, Soybean",LE,Lebanon,2024,2025,12,149,Food Use Dom. Cons.,8,(1000 MT),0.0
2222000,"Oilseed, Soybean",LE,Lebanon,2024,2025,12,57,Imports,8,(1000 MT),220.0
2222000,"Oilseed, Soybean",LE,Lebanon,2024,2025,12,28,Production,8,(1000 MT),0.0
2222000,"Oilseed, Soybean",LE,Lebanon,2024,2025,12,178,Total Distribution,8,(1000 MT),235.0
2222000,"Oilseed, Soybean",LE,Lebanon,2024,2025,12,86,Total Supply,8,(1000 MT),235.0
2222000,"Oilseed, Soybean",LE,Lebanon,2024,2025,12,184,Yield,26,(MT/HA),0.0
2222000,"Oilseed, Soybean",LE,Lebanon,2025,2026,3,4,Area Harvested,4,(1000 HA),0.0
2222000,"Oilseed, Soybean",LE,Lebanon,2025,2026,3,20,Beginning Stocks,8,(1000 MT),25.0
2222000,"Oilseed, Soybean",LE,Lebanon,2025,2026,3,7,Crush,8,(1000 MT),200.0
2222000,"Oilseed, Soybean",LE,Lebanon,2025,2026,3,125,Domestic Consumption,8,(1000 MT),200.0
2222000,"Oilseed, Soybean",LE,Lebanon,2025,2026,3,176,Ending Stocks,8,(1000 MT),25.0
2222000,"Oilseed, Soybean",LE,Lebanon,2025,2026,3,88,Exports,8,(1000 MT),0.0
2222000,"Oilseed, Soybean",LE,Lebanon,2025,2026,3,161,Feed Waste Dom. Cons.,8,(1000 MT),0.0
2222000,"Oilseed, Soybean",LE,Lebanon,2025,2026,3,149,Food Use Dom. Cons.,8,(1000 MT),0.0
2222000,"Oilseed, Soybean",LE,Lebanon,2025,2026,3,57,Imports,8,(1000 MT),200.0
2222000,"Oilseed, Soybean",LE,Lebanon,2025,2026,3,28,Production,8,(1000 MT),0.0
2222000,"Oilseed, Soybean",LE,Lebanon,2025,2026,3,178,Total Distribution,8,(1000 MT),225.0
2222000,"Oilseed, Soybean",LE,Lebanon,2025,2026,3,86,Total Supply,8,(1000 MT),225.0
2222000,"Oilseed, Soybean",LE,Lebanon,2025,2026,3,184,Yield,26,(MT/HA),0.0
2222000,"Oilseed, Soybean",MY,Malaysia,2022,2025,4,4,Area Harvested,4,(1000 HA),0.0
2222000,"Oilseed, Soybean",MY,Malaysia,2022,2025,4,20,Beginning Stocks,8,(1000 MT),79.0
2222000,"Oilseed, Soybean",MY,Malaysia,2022,2025,4,7,Crush,8,(1000 MT),465.0
2222000,"Oilseed, Soybean",MY,Malaysia,2022,2025,4,125,Domestic Consumption,8,(1000 MT),665.0
2222000,"Oilseed, Soybean",MY,Malaysia,2022,2025,4,176,Ending Stocks,8,(1000 MT),89.0
2222000,"Oilseed, Soybean",MY,Malaysia,2022,2025,4,88,Exports,8,(1000 MT),9.0
2222000,"Oilseed, Soybean",MY,Malaysia,2022,2025,4,161,Feed Waste Dom. Cons.,8,(1000 MT),40.0
2222000,"Oilseed, Soybean",MY,Malaysia,2022,2025,4,149,Food Use Dom. Cons.,8,(1000 MT),160.0
2222000,"Oilseed, Soybean",MY,Malaysia,2022,2025,4,57,Imports,8,(1000 MT),684.0
2222000,"Oilseed, Soybean",MY,Malaysia,2022,2025,4,28,Production,8,(1000 MT),0.0
2222000,"Oilseed, Soybean",MY,Malaysia,2022,2025,4,178,Total Distribution,8,(1000 MT),763.0
2222000,"Oilseed, Soybean",MY,Malaysia,2022,2025,4,86,Total Supply,8,(1000 MT),763.0
2222000,"Oilseed, Soybean",MY,Malaysia,2022,2025,4,184,Yield,26,(MT/HA),0.0
2222000,"Oilseed, Soybean",MY,Malaysia,2023,2025,4,4,Area Harvested,4,(1000 HA),0.0
2222000,"Oilseed, Soybean",MY,Malaysia,2023,2025,4,20,Beginning Stocks,8,(1000 MT),89.0
2222000,"Oilseed, Soybean",MY,Malaysia,2023,2025,4,7,Crush,8,(1000 MT),485.0
2222000,"Oilseed, Soybean",MY,Malaysia,2023,2025,4,125,Domestic Consumption,8,(1000 MT),685.0
2222000,"Oilseed, Soybean",MY,Malaysia,2023,2025,4,176,Ending Stocks,8,(1000 MT),74.0
2222000,"Oilseed, Soybean",MY,Malaysia,2023,2025,4,88,Exports,8,(1000 MT),13.0
2222000,"Oilseed, Soybean",MY,Malaysia,2023,2025,4,161,Feed Waste Dom. Cons.,8,(1000 MT),40.0
2222000,"Oilseed, Soybean",MY,Malaysia,2023,2025,4,149,Food Use Dom. Cons.,8,(1000 MT),160.0
2222000,"Oilseed, Soybean",MY,Malaysia,2023,2025,4,57,Imports,8,(1000 MT),683.0
2222000,"Oilseed, Soybean",MY,Malaysia,2023,2025,4,28,Production,8,(1000 MT),0.0
2222000,"Oilseed, Soybean",MY,Malaysia,2023,2025,4,178,Total Distribution,8,(1000 MT),772.0
2222000,"Oilseed, Soybean",MY,Malaysia,2023,2025,4,86,Total Supply,8,(1000 MT),772.0
2222000,"Oilseed, Soybean",MY,Malaysia,2023,2025,4,184,Yield,26,(MT/HA),0.0
2222000,"Oilseed, Soybean",MY,Malaysia,2024,2025,12,4,Area Harvested,4,(1000 HA),0.0
2222000,"Oilseed, Soybean",MY,Malaysia,2024,2025,12,20,Beginning Stocks,8,(1000 MT),74.0
2222000,"Oilseed, Soybean",MY,Malaysia,2024,2025,12,7,Crush,8,(1000 MT),500.0
2222000,"Oilseed, Soybean",MY,Malaysia,2024,2025,12,125,Domestic Consumption,8,(1000 MT),710.0
2222000,"Oilseed, Soybean",MY,Malaysia,2024,2025,12,176,Ending Stocks,8,(1000 MT),81.0
2222000,"Oilseed, Soybean",MY,Malaysia,2024,2025,12,88,Exports,8,(1000 MT),10.0
2222000,"Oilseed, Soybean",MY,Malaysia,2024,2025,12,161,Feed Waste Dom. Cons.,8,(1000 MT),40.0
2222000,"Oilseed, Soybean",MY,Malaysia,2024,2025,12,149,Food Use Dom. Cons.,8,(1000 MT),170.0
2222000,"Oilseed, Soybean",MY,Malaysia,2024,2025,12,57,Imports,8,(1000 MT),727.0
2222000,"Oilseed, Soybean",MY,Malaysia,2024,2025,12,28,Production,8,(1000 MT),0.0
2222000,"Oilseed, Soybean",MY,Malaysia,2024,2025,12,178,Total Distribution,8,(1000 MT),801.0
2222000,"Oilseed, Soybean",MY,Malaysia,2024,2025,12,86,Total Supply,8,(1000 MT),801.0
2222000,"Oilseed, Soybean",MY,Malaysia,2024,2025,12,184,Yield,26,(MT/HA),0.0
2222000,"Oilseed, Soybean",MY,Malaysia,2025,2026,3,4,Area Harvested,4,(1000 HA),0.0
2222000,"Oilseed, Soybean",MY,Malaysia,2025,2026,3,20,Beginning Stocks,8,(1000 MT),81.0
2222000,"Oilseed, Soybean",MY,Malaysia,2025,2026,3,7,Crush,8,(1000 MT),525.0
2222000,"Oilseed, Soybean",MY,Malaysia,2025,2026,3,125,Domestic Consumption,8,(1000 MT),745.0
2222000,"Oilseed, Soybean",MY,Malaysia,2025,2026,3,176,Ending Stocks,8,(1000 MT),96.0
2222000,"Oilseed, Soybean",MY,Malaysia,2025,2026,3,88,Exports,8,(1000 MT),15.0
2222000,"Oilseed, Soybean",MY,Malaysia,2025,2026,3,161,Feed Waste Dom. Cons.,8,(1000 MT),40.0
2222000,"Oilseed, Soybean",MY,Malaysia,2025,2026,3,149,Food Use Dom. Cons.,8,(1000 MT),180.0
2222000,"Oilseed, Soybean",MY,Malaysia,2025,2026,3,57,Imports,8,(1000 MT),775.0
2222000,"Oilseed, Soybean",MY,Malaysia,2025,2026,3,28,Production,8,(1000 MT),0.0
2222000,"Oilseed, Soybean",MY,Malaysia,2025,2026,3,178,Total Distribution,8,(1000 MT),856.0
2222000,"Oilseed, Soybean",MY,Malaysia,2025,2026,3,86,Total Supply,8,(1000 MT),856.0
2222000,"Oilseed, Soybean",MY,Malaysia,2025,2026,3,184,Yield,26,(MT/HA),0.0
2222000,"Oilseed, Soybean",MX,Mexico,2022,2025,4,4,Area Harvested,4,(1000 HA),115.0
2222000,"Oilseed, Soybean",MX,Mexico,2022,2025,4,20,Beginning Stocks,8,(1000 MT),648.0
2222000,"Oilseed, Soybean",MX,Mexico,2022,2025,4,7,Crush,8,(1000 MT),6650.0
2222000,"Oilseed, Soybean",MX,Mexico,2022,2025,4,125,Domestic Consumption,8,(1000 MT),6710.0
2222000,"Oilseed, Soybean",MX,Mexico,2022,2025,4,176,Ending Stocks,8,(1000 MT),563.0
2222000,"Oilseed, Soybean",MX,Mexico,2022,2025,4,88,Exports,8,(1000 MT),1.0
2222000,"Oilseed, Soybean",MX,Mexico,2022,2025,4,161,Feed Waste Dom. Cons.,8,(1000 MT),60.0
2222000,"Oilseed, Soybean",MX,Mexico,2022,2025,4,149,Food Use Dom. Cons.,8,(1000 MT),0.0
2222000,"Oilseed, Soybean",MX,Mexico,2022,2025,4,57,Imports,8,(1000 MT),6451.0
2222000,"Oilseed, Soybean",MX,Mexico,2022,2025,4,28,Production,8,(1000 MT),175.0
2222000,"Oilseed, Soybean",MX,Mexico,2022,2025,4,178,Total Distribution,8,(1000 MT),7274.0
2222000,"Oilseed, Soybean",MX,Mexico,2022,2025,4,86,Total Supply,8,(1000 MT),7274.0
2222000,"Oilseed, Soybean",MX,Mexico,2022,2025,4,184,Yield,26,(MT/HA),1.52
2222000,"Oilseed, Soybean",MX,Mexico,2023,2025,7,4,Area Harvested,4,(1000 HA),91.0
2222000,"Oilseed, Soybean",MX,Mexico,2023,2025,7,20,Beginning Stocks,8,(1000 MT),563.0
2222000,"Oilseed, Soybean",MX,Mexico,2023,2025,7,7,Crush,8,(1000 MT),6530.0
2222000,"Oilseed, Soybean",MX,Mexico,2023,2025,7,125,Domestic Consumption,8,(1000 MT),6595.0
2222000,"Oilseed, Soybean",MX,Mexico,2023,2025,7,176,Ending Stocks,8,(1000 MT),615.0
2222000,"Oilseed, Soybean",MX,Mexico,2023,2025,7,88,Exports,8,(1000 MT),8.0
2222000,"Oilseed, Soybean",MX,Mexico,2023,2025,7,161,Feed Waste Dom. Cons.,8,(1000 MT),65.0
2222000,"Oilseed, Soybean",MX,Mexico,2023,2025,7,149,Food Use Dom. Cons.,8,(1000 MT),0.0
2222000,"Oilseed, Soybean",MX,Mexico,2023,2025,7,57,Imports,8,(1000 MT),6456.0
2222000,"Oilseed, Soybean",MX,Mexico,2023,2025,7,28,Production,8,(1000 MT),199.0
2222000,"Oilseed, Soybean",MX,Mexico,2023,2025,7,178,Total Distribution,8,(1000 MT),7218.0
2222000,"Oilseed, Soybean",MX,Mexico,2023,2025,7,86,Total Supply,8,(1000 MT),7218.0
2222000,"Oilseed, Soybean",MX,Mexico,2023,2025,7,184,Yield,26,(MT/HA),2.19
2222000,"Oilseed, Soybean",MX,Mexico,2024,2026,1,4,Area Harvested,4,(1000 HA),135.0
2222000,"Oilseed, Soybean",MX,Mexico,2024,2026,1,20,Beginning Stocks,8,(1000 MT),615.0
2222000,"Oilseed, Soybean",MX,Mexico,2024,2026,1,7,Crush,8,(1000 MT),6650.0
2222000,"Oilseed, Soybean",MX,Mexico,2024,2026,1,125,Domestic Consumption,8,(1000 MT),6735.0
2222000,"Oilseed, Soybean",MX,Mexico,2024,2026,1,176,Ending Stocks,8,(1000 MT),592.0
2222000,"Oilseed, Soybean",MX,Mexico,2024,2026,1,88,Exports,8,(1000 MT),0.0
2222000,"Oilseed, Soybean",MX,Mexico,2024,2026,1,161,Feed Waste Dom. Cons.,8,(1000 MT),85.0
2222000,"Oilseed, Soybean",MX,Mexico,2024,2026,1,149,Food Use Dom. Cons.,8,(1000 MT),0.0
2222000,"Oilseed, Soybean",MX,Mexico,2024,2026,1,57,Imports,8,(1000 MT),6434.0
2222000,"Oilseed, Soybean",MX,Mexico,2024,2026,1,28,Production,8,(1000 MT),278.0
2222000,"Oilseed, Soybean",MX,Mexico,2024,2026,1,178,Total Distribution,8,(1000 MT),7327.0
2222000,"Oilseed, Soybean",MX,Mexico,2024,2026,1,86,Total Supply,8,(1000 MT),7327.0
2222000,"Oilseed, Soybean",MX,Mexico,2024,2026,1,184,Yield,26,(MT/HA),2.06
2222000,"Oilseed, Soybean",MX,Mexico,2025,2026,3,4,Area Harvested,4,(1000 HA),145.0
2222000,"Oilseed, Soybean",MX,Mexico,2025,2026,3,20,Beginning Stocks,8,(1000 MT),592.0
2222000,"Oilseed, Soybean",MX,Mexico,2025,2026,3,7,Crush,8,(1000 MT),6800.0
2222000,"Oilseed, Soybean",MX,Mexico,2025,2026,3,125,Domestic Consumption,8,(1000 MT),6885.0
2222000,"Oilseed, Soybean",MX,Mexico,2025,2026,3,176,Ending Stocks,8,(1000 MT),677.0
2222000,"Oilseed, Soybean",MX,Mexico,2025,2026,3,88,Exports,8,(1000 MT),10.0
2222000,"Oilseed, Soybean",MX,Mexico,2025,2026,3,161,Feed Waste Dom. Cons.,8,(1000 MT),85.0
2222000,"Oilseed, Soybean",MX,Mexico,2025,2026,3,149,Food Use Dom. Cons.,8,(1000 MT),0.0
2222000,"Oilseed, Soybean",MX,Mexico,2025,2026,3,57,Imports,8,(1000 MT),6700.0
2222000,"Oilseed, Soybean",MX,Mexico,2025,2026,3,28,Production,8,(1000 MT),280.0
2222000,"Oilseed, Soybean",MX,Mexico,2025,2026,3,178,Total Distribution,8,(1000 MT),7572.0
2222000,"Oilseed, Soybean",MX,Mexico,2025,2026,3,86,Total Supply,8,(1000 MT),7572.0
2222000,"Oilseed, Soybean",MX,Mexico,2025,2026,3,184,Yield,26,(MT/HA),1.93
2222000,"Oilseed, Soybean",MO,Morocco,2022,2025,4,4,Area Harvested,4,(1000 HA),0.0
2222000,"Oilseed, Soybean",MO,Morocco,2022,2025,4,20,Beginning Stocks,8,(1000 MT),0.0
2222000,"Oilseed, Soybean",MO,Morocco,2022,2025,4,7,Crush,8,(1000 MT),36.0
2222000,"Oilseed, Soybean",MO,Morocco,2022,2025,4,125,Domestic Consumption,8,(1000 MT),36.0
2222000,"Oilseed, Soybean",MO,Morocco,2022,2025,4,176,Ending Stocks,8,(1000 MT),0.0
2222000,"Oilseed, Soybean",MO,Morocco,2022,2025,4,88,Exports,8,(1000 MT),0.0
2222000,"Oilseed, Soybean",MO,Morocco,2022,2025,4,161,Feed Waste Dom. Cons.,8,(1000 MT),0.0
2222000,"Oilseed, Soybean",MO,Morocco,2022,2025,4,149,Food Use Dom. Cons.,8,(1000 MT),0.0
2222000,"Oilseed, Soybean",MO,Morocco,2022,2025,4,57,Imports,8,(1000 MT),36.0
2222000,"Oilseed, Soybean",MO,Morocco,2022,2025,4,28,Production,8,(1000 MT),0.0
2222000,"Oilseed, Soybean",MO,Morocco,2022,2025,4,178,Total Distribution,8,(1000 MT),36.0
2222000,"Oilseed, Soybean",MO,Morocco,2022,2025,4,86,Total Supply,8,(1000 MT),36.0
2222000,"Oilseed, Soybean",MO,Morocco,2022,2025,4,184,Yield,26,(MT/HA),0.0
2222000,"Oilseed, Soybean",MO,Morocco,2023,2025,4,4,Area Harvested,4,(1000 HA),0.0
2222000,"Oilseed, Soybean",MO,Morocco,2023,2025,4,20,Beginning Stocks,8,(1000 MT),0.0
2222000,"Oilseed, Soybean",MO,Morocco,2023,2025,4,7,Crush,8,(1000 MT),28.0
2222000,"Oilseed, Soybean",MO,Morocco,2023,2025,4,125,Domestic Consumption,8,(1000 MT),28.0
2222000,"Oilseed, Soybean",MO,Morocco,2023,2025,4,176,Ending Stocks,8,(1000 MT),0.0
2222000,"Oilseed, Soybean",MO,Morocco,2023,2025,4,88,Exports,8,(1000 MT),0.0
2222000,"Oilseed, Soybean",MO,Morocco,2023,2025,4,161,Feed Waste Dom. Cons.,8,(1000 MT),0.0
2222000,"Oilseed, Soybean",MO,Morocco,2023,2025,4,149,Food Use Dom. Cons.,8,(1000 MT),0.0
2222000,"Oilseed, Soybean",MO,Morocco,2023,2025,4,57,Imports,8,(1000 MT),28.0
2222000,"Oilseed, Soybean",MO,Morocco,2023,2025,4,28,Production,8,(1000 MT),0.0
2222000,"Oilseed, Soybean",MO,Morocco,2023,2025,4,178,Total Distribution,8,(1000 MT),28.0
2222000,"Oilseed, Soybean",MO,Morocco,2023,2025,4,86,Total Supply,8,(1000 MT),28.0
2222000,"Oilseed, Soybean",MO,Morocco,2023,2025,4,184,Yield,26,(MT/HA),0.0
2222000,"Oilseed, Soybean",MO,Morocco,2024,2026,1,4,Area Harvested,4,(1000 HA),0.0
2222000,"Oilseed, Soybean",MO,Morocco,2024,2026,1,20,Beginning Stocks,8,(1000 MT),0.0
2222000,"Oilseed, Soybean",MO,Morocco,2024,2026,1,7,Crush,8,(1000 MT),34.0
2222000,"Oilseed, Soybean",MO,Morocco,2024,2026,1,125,Domestic Consumption,8,(1000 MT),34.0
2222000,"Oilseed, Soybean",MO,Morocco,2024,2026,1,176,Ending Stocks,8,(1000 MT),0.0
2222000,"Oilseed, Soybean",MO,Morocco,2024,2026,1,88,Exports,8,(1000 MT),0.0
2222000,"Oilseed, Soybean",MO,Morocco,2024,2026,1,161,Feed Waste Dom. Cons.,8,(1000 MT),0.0
2222000,"Oilseed, Soybean",MO,Morocco,2024,2026,1,149,Food Use Dom. Cons.,8,(1000 MT),0.0
2222000,"Oilseed, Soybean",MO,Morocco,2024,2026,1,57,Imports,8,(1000 MT),34.0
2222000,"Oilseed, Soybean",MO,Morocco,2024,2026,1,28,Production,8,(1000 MT),0.0
2222000,"Oilseed, Soybean",MO,Morocco,2024,2026,1,178,Total Distribution,8,(1000 MT),34.0
2222000,"Oilseed, Soybean",MO,Morocco,2024,2026,1,86,Total Supply,8,(1000 MT),34.0
2222000,"Oilseed, Soybean",MO,Morocco,2024,2026,1,184,Yield,26,(MT/HA),0.0
2222000,"Oilseed, Soybean",MO,Morocco,2025,2026,3,4,Area Harvested,4,(1000 HA),0.0
2222000,"Oilseed, Soybean",MO,Morocco,2025,2026,3,20,Beginning Stocks,8,(1000 MT),0.0
2222000,"Oilseed, Soybean",MO,Morocco,2025,2026,3,7,Crush,8,(1000 MT),50.0
2222000,"Oilseed, Soybean",MO,Morocco,2025,2026,3,125,Domestic Consumption,8,(1000 MT),50.0
2222000,"Oilseed, Soybean",MO,Morocco,2025,2026,3,176,Ending Stocks,8,(1000 MT),0.0
2222000,"Oilseed, Soybean",MO,Morocco,2025,2026,3,88,Exports,8,(1000 MT),0.0
2222000,"Oilseed, Soybean",MO,Morocco,2025,2026,3,161,Feed Waste Dom. Cons.,8,(1000 MT),0.0
2222000,"Oilseed, Soybean",MO,Morocco,2025,2026,3,149,Food Use Dom. Cons.,8,(1000 MT),0.0
2222000,"Oilseed, Soybean",MO,Morocco,2025,2026,3,57,Imports,8,(1000 MT),50.0
2222000,"Oilseed, Soybean",MO,Morocco,2025,2026,3,28,Production,8,(1000 MT),0.0
2222000,"Oilseed, Soybean",MO,Morocco,2025,2026,3,178,Total Distribution,8,(1000 MT),50.0
2222000,"Oilseed, Soybean",MO,Morocco,2025,2026,3,86,Total Supply,8,(1000 MT),50.0
2222000,"Oilseed, Soybean",MO,Morocco,2025,2026,3,184,Yield,26,(MT/HA),0.0
2222000,"Oilseed, Soybean",NU,Nicaragua,2022,2025,4,4,Area Harvested,4,(1000 HA),3.0
2222000,"Oilseed, Soybean",NU,Nicaragua,2022,2025,4,20,Beginning Stocks,8,(1000 MT),0.0
2222000,"Oilseed, Soybean",NU,Nicaragua,2022,2025,4,7,Crush,8,(1000 MT),0.0
2222000,"Oilseed, Soybean",NU,Nicaragua,2022,2025,4,125,Domestic Consumption,8,(1000 MT),7.0
2222000,"Oilseed, Soybean",NU,Nicaragua,2022,2025,4,176,Ending Stocks,8,(1000 MT),0.0
2222000,"Oilseed, Soybean",NU,Nicaragua,2022,2025,4,88,Exports,8,(1000 MT),0.0
2222000,"Oilseed, Soybean",NU,Nicaragua,2022,2025,4,161,Feed Waste Dom. Cons.,8,(1000 MT),7.0
2222000,"Oilseed, Soybean",NU,Nicaragua,2022,2025,4,149,Food Use Dom. Cons.,8,(1000 MT),0.0
2222000,"Oilseed, Soybean",NU,Nicaragua,2022,2025,4,57,Imports,8,(1000 MT),0.0
2222000,"Oilseed, Soybean",NU,Nicaragua,2022,2025,4,28,Production,8,(1000 MT),7.0
2222000,"Oilseed, Soybean",NU,Nicaragua,2022,2025,4,178,Total Distribution,8,(1000 MT),7.0
2222000,"Oilseed, Soybean",NU,Nicaragua,2022,2025,4,86,Total Supply,8,(1000 MT),7.0
2222000,"Oilseed, Soybean",NU,Nicaragua,2022,2025,4,184,Yield,26,(MT/HA),2.33
2222000,"Oilseed, Soybean",NU,Nicaragua,2023,2025,4,4,Area Harvested,4,(1000 HA),3.0
2222000,"Oilseed, Soybean",NU,Nicaragua,2023,2025,4,20,Beginning Stocks,8,(1000 MT),0.0
2222000,"Oilseed, Soybean",NU,Nicaragua,2023,2025,4,7,Crush,8,(1000 MT),0.0
2222000,"Oilseed, Soybean",NU,Nicaragua,2023,2025,4,125,Domestic Consumption,8,(1000 MT),7.0
2222000,"Oilseed, Soybean",NU,Nicaragua,2023,2025,4,176,Ending Stocks,8,(1000 MT),0.0
2222000,"Oilseed, Soybean",NU,Nicaragua,2023,2025,4,88,Exports,8,(1000 MT),0.0
2222000,"Oilseed, Soybean",NU,Nicaragua,2023,2025,4,161,Feed Waste Dom. Cons.,8,(1000 MT),7.0
2222000,"Oilseed, Soybean",NU,Nicaragua,2023,2025,4,149,Food Use Dom. Cons.,8,(1000 MT),0.0
2222000,"Oilseed, Soybean",NU,Nicaragua,2023,2025,4,57,Imports,8,(1000 MT),0.0
2222000,"Oilseed, Soybean",NU,Nicaragua,2023,2025,4,28,Production,8,(1000 MT),7.0
2222000,"Oilseed, Soybean",NU,Nicaragua,2023,2025,4,178,Total Distribution,8,(1000 MT),7.0
2222000,"Oilseed, Soybean",NU,Nicaragua,2023,2025,4,86,Total Supply,8,(1000 MT),7.0
2222000,"Oilseed, Soybean",NU,Nicaragua,2023,2025,4,184,Yield,26,(MT/HA),2.33
2222000,"Oilseed, Soybean",NU,Nicaragua,2024,2025,4,4,Area Harvested,4,(1000 HA),3.0
2222000,"Oilseed, Soybean",NU,Nicaragua,2024,2025,4,20,Beginning Stocks,8,(1000 MT),0.0
2222000,"Oilseed, Soybean",NU,Nicaragua,2024,2025,4,7,Crush,8,(1000 MT),0.0
2222000,"Oilseed, Soybean",NU,Nicaragua,2024,2025,4,125,Domestic Consumption,8,(1000 MT),7.0
2222000,"Oilseed, Soybean",NU,Nicaragua,2024,2025,4,176,Ending Stocks,8,(1000 MT),0.0
2222000,"Oilseed, Soybean",NU,Nicaragua,2024,2025,4,88,Exports,8,(1000 MT),0.0
2222000,"Oilseed, Soybean",NU,Nicaragua,2024,2025,4,161,Feed Waste Dom. Cons.,8,(1000 MT),7.0
2222000,"Oilseed, Soybean",NU,Nicaragua,2024,2025,4,149,Food Use Dom. Cons.,8,(1000 MT),0.0
2222000,"Oilseed, Soybean",NU,Nicaragua,2024,2025,4,57,Imports,8,(1000 MT),0.0
2222000,"Oilseed, Soybean",NU,Nicaragua,2024,2025,4,28,Production,8,(1000 MT),7.0
2222000,"Oilseed, Soybean",NU,Nicaragua,2024,2025,4,178,Total Distribution,8,(1000 MT),7.0
2222000,"Oilseed, Soybean",NU,Nicaragua,2024,2025,4,86,Total Supply,8,(1000 MT),7.0
2222000,"Oilseed, Soybean",NU,Nicaragua,2024,2025,4,184,Yield,26,(MT/HA),2.33
2222000,"Oilseed, Soybean",NU,Nicaragua,2025,2026,3,4,Area Harvested,4,(1000 HA),3.0
2222000,"Oilseed, Soybean",NU,Nicaragua,2025,2026,3,20,Beginning Stocks,8,(1000 MT),0.0
2222000,"Oilseed, Soybean",NU,Nicaragua,2025,2026,3,7,Crush,8,(1000 MT),0.0
2222000,"Oilseed, Soybean",NU,Nicaragua,2025,2026,3,125,Domestic Consumption,8,(1000 MT),7.0
2222000,"Oilseed, Soybean",NU,Nicaragua,2025,2026,3,176,Ending Stocks,8,(1000 MT),0.0
2222000,"Oilseed, Soybean",NU,Nicaragua,2025,2026,3,88,Exports,8,(1000 MT),0.0
2222000,"Oilseed, Soybean",NU,Nicaragua,2025,2026,3,161,Feed Waste Dom. Cons.,8,(1000 MT),7.0
2222000,"Oilseed, Soybean",NU,Nicaragua,2025,2026,3,149,Food Use Dom. Cons.,8,(1000 MT),0.0
2222000,"Oilseed, Soybean",NU,Nicaragua,2025,2026,3,57,Imports,8,(1000 MT),0.0
2222000,"Oilseed, Soybean",NU,Nicaragua,2025,2026,3,28,Production,8,(1000 MT),7.0
2222000,"Oilseed, Soybean",NU,Nicaragua,2025,2026,3,178,Total Distribution,8,(1000 MT),7.0
2222000,"Oilseed, Soybean",NU,Nicaragua,2025,2026,3,86,Total Supply,8,(1000 MT),7.0
2222000,"Oilseed, Soybean",NU,Nicaragua,2025,2026,3,184,Yield,26,(MT/HA),2.33
2222000,"Oilseed, Soybean",NI,Nigeria,2022,2025,12,4,Area Harvested,4,(1000 HA),1200.0
2222000,"Oilseed, Soybean",NI,Nigeria,2022,2025,12,20,Beginning Stocks,8,(1000 MT),173.0
2222000,"Oilseed, Soybean",NI,Nigeria,2022,2025,12,7,Crush,8,(1000 MT),950.0
2222000,"Oilseed, Soybean",NI,Nigeria,2022,2025,12,125,Domestic Consumption,8,(1000 MT),1325.0
2222000,"Oilseed, Soybean",NI,Nigeria,2022,2025,12,176,Ending Stocks,8,(1000 MT),129.0
2222000,"Oilseed, Soybean",NI,Nigeria,2022,2025,12,88,Exports,8,(1000 MT),39.0
2222000,"Oilseed, Soybean",NI,Nigeria,2022,2025,12,161,Feed Waste Dom. Cons.,8,(1000 MT),175.0
2222000,"Oilseed, Soybean",NI,Nigeria,2022,2025,12,149,Food Use Dom. Cons.,8,(1000 MT),200.0
2222000,"Oilseed, Soybean",NI,Nigeria,2022,2025,12,57,Imports,8,(1000 MT),0.0
2222000,"Oilseed, Soybean",NI,Nigeria,2022,2025,12,28,Production,8,(1000 MT),1320.0
2222000,"Oilseed, Soybean",NI,Nigeria,2022,2025,12,178,Total Distribution,8,(1000 MT),1493.0
2222000,"Oilseed, Soybean",NI,Nigeria,2022,2025,12,86,Total Supply,8,(1000 MT),1493.0
2222000,"Oilseed, Soybean",NI,Nigeria,2022,2025,12,184,Yield,26,(MT/HA),1.1
2222000,"Oilseed, Soybean",NI,Nigeria,2023,2025,12,4,Area Harvested,4,(1000 HA),1200.0
2222000,"Oilseed, Soybean",NI,Nigeria,2023,2025,12,20,Beginning Stocks,8,(1000 MT),129.0
2222000,"Oilseed, Soybean",NI,Nigeria,2023,2025,12,7,Crush,8,(1000 MT),700.0
2222000,"Oilseed, Soybean",NI,Nigeria,2023,2025,12,125,Domestic Consumption,8,(1000 MT),1025.0
2222000,"Oilseed, Soybean",NI,Nigeria,2023,2025,12,176,Ending Stocks,8,(1000 MT),87.0
2222000,"Oilseed, Soybean",NI,Nigeria,2023,2025,12,88,Exports,8,(1000 MT),367.0
2222000,"Oilseed, Soybean",NI,Nigeria,2023,2025,12,161,Feed Waste Dom. Cons.,8,(1000 MT),150.0
2222000,"Oilseed, Soybean",NI,Nigeria,2023,2025,12,149,Food Use Dom. Cons.,8,(1000 MT),175.0
2222000,"Oilseed, Soybean",NI,Nigeria,2023,2025,12,57,Imports,8,(1000 MT),0.0
2222000,"Oilseed, Soybean",NI,Nigeria,2023,2025,12,28,Production,8,(1000 MT),1350.0
2222000,"Oilseed, Soybean",NI,Nigeria,2023,2025,12,178,Total Distribution,8,(1000 MT),1479.0
2222000,"Oilseed, Soybean",NI,Nigeria,2023,2025,12,86,Total Supply,8,(1000 MT),1479.0
2222000,"Oilseed, Soybean",NI,Nigeria,2023,2025,12,184,Yield,26,(MT/HA),1.13
2222000,"Oilseed, Soybean",NI,Nigeria,2024,2025,12,4,Area Harvested,4,(1000 HA),1350.0
2222000,"Oilseed, Soybean",NI,Nigeria,2024,2025,12,20,Beginning Stocks,8,(1000 MT),87.0
2222000,"Oilseed, Soybean",NI,Nigeria,2024,2025,12,7,Crush,8,(1000 MT),950.0
2222000,"Oilseed, Soybean",NI,Nigeria,2024,2025,12,125,Domestic Consumption,8,(1000 MT),1425.0
2222000,"Oilseed, Soybean",NI,Nigeria,2024,2025,12,176,Ending Stocks,8,(1000 MT),250.0
2222000,"Oilseed, Soybean",NI,Nigeria,2024,2025,12,88,Exports,8,(1000 MT),5.0
2222000,"Oilseed, Soybean",NI,Nigeria,2024,2025,12,161,Feed Waste Dom. Cons.,8,(1000 MT),250.0
2222000,"Oilseed, Soybean",NI,Nigeria,2024,2025,12,149,Food Use Dom. Cons.,8,(1000 MT),225.0
2222000,"Oilseed, Soybean",NI,Nigeria,2024,2025,12,57,Imports,8,(1000 MT),193.0
2222000,"Oilseed, Soybean",NI,Nigeria,2024,2025,12,28,Production,8,(1000 MT),1400.0
2222000,"Oilseed, Soybean",NI,Nigeria,2024,2025,12,178,Total Distribution,8,(1000 MT),1680.0
2222000,"Oilseed, Soybean",NI,Nigeria,2024,2025,12,86,Total Supply,8,(1000 MT),1680.0
2222000,"Oilseed, Soybean",NI,Nigeria,2024,2025,12,184,Yield,26,(MT/HA),1.04
2222000,"Oilseed, Soybean",NI,Nigeria,2025,2026,3,4,Area Harvested,4,(1000 HA),1400.0
2222000,"Oilseed, Soybean",NI,Nigeria,2025,2026,3,20,Beginning Stocks,8,(1000 MT),250.0
2222000,"Oilseed, Soybean",NI,Nigeria,2025,2026,3,7,Crush,8,(1000 MT),975.0
2222000,"Oilseed, Soybean",NI,Nigeria,2025,2026,3,125,Domestic Consumption,8,(1000 MT),1450.0
2222000,"Oilseed, Soybean",NI,Nigeria,2025,2026,3,176,Ending Stocks,8,(1000 MT),251.0
2222000,"Oilseed, Soybean",NI,Nigeria,2025,2026,3,88,Exports,8,(1000 MT),50.0
2222000,"Oilseed, Soybean",NI,Nigeria,2025,2026,3,161,Feed Waste Dom. Cons.,8,(1000 MT),250.0
2222000,"Oilseed, Soybean",NI,Nigeria,2025,2026,3,149,Food Use Dom. Cons.,8,(1000 MT),225.0
2222000,"Oilseed, Soybean",NI,Nigeria,2025,2026,3,57,Imports,8,(1000 MT),1.0
2222000,"Oilseed, Soybean",NI,Nigeria,2025,2026,3,28,Production,8,(1000 MT),1500.0
2222000,"Oilseed, Soybean",NI,Nigeria,2025,2026,3,178,Total Distribution,8,(1000 MT),1751.0
2222000,"Oilseed, Soybean",NI,Nigeria,2025,2026,3,86,Total Supply,8,(1000 MT),1751.0
2222000,"Oilseed, Soybean",NI,Nigeria,2025,2026,3,184,Yield,26,(MT/HA),1.07
2222000,"Oilseed, Soybean",NO,Norway,2022,2025,4,4,Area Harvested,4,(1000 HA),0.0
2222000,"Oilseed, Soybean",NO,Norway,2022,2025,4,20,Beginning Stocks,8,(1000 MT),11.0
2222000,"Oilseed, Soybean",NO,Norway,2022,2025,4,7,Crush,8,(1000 MT),370.0
2222000,"Oilseed, Soybean",NO,Norway,2022,2025,4,125,Domestic Consumption,8,(1000 MT),370.0
2222000,"Oilseed, Soybean",NO,Norway,2022,2025,4,176,Ending Stocks,8,(1000 MT),4.0
2222000,"Oilseed, Soybean",NO,Norway,2022,2025,4,88,Exports,8,(1000 MT),0.0
2222000,"Oilseed, Soybean",NO,Norway,2022,2025,4,161,Feed Waste Dom. Cons.,8,(1000 MT),0.0
2222000,"Oilseed, Soybean",NO,Norway,2022,2025,4,149,Food Use Dom. Cons.,8,(1000 MT),0.0
2222000,"Oilseed, Soybean",NO,Norway,2022,2025,4,57,Imports,8,(1000 MT),363.0
2222000,"Oilseed, Soybean",NO,Norway,2022,2025,4,28,Production,8,(1000 MT),0.0
2222000,"Oilseed, Soybean",NO,Norway,2022,2025,4,178,Total Distribution,8,(1000 MT),374.0
2222000,"Oilseed, Soybean",NO,Norway,2022,2025,4,86,Total Supply,8,(1000 MT),374.0
2222000,"Oilseed, Soybean",NO,Norway,2022,2025,4,184,Yield,26,(MT/HA),0.0
2222000,"Oilseed, Soybean",NO,Norway,2023,2026,2,4,Area Harvested,4,(1000 HA),0.0
2222000,"Oilseed, Soybean",NO,Norway,2023,2026,2,20,Beginning Stocks,8,(1000 MT),4.0
2222000,"Oilseed, Soybean",NO,Norway,2023,2026,2,7,Crush,8,(1000 MT),345.0
2222000,"Oilseed, Soybean",NO,Norway,2023,2026,2,125,Domestic Consumption,8,(1000 MT),345.0
2222000,"Oilseed, Soybean",NO,Norway,2023,2026,2,176,Ending Stocks,8,(1000 MT),6.0
2222000,"Oilseed, Soybean",NO,Norway,2023,2026,2,88,Exports,8,(1000 MT),0.0
2222000,"Oilseed, Soybean",NO,Norway,2023,2026,2,161,Feed Waste Dom. Cons.,8,(1000 MT),0.0
2222000,"Oilseed, Soybean",NO,Norway,2023,2026,2,149,Food Use Dom. Cons.,8,(1000 MT),0.0
2222000,"Oilseed, Soybean",NO,Norway,2023,2026,2,57,Imports,8,(1000 MT),347.0
2222000,"Oilseed, Soybean",NO,Norway,2023,2026,2,28,Production,8,(1000 MT),0.0
2222000,"Oilseed, Soybean",NO,Norway,2023,2026,2,178,Total Distribution,8,(1000 MT),351.0
2222000,"Oilseed, Soybean",NO,Norway,2023,2026,2,86,Total Supply,8,(1000 MT),351.0
2222000,"Oilseed, Soybean",NO,Norway,2023,2026,2,184,Yield,26,(MT/HA),0.0
2222000,"Oilseed, Soybean",NO,Norway,2024,2026,2,4,Area Harvested,4,(1000 HA),0.0
2222000,"Oilseed, Soybean",NO,Norway,2024,2026,2,20,Beginning Stocks,8,(1000 MT),6.0
2222000,"Oilseed, Soybean",NO,Norway,2024,2026,2,7,Crush,8,(1000 MT),400.0
2222000,"Oilseed, Soybean",NO,Norway,2024,2026,2,125,Domestic Consumption,8,(1000 MT),400.0
2222000,"Oilseed, Soybean",NO,Norway,2024,2026,2,176,Ending Stocks,8,(1000 MT),5.0
2222000,"Oilseed, Soybean",NO,Norway,2024,2026,2,88,Exports,8,(1000 MT),0.0
2222000,"Oilseed, Soybean",NO,Norway,2024,2026,2,161,Feed Waste Dom. Cons.,8,(1000 MT),0.0
2222000,"Oilseed, Soybean",NO,Norway,2024,2026,2,149,Food Use Dom. Cons.,8,(1000 MT),0.0
2222000,"Oilseed, Soybean",NO,Norway,2024,2026,2,57,Imports,8,(1000 MT),399.0
2222000,"Oilseed, Soybean",NO,Norway,2024,2026,2,28,Production,8,(1000 MT),0.0
2222000,"Oilseed, Soybean",NO,Norway,2024,2026,2,178,Total Distribution,8,(1000 MT),405.0
2222000,"Oilseed, Soybean",NO,Norway,2024,2026,2,86,Total Supply,8,(1000 MT),405.0
2222000,"Oilseed, Soybean",NO,Norway,2024,2026,2,184,Yield,26,(MT/HA),0.0
2222000,"Oilseed, Soybean",NO,Norway,2025,2026,3,4,Area Harvested,4,(1000 HA),0.0
2222000,"Oilseed, Soybean",NO,Norway,2025,2026,3,20,Beginning Stocks,8,(1000 MT),5.0
2222000,"Oilseed, Soybean",NO,Norway,2025,2026,3,7,Crush,8,(1000 MT),425.0
2222000,"Oilseed, Soybean",NO,Norway,2025,2026,3,125,Domestic Consumption,8,(1000 MT),425.0
2222000,"Oilseed, Soybean",NO,Norway,2025,2026,3,176,Ending Stocks,8,(1000 MT),5.0
2222000,"Oilseed, Soybean",NO,Norway,2025,2026,3,88,Exports,8,(1000 MT),0.0
2222000,"Oilseed, Soybean",NO,Norway,2025,2026,3,161,Feed Waste Dom. Cons.,8,(1000 MT),0.0
2222000,"Oilseed, Soybean",NO,Norway,2025,2026,3,149,Food Use Dom. Cons.,8,(1000 MT),0.0
2222000,"Oilseed, Soybean",NO,Norway,2025,2026,3,57,Imports,8,(1000 MT),425.0
2222000,"Oilseed, Soybean",NO,Norway,2025,2026,3,28,Production,8,(1000 MT),0.0
2222000,"Oilseed, Soybean",NO,Norway,2025,2026,3,178,Total Distribution,8,(1000 MT),430.0
2222000,"Oilseed, Soybean",NO,Norway,2025,2026,3,86,Total Supply,8,(1000 MT),430.0
2222000,"Oilseed, Soybean",NO,Norway,2025,2026,3,184,Yield,26,(MT/HA),0.0
2222000,"Oilseed, Soybean",PK,Pakistan,2022,2025,9,4,Area Harvested,4,(1000 HA),1.0
2222000,"Oilseed, Soybean",PK,Pakistan,2022,2025,9,20,Beginning Stocks,8,(1000 MT),13.0
2222000,"Oilseed, Soybean",PK,Pakistan,2022,2025,9,7,Crush,8,(1000 MT),332.0
2222000,"Oilseed, Soybean",PK,Pakistan,2022,2025,9,125,Domestic Consumption,8,(1000 MT),352.0
2222000,"Oilseed, Soybean",PK,Pakistan,2022,2025,9,176,Ending Stocks,8,(1000 MT),4.0
2222000,"Oilseed, Soybean",PK,Pakistan,2022,2025,9,88,Exports,8,(1000 MT),70.0
2222000,"Oilseed, Soybean",PK,Pakistan,2022,2025,9,161,Feed Waste Dom. Cons.,8,(1000 MT),20.0
2222000,"Oilseed, Soybean",PK,Pakistan,2022,2025,9,149,Food Use Dom. Cons.,8,(1000 MT),0.0
2222000,"Oilseed, Soybean",PK,Pakistan,2022,2025,9,57,Imports,8,(1000 MT),412.0
2222000,"Oilseed, Soybean",PK,Pakistan,2022,2025,9,28,Production,8,(1000 MT),1.0
2222000,"Oilseed, Soybean",PK,Pakistan,2022,2025,9,178,Total Distribution,8,(1000 MT),426.0
2222000,"Oilseed, Soybean",PK,Pakistan,2022,2025,9,86,Total Supply,8,(1000 MT),426.0
2222000,"Oilseed, Soybean",PK,Pakistan,2022,2025,9,184,Yield,26,(MT/HA),1.0
2222000,"Oilseed, Soybean",PK,Pakistan,2023,2025,11,4,Area Harvested,4,(1000 HA),1.0
2222000,"Oilseed, Soybean",PK,Pakistan,2023,2025,11,20,Beginning Stocks,8,(1000 MT),4.0
2222000,"Oilseed, Soybean",PK,Pakistan,2023,2025,11,7,Crush,8,(1000 MT),883.0
2222000,"Oilseed, Soybean",PK,Pakistan,2023,2025,11,125,Domestic Consumption,8,(1000 MT),903.0
2222000,"Oilseed, Soybean",PK,Pakistan,2023,2025,11,176,Ending Stocks,8,(1000 MT),85.0
2222000,"Oilseed, Soybean",PK,Pakistan,2023,2025,11,88,Exports,8,(1000 MT),1.0
2222000,"Oilseed, Soybean",PK,Pakistan,2023,2025,11,161,Feed Waste Dom. Cons.,8,(1000 MT),20.0
2222000,"Oilseed, Soybean",PK,Pakistan,2023,2025,11,149,Food Use Dom. Cons.,8,(1000 MT),0.0
2222000,"Oilseed, Soybean",PK,Pakistan,2023,2025,11,57,Imports,8,(1000 MT),984.0
2222000,"Oilseed, Soybean",PK,Pakistan,2023,2025,11,28,Production,8,(1000 MT),1.0
2222000,"Oilseed, Soybean",PK,Pakistan,2023,2025,11,178,Total Distribution,8,(1000 MT),989.0
2222000,"Oilseed, Soybean",PK,Pakistan,2023,2025,11,86,Total Supply,8,(1000 MT),989.0
2222000,"Oilseed, Soybean",PK,Pakistan,2023,2025,11,184,Yield,26,(MT/HA),1.0
2222000,"Oilseed, Soybean",PK,Pakistan,2024,2025,11,4,Area Harvested,4,(1000 HA),1.0
2222000,"Oilseed, Soybean",PK,Pakistan,2024,2025,11,20,Beginning Stocks,8,(1000 MT),85.0
2222000,"Oilseed, Soybean",PK,Pakistan,2024,2025,11,7,Crush,8,(1000 MT),1800.0
2222000,"Oilseed, Soybean",PK,Pakistan,2024,2025,11,125,Domestic Consumption,8,(1000 MT),1820.0
2222000,"Oilseed, Soybean",PK,Pakistan,2024,2025,11,176,Ending Stocks,8,(1000 MT),237.0
2222000,"Oilseed, Soybean",PK,Pakistan,2024,2025,11,88,Exports,8,(1000 MT),0.0
2222000,"Oilseed, Soybean",PK,Pakistan,2024,2025,11,161,Feed Waste Dom. Cons.,8,(1000 MT),20.0
2222000,"Oilseed, Soybean",PK,Pakistan,2024,2025,11,149,Food Use Dom. Cons.,8,(1000 MT),0.0
2222000,"Oilseed, Soybean",PK,Pakistan,2024,2025,11,57,Imports,8,(1000 MT),1971.0
2222000,"Oilseed, Soybean",PK,Pakistan,2024,2025,11,28,Production,8,(1000 MT),1.0
2222000,"Oilseed, Soybean",PK,Pakistan,2024,2025,11,178,Total Distribution,8,(1000 MT),2057.0
2222000,"Oilseed, Soybean",PK,Pakistan,2024,2025,11,86,Total Supply,8,(1000 MT),2057.0
2222000,"Oilseed, Soybean",PK,Pakistan,2024,2025,11,184,Yield,26,(MT/HA),1.0
2222000,"Oilseed, Soybean",PK,Pakistan,2025,2026,3,4,Area Harvested,4,(1000 HA),1.0
2222000,"Oilseed, Soybean",PK,Pakistan,2025,2026,3,20,Beginning Stocks,8,(1000 MT),237.0
2222000,"Oilseed, Soybean",PK,Pakistan,2025,2026,3,7,Crush,8,(1000 MT),2450.0
2222000,"Oilseed, Soybean",PK,Pakistan,2025,2026,3,125,Domestic Consumption,8,(1000 MT),2470.0
2222000,"Oilseed, Soybean",PK,Pakistan,2025,2026,3,176,Ending Stocks,8,(1000 MT),268.0
2222000,"Oilseed, Soybean",PK,Pakistan,2025,2026,3,88,Exports,8,(1000 MT),0.0
2222000,"Oilseed, Soybean",PK,Pakistan,2025,2026,3,161,Feed Waste Dom. Cons.,8,(1000 MT),20.0
2222000,"Oilseed, Soybean",PK,Pakistan,2025,2026,3,149,Food Use Dom. Cons.,8,(1000 MT),0.0
2222000,"Oilseed, Soybean",PK,Pakistan,2025,2026,3,57,Imports,8,(1000 MT),2500.0
2222000,"Oilseed, Soybean",PK,Pakistan,2025,2026,3,28,Production,8,(1000 MT),1.0
2222000,"Oilseed, Soybean",PK,Pakistan,2025,2026,3,178,Total Distribution,8,(1000 MT),2738.0
2222000,"Oilseed, Soybean",PK,Pakistan,2025,2026,3,86,Total Supply,8,(1000 MT),2738.0
2222000,"Oilseed, Soybean",PK,Pakistan,2025,2026,3,184,Yield,26,(MT/HA),1.0
2222000,"Oilseed, Soybean",PN,Panama,2022,2025,4,4,Area Harvested,4,(1000 HA),0.0
2222000,"Oilseed, Soybean",PN,Panama,2022,2025,4,20,Beginning Stocks,8,(1000 MT),0.0
2222000,"Oilseed, Soybean",PN,Panama,2022,2025,4,7,Crush,8,(1000 MT),36.0
2222000,"Oilseed, Soybean",PN,Panama,2022,2025,4,125,Domestic Consumption,8,(1000 MT),36.0
2222000,"Oilseed, Soybean",PN,Panama,2022,2025,4,176,Ending Stocks,8,(1000 MT),0.0
2222000,"Oilseed, Soybean",PN,Panama,2022,2025,4,88,Exports,8,(1000 MT),0.0
2222000,"Oilseed, Soybean",PN,Panama,2022,2025,4,161,Feed Waste Dom. Cons.,8,(1000 MT),0.0
2222000,"Oilseed, Soybean",PN,Panama,2022,2025,4,149,Food Use Dom. Cons.,8,(1000 MT),0.0
2222000,"Oilseed, Soybean",PN,Panama,2022,2025,4,57,Imports,8,(1000 MT),36.0
2222000,"Oilseed, Soybean",PN,Panama,2022,2025,4,28,Production,8,(1000 MT),0.0
2222000,"Oilseed, Soybean",PN,Panama,2022,2025,4,178,Total Distribution,8,(1000 MT),36.0
2222000,"Oilseed, Soybean",PN,Panama,2022,2025,4,86,Total Supply,8,(1000 MT),36.0
2222000,"Oilseed, Soybean",PN,Panama,2022,2025,4,184,Yield,26,(MT/HA),0.0
2222000,"Oilseed, Soybean",PN,Panama,2023,2025,4,4,Area Harvested,4,(1000 HA),0.0
2222000,"Oilseed, Soybean",PN,Panama,2023,2025,4,20,Beginning Stocks,8,(1000 MT),0.0
2222000,"Oilseed, Soybean",PN,Panama,2023,2025,4,7,Crush,8,(1000 MT),37.0
2222000,"Oilseed, Soybean",PN,Panama,2023,2025,4,125,Domestic Consumption,8,(1000 MT),37.0
2222000,"Oilseed, Soybean",PN,Panama,2023,2025,4,176,Ending Stocks,8,(1000 MT),0.0
2222000,"Oilseed, Soybean",PN,Panama,2023,2025,4,88,Exports,8,(1000 MT),0.0
2222000,"Oilseed, Soybean",PN,Panama,2023,2025,4,161,Feed Waste Dom. Cons.,8,(1000 MT),0.0
2222000,"Oilseed, Soybean",PN,Panama,2023,2025,4,149,Food Use Dom. Cons.,8,(1000 MT),0.0
2222000,"Oilseed, Soybean",PN,Panama,2023,2025,4,57,Imports,8,(1000 MT),37.0
2222000,"Oilseed, Soybean",PN,Panama,2023,2025,4,28,Production,8,(1000 MT),0.0
2222000,"Oilseed, Soybean",PN,Panama,2023,2025,4,178,Total Distribution,8,(1000 MT),37.0
2222000,"Oilseed, Soybean",PN,Panama,2023,2025,4,86,Total Supply,8,(1000 MT),37.0
2222000,"Oilseed, Soybean",PN,Panama,2023,2025,4,184,Yield,26,(MT/HA),0.0
2222000,"Oilseed, Soybean",PN,Panama,2024,2026,3,4,Area Harvested,4,(1000 HA),0.0
2222000,"Oilseed, Soybean",PN,Panama,2024,2026,3,20,Beginning Stocks,8,(1000 MT),0.0
2222000,"Oilseed, Soybean",PN,Panama,2024,2026,3,7,Crush,8,(1000 MT),39.0
2222000,"Oilseed, Soybean",PN,Panama,2024,2026,3,125,Domestic Consumption,8,(1000 MT),39.0
2222000,"Oilseed, Soybean",PN,Panama,2024,2026,3,176,Ending Stocks,8,(1000 MT),0.0
2222000,"Oilseed, Soybean",PN,Panama,2024,2026,3,88,Exports,8,(1000 MT),0.0
2222000,"Oilseed, Soybean",PN,Panama,2024,2026,3,161,Feed Waste Dom. Cons.,8,(1000 MT),0.0
2222000,"Oilseed, Soybean",PN,Panama,2024,2026,3,149,Food Use Dom. Cons.,8,(1000 MT),0.0
2222000,"Oilseed, Soybean",PN,Panama,2024,2026,3,57,Imports,8,(1000 MT),39.0
2222000,"Oilseed, Soybean",PN,Panama,2024,2026,3,28,Production,8,(1000 MT),0.0
2222000,"Oilseed, Soybean",PN,Panama,2024,2026,3,178,Total Distribution,8,(1000 MT),39.0
2222000,"Oilseed, Soybean",PN,Panama,2024,2026,3,86,Total Supply,8,(1000 MT),39.0
2222000,"Oilseed, Soybean",PN,Panama,2024,2026,3,184,Yield,26,(MT/HA),0.0
2222000,"Oilseed, Soybean",PN,Panama,2025,2026,3,4,Area Harvested,4,(1000 HA),0.0
2222000,"Oilseed, Soybean",PN,Panama,2025,2026,3,20,Beginning Stocks,8,(1000 MT),0.0
2222000,"Oilseed, Soybean",PN,Panama,2025,2026,3,7,Crush,8,(1000 MT),50.0
2222000,"Oilseed, Soybean",PN,Panama,2025,2026,3,125,Domestic Consumption,8,(1000 MT),50.0
2222000,"Oilseed, Soybean",PN,Panama,2025,2026,3,176,Ending Stocks,8,(1000 MT),0.0
2222000,"Oilseed, Soybean",PN,Panama,2025,2026,3,88,Exports,8,(1000 MT),0.0
2222000,"Oilseed, Soybean",PN,Panama,2025,2026,3,161,Feed Waste Dom. Cons.,8,(1000 MT),0.0
2222000,"Oilseed, Soybean",PN,Panama,2025,2026,3,149,Food Use Dom. Cons.,8,(1000 MT),0.0
2222000,"Oilseed, Soybean",PN,Panama,2025,2026,3,57,Imports,8,(1000 MT),50.0
2222000,"Oilseed, Soybean",PN,Panama,2025,2026,3,28,Production,8,(1000 MT),0.0
2222000,"Oilseed, Soybean",PN,Panama,2025,2026,3,178,Total Distribution,8,(1000 MT),50.0
2222000,"Oilseed, Soybean",PN,Panama,2025,2026,3,86,Total Supply,8,(1000 MT),50.0
2222000,"Oilseed, Soybean",PN,Panama,2025,2026,3,184,Yield,26,(MT/HA),0.0
2222000,"Oilseed, Soybean",PA,Paraguay,2022,2025,4,4,Area Harvested,4,(1000 HA),3650.0
2222000,"Oilseed, Soybean",PA,Paraguay,2022,2025,4,20,Beginning Stocks,8,(1000 MT),177.0
2222000,"Oilseed, Soybean",PA,Paraguay,2022,2025,4,7,Crush,8,(1000 MT),3450.0
2222000,"Oilseed, Soybean",PA,Paraguay,2022,2025,4,125,Domestic Consumption,8,(1000 MT),3575.0
2222000,"Oilseed, Soybean",PA,Paraguay,2022,2025,4,176,Ending Stocks,8,(1000 MT),367.0
2222000,"Oilseed, Soybean",PA,Paraguay,2022,2025,4,88,Exports,8,(1000 MT),6495.0
2222000,"Oilseed, Soybean",PA,Paraguay,2022,2025,4,161,Feed Waste Dom. Cons.,8,(1000 MT),125.0
2222000,"Oilseed, Soybean",PA,Paraguay,2022,2025,4,149,Food Use Dom. Cons.,8,(1000 MT),0.0
2222000,"Oilseed, Soybean",PA,Paraguay,2022,2025,4,57,Imports,8,(1000 MT),10.0
2222000,"Oilseed, Soybean",PA,Paraguay,2022,2025,4,28,Production,8,(1000 MT),10250.0
2222000,"Oilseed, Soybean",PA,Paraguay,2022,2025,4,178,Total Distribution,8,(1000 MT),10437.0
2222000,"Oilseed, Soybean",PA,Paraguay,2022,2025,4,86,Total Supply,8,(1000 MT),10437.0
2222000,"Oilseed, Soybean",PA,Paraguay,2022,2025,4,184,Yield,26,(MT/HA),2.81
2222000,"Oilseed, Soybean",PA,Paraguay,2023,2025,4,4,Area Harvested,4,(1000 HA),3750.0
2222000,"Oilseed, Soybean",PA,Paraguay,2023,2025,4,20,Beginning Stocks,8,(1000 MT),367.0
2222000,"Oilseed, Soybean",PA,Paraguay,2023,2025,4,7,Crush,8,(1000 MT),3000.0
2222000,"Oilseed, Soybean",PA,Paraguay,2023,2025,4,125,Domestic Consumption,8,(1000 MT),3100.0
2222000,"Oilseed, Soybean",PA,Paraguay,2023,2025,4,176,Ending Stocks,8,(1000 MT),286.0
2222000,"Oilseed, Soybean",PA,Paraguay,2023,2025,4,88,Exports,8,(1000 MT),7987.0
2222000,"Oilseed, Soybean",PA,Paraguay,2023,2025,4,161,Feed Waste Dom. Cons.,8,(1000 MT),100.0
2222000,"Oilseed, Soybean",PA,Paraguay,2023,2025,4,149,Food Use Dom. Cons.,8,(1000 MT),0.0
2222000,"Oilseed, Soybean",PA,Paraguay,2023,2025,4,57,Imports,8,(1000 MT),6.0
2222000,"Oilseed, Soybean",PA,Paraguay,2023,2025,4,28,Production,8,(1000 MT),11000.0
2222000,"Oilseed, Soybean",PA,Paraguay,2023,2025,4,178,Total Distribution,8,(1000 MT),11373.0
2222000,"Oilseed, Soybean",PA,Paraguay,2023,2025,4,86,Total Supply,8,(1000 MT),11373.0
2222000,"Oilseed, Soybean",PA,Paraguay,2023,2025,4,184,Yield,26,(MT/HA),2.93
2222000,"Oilseed, Soybean",PA,Paraguay,2024,2026,2,4,Area Harvested,4,(1000 HA),3750.0
2222000,"Oilseed, Soybean",PA,Paraguay,2024,2026,2,20,Beginning Stocks,8,(1000 MT),286.0
2222000,"Oilseed, Soybean",PA,Paraguay,2024,2026,2,7,Crush,8,(1000 MT),3700.0
2222000,"Oilseed, Soybean",PA,Paraguay,2024,2026,2,125,Domestic Consumption,8,(1000 MT),3800.0
2222000,"Oilseed, Soybean",PA,Paraguay,2024,2026,2,176,Ending Stocks,8,(1000 MT),285.0
2222000,"Oilseed, Soybean",PA,Paraguay,2024,2026,2,88,Exports,8,(1000 MT),6405.0
2222000,"Oilseed, Soybean",PA,Paraguay,2024,2026,2,161,Feed Waste Dom. Cons.,8,(1000 MT),100.0
2222000,"Oilseed, Soybean",PA,Paraguay,2024,2026,2,149,Food Use Dom. Cons.,8,(1000 MT),0.0
2222000,"Oilseed, Soybean",PA,Paraguay,2024,2026,2,57,Imports,8,(1000 MT),4.0
2222000,"Oilseed, Soybean",PA,Paraguay,2024,2026,2,28,Production,8,(1000 MT),10200.0
2222000,"Oilseed, Soybean",PA,Paraguay,2024,2026,2,178,Total Distribution,8,(1000 MT),10490.0
2222000,"Oilseed, Soybean",PA,Paraguay,2024,2026,2,86,Total Supply,8,(1000 MT),10490.0
2222000,"Oilseed, Soybean",PA,Paraguay,2024,2026,2,184,Yield,26,(MT/HA),2.72
2222000,"Oilseed, Soybean",PA,Paraguay,2025,2026,3,4,Area Harvested,4,(1000 HA),3800.0
2222000,"Oilseed, Soybean",PA,Paraguay,2025,2026,3,20,Beginning Stocks,8,(1000 MT),285.0
2222000,"Oilseed, Soybean",PA,Paraguay,2025,2026,3,7,Crush,8,(1000 MT),3600.0
2222000,"Oilseed, Soybean",PA,Paraguay,2025,2026,3,125,Domestic Consumption,8,(1000 MT),3725.0
2222000,"Oilseed, Soybean",PA,Paraguay,2025,2026,3,176,Ending Stocks,8,(1000 MT),380.0
2222000,"Oilseed, Soybean",PA,Paraguay,2025,2026,3,88,Exports,8,(1000 MT),7700.0
2222000,"Oilseed, Soybean",PA,Paraguay,2025,2026,3,161,Feed Waste Dom. Cons.,8,(1000 MT),125.0
2222000,"Oilseed, Soybean",PA,Paraguay,2025,2026,3,149,Food Use Dom. Cons.,8,(1000 MT),0.0
2222000,"Oilseed, Soybean",PA,Paraguay,2025,2026,3,57,Imports,8,(1000 MT),20.0
2222000,"Oilseed, Soybean",PA,Paraguay,2025,2026,3,28,Production,8,(1000 MT),11500.0
2222000,"Oilseed, Soybean",PA,Paraguay,2025,2026,3,178,Total Distribution,8,(1000 MT),11805.0
2222000,"Oilseed, Soybean",PA,Paraguay,2025,2026,3,86,Total Supply,8,(1000 MT),11805.0
2222000,"Oilseed, Soybean",PA,Paraguay,2025,2026,3,184,Yield,26,(MT/HA),3.03
2222000,"Oilseed, Soybean",PE,Peru,2022,2025,2,4,Area Harvested,4,(1000 HA),2.0
2222000,"Oilseed, Soybean",PE,Peru,2022,2025,2,20,Beginning Stocks,8,(1000 MT),11.0
2222000,"Oilseed, Soybean",PE,Peru,2022,2025,2,7,Crush,8,(1000 MT),2.0
2222000,"Oilseed, Soybean",PE,Peru,2022,2025,2,125,Domestic Consumption,8,(1000 MT),232.0
2222000,"Oilseed, Soybean",PE,Peru,2022,2025,2,176,Ending Stocks,8,(1000 MT),10.0
2222000,"Oilseed, Soybean",PE,Peru,2022,2025,2,88,Exports,8,(1000 MT),0.0
2222000,"Oilseed, Soybean",PE,Peru,2022,2025,2,161,Feed Waste Dom. Cons.,8,(1000 MT),230.0
2222000,"Oilseed, Soybean",PE,Peru,2022,2025,2,149,Food Use Dom. Cons.,8,(1000 MT),0.0
2222000,"Oilseed, Soybean",PE,Peru,2022,2025,2,57,Imports,8,(1000 MT),228.0
2222000,"Oilseed, Soybean",PE,Peru,2022,2025,2,28,Production,8,(1000 MT),3.0
2222000,"Oilseed, Soybean",PE,Peru,2022,2025,2,178,Total Distribution,8,(1000 MT),242.0
2222000,"Oilseed, Soybean",PE,Peru,2022,2025,2,86,Total Supply,8,(1000 MT),242.0
2222000,"Oilseed, Soybean",PE,Peru,2022,2025,2,184,Yield,26,(MT/HA),1.5
2222000,"Oilseed, Soybean",PE,Peru,2023,2025,4,4,Area Harvested,4,(1000 HA),2.0
2222000,"Oilseed, Soybean",PE,Peru,2023,2025,4,20,Beginning Stocks,8,(1000 MT),10.0
2222000,"Oilseed, Soybean",PE,Peru,2023,2025,4,7,Crush,8,(1000 MT),2.0
2222000,"Oilseed, Soybean",PE,Peru,2023,2025,4,125,Domestic Consumption,8,(1000 MT),222.0
2222000,"Oilseed, Soybean",PE,Peru,2023,2025,4,176,Ending Stocks,8,(1000 MT),13.0
2222000,"Oilseed, Soybean",PE,Peru,2023,2025,4,88,Exports,8,(1000 MT),0.0
2222000,"Oilseed, Soybean",PE,Peru,2023,2025,4,161,Feed Waste Dom. Cons.,8,(1000 MT),220.0
2222000,"Oilseed, Soybean",PE,Peru,2023,2025,4,149,Food Use Dom. Cons.,8,(1000 MT),0.0
2222000,"Oilseed, Soybean",PE,Peru,2023,2025,4,57,Imports,8,(1000 MT),222.0
2222000,"Oilseed, Soybean",PE,Peru,2023,2025,4,28,Production,8,(1000 MT),3.0
2222000,"Oilseed, Soybean",PE,Peru,2023,2025,4,178,Total Distribution,8,(1000 MT),235.0
2222000,"Oilseed, Soybean",PE,Peru,2023,2025,4,86,Total Supply,8,(1000 MT),235.0
2222000,"Oilseed, Soybean",PE,Peru,2023,2025,4,184,Yield,26,(MT/HA),1.5
2222000,"Oilseed, Soybean",PE,Peru,2024,2026,3,4,Area Harvested,4,(1000 HA),2.0
2222000,"Oilseed, Soybean",PE,Peru,2024,2026,3,20,Beginning Stocks,8,(1000 MT),13.0
2222000,"Oilseed, Soybean",PE,Peru,2024,2026,3,7,Crush,8,(1000 MT),2.0
2222000,"Oilseed, Soybean",PE,Peru,2024,2026,3,125,Domestic Consumption,8,(1000 MT),202.0
2222000,"Oilseed, Soybean",PE,Peru,2024,2026,3,176,Ending Stocks,8,(1000 MT),13.0
2222000,"Oilseed, Soybean",PE,Peru,2024,2026,3,88,Exports,8,(1000 MT),0.0
2222000,"Oilseed, Soybean",PE,Peru,2024,2026,3,161,Feed Waste Dom. Cons.,8,(1000 MT),200.0
2222000,"Oilseed, Soybean",PE,Peru,2024,2026,3,149,Food Use Dom. Cons.,8,(1000 MT),0.0
2222000,"Oilseed, Soybean",PE,Peru,2024,2026,3,57,Imports,8,(1000 MT),199.0
2222000,"Oilseed, Soybean",PE,Peru,2024,2026,3,28,Production,8,(1000 MT),3.0
2222000,"Oilseed, Soybean",PE,Peru,2024,2026,3,178,Total Distribution,8,(1000 MT),215.0
2222000,"Oilseed, Soybean",PE,Peru,2024,2026,3,86,Total Supply,8,(1000 MT),215.0
2222000,"Oilseed, Soybean",PE,Peru,2024,2026,3,184,Yield,26,(MT/HA),1.5
2222000,"Oilseed, Soybean",PE,Peru,2025,2026,3,4,Area Harvested,4,(1000 HA),2.0
2222000,"Oilseed, Soybean",PE,Peru,2025,2026,3,20,Beginning Stocks,8,(1000 MT),13.0
2222000,"Oilseed, Soybean",PE,Peru,2025,2026,3,7,Crush,8,(1000 MT),2.0
2222000,"Oilseed, Soybean",PE,Peru,2025,2026,3,125,Domestic Consumption,8,(1000 MT),277.0
2222000,"Oilseed, Soybean",PE,Peru,2025,2026,3,176,Ending Stocks,8,(1000 MT),14.0
2222000,"Oilseed, Soybean",PE,Peru,2025,2026,3,88,Exports,8,(1000 MT),0.0
2222000,"Oilseed, Soybean",PE,Peru,2025,2026,3,161,Feed Waste Dom. Cons.,8,(1000 MT),275.0
2222000,"Oilseed, Soybean",PE,Peru,2025,2026,3,149,Food Use Dom. Cons.,8,(1000 MT),0.0
2222000,"Oilseed, Soybean",PE,Peru,2025,2026,3,57,Imports,8,(1000 MT),275.0
2222000,"Oilseed, Soybean",PE,Peru,2025,2026,3,28,Production,8,(1000 MT),3.0
2222000,"Oilseed, Soybean",PE,Peru,2025,2026,3,178,Total Distribution,8,(1000 MT),291.0
2222000,"Oilseed, Soybean",PE,Peru,2025,2026,3,86,Total Supply,8,(1000 MT),291.0
2222000,"Oilseed, Soybean",PE,Peru,2025,2026,3,184,Yield,26,(MT/HA),1.5
2222000,"Oilseed, Soybean",RP,Philippines,2022,2025,4,4,Area Harvested,4,(1000 HA),1.0
2222000,"Oilseed, Soybean",RP,Philippines,2022,2025,4,20,Beginning Stocks,8,(1000 MT),32.0
2222000,"Oilseed, Soybean",RP,Philippines,2022,2025,4,7,Crush,8,(1000 MT),80.0
2222000,"Oilseed, Soybean",RP,Philippines,2022,2025,4,125,Domestic Consumption,8,(1000 MT),155.0
2222000,"Oilseed, Soybean",RP,Philippines,2022,2025,4,176,Ending Stocks,8,(1000 MT),17.0
2222000,"Oilseed, Soybean",RP,Philippines,2022,2025,4,88,Exports,8,(1000 MT),0.0
2222000,"Oilseed, Soybean",RP,Philippines,2022,2025,4,161,Feed Waste Dom. Cons.,8,(1000 MT),50.0
2222000,"Oilseed, Soybean",RP,Philippines,2022,2025,4,149,Food Use Dom. Cons.,8,(1000 MT),25.0
2222000,"Oilseed, Soybean",RP,Philippines,2022,2025,4,57,Imports,8,(1000 MT),139.0
2222000,"Oilseed, Soybean",RP,Philippines,2022,2025,4,28,Production,8,(1000 MT),1.0
2222000,"Oilseed, Soybean",RP,Philippines,2022,2025,4,178,Total Distribution,8,(1000 MT),172.0
2222000,"Oilseed, Soybean",RP,Philippines,2022,2025,4,86,Total Supply,8,(1000 MT),172.0
2222000,"Oilseed, Soybean",RP,Philippines,2022,2025,4,184,Yield,26,(MT/HA),1.0
2222000,"Oilseed, Soybean",RP,Philippines,2023,2025,5,4,Area Harvested,4,(1000 HA),1.0
2222000,"Oilseed, Soybean",RP,Philippines,2023,2025,5,20,Beginning Stocks,8,(1000 MT),17.0
2222000,"Oilseed, Soybean",RP,Philippines,2023,2025,5,7,Crush,8,(1000 MT),65.0
2222000,"Oilseed, Soybean",RP,Philippines,2023,2025,5,125,Domestic Consumption,8,(1000 MT),155.0
2222000,"Oilseed, Soybean",RP,Philippines,2023,2025,5,176,Ending Stocks,8,(1000 MT),14.0
2222000,"Oilseed, Soybean",RP,Philippines,2023,2025,5,88,Exports,8,(1000 MT),0.0
2222000,"Oilseed, Soybean",RP,Philippines,2023,2025,5,161,Feed Waste Dom. Cons.,8,(1000 MT),50.0
2222000,"Oilseed, Soybean",RP,Philippines,2023,2025,5,149,Food Use Dom. Cons.,8,(1000 MT),40.0
2222000,"Oilseed, Soybean",RP,Philippines,2023,2025,5,57,Imports,8,(1000 MT),151.0
2222000,"Oilseed, Soybean",RP,Philippines,2023,2025,5,28,Production,8,(1000 MT),1.0
2222000,"Oilseed, Soybean",RP,Philippines,2023,2025,5,178,Total Distribution,8,(1000 MT),169.0
2222000,"Oilseed, Soybean",RP,Philippines,2023,2025,5,86,Total Supply,8,(1000 MT),169.0
2222000,"Oilseed, Soybean",RP,Philippines,2023,2025,5,184,Yield,26,(MT/HA),1.0
2222000,"Oilseed, Soybean",RP,Philippines,2024,2026,3,4,Area Harvested,4,(1000 HA),1.0
2222000,"Oilseed, Soybean",RP,Philippines,2024,2026,3,20,Beginning Stocks,8,(1000 MT),14.0
2222000,"Oilseed, Soybean",RP,Philippines,2024,2026,3,7,Crush,8,(1000 MT),60.0
2222000,"Oilseed, Soybean",RP,Philippines,2024,2026,3,125,Domestic Consumption,8,(1000 MT),141.0
2222000,"Oilseed, Soybean",RP,Philippines,2024,2026,3,176,Ending Stocks,8,(1000 MT),10.0
2222000,"Oilseed, Soybean",RP,Philippines,2024,2026,3,88,Exports,8,(1000 MT),0.0
2222000,"Oilseed, Soybean",RP,Philippines,2024,2026,3,161,Feed Waste Dom. Cons.,8,(1000 MT),50.0
2222000,"Oilseed, Soybean",RP,Philippines,2024,2026,3,149,Food Use Dom. Cons.,8,(1000 MT),31.0
2222000,"Oilseed, Soybean",RP,Philippines,2024,2026,3,57,Imports,8,(1000 MT),136.0
2222000,"Oilseed, Soybean",RP,Philippines,2024,2026,3,28,Production,8,(1000 MT),1.0
2222000,"Oilseed, Soybean",RP,Philippines,2024,2026,3,178,Total Distribution,8,(1000 MT),151.0
2222000,"Oilseed, Soybean",RP,Philippines,2024,2026,3,86,Total Supply,8,(1000 MT),151.0
2222000,"Oilseed, Soybean",RP,Philippines,2024,2026,3,184,Yield,26,(MT/HA),1.0
2222000,"Oilseed, Soybean",RP,Philippines,2025,2026,3,4,Area Harvested,4,(1000 HA),1.0
2222000,"Oilseed, Soybean",RP,Philippines,2025,2026,3,20,Beginning Stocks,8,(1000 MT),10.0
2222000,"Oilseed, Soybean",RP,Philippines,2025,2026,3,7,Crush,8,(1000 MT),70.0
2222000,"Oilseed, Soybean",RP,Philippines,2025,2026,3,125,Domestic Consumption,8,(1000 MT),161.0
2222000,"Oilseed, Soybean",RP,Philippines,2025,2026,3,176,Ending Stocks,8,(1000 MT),10.0
2222000,"Oilseed, Soybean",RP,Philippines,2025,2026,3,88,Exports,8,(1000 MT),0.0
2222000,"Oilseed, Soybean",RP,Philippines,2025,2026,3,161,Feed Waste Dom. Cons.,8,(1000 MT),50.0
2222000,"Oilseed, Soybean",RP,Philippines,2025,2026,3,149,Food Use Dom. Cons.,8,(1000 MT),41.0
2222000,"Oilseed, Soybean",RP,Philippines,2025,2026,3,57,Imports,8,(1000 MT),160.0
2222000,"Oilseed, Soybean",RP,Philippines,2025,2026,3,28,Production,8,(1000 MT),1.0
2222000,"Oilseed, Soybean",RP,Philippines,2025,2026,3,178,Total Distribution,8,(1000 MT),171.0
2222000,"Oilseed, Soybean",RP,Philippines,2025,2026,3,86,Total Supply,8,(1000 MT),171.0
2222000,"Oilseed, Soybean",RP,Philippines,2025,2026,3,184,Yield,26,(MT/HA),1.0
2222000,"Oilseed, Soybean",RS,Russia,2022,2025,4,4,Area Harvested,4,(1000 HA),3355.0
2222000,"Oilseed, Soybean",RS,Russia,2022,2025,4,20,Beginning Stocks,8,(1000 MT),306.0
2222000,"Oilseed, Soybean",RS,Russia,2022,2025,4,7,Crush,8,(1000 MT),5400.0
2222000,"Oilseed, Soybean",RS,Russia,2022,2025,4,125,Domestic Consumption,8,(1000 MT),6035.0
2222000,"Oilseed, Soybean",RS,Russia,2022,2025,4,176,Ending Stocks,8,(1000 MT),411.0
2222000,"Oilseed, Soybean",RS,Russia,2022,2025,4,88,Exports,8,(1000 MT),1500.0
2222000,"Oilseed, Soybean",RS,Russia,2022,2025,4,161,Feed Waste Dom. Cons.,8,(1000 MT),525.0
2222000,"Oilseed, Soybean",RS,Russia,2022,2025,4,149,Food Use Dom. Cons.,8,(1000 MT),110.0
2222000,"Oilseed, Soybean",RS,Russia,2022,2025,4,57,Imports,8,(1000 MT),1644.0
2222000,"Oilseed, Soybean",RS,Russia,2022,2025,4,28,Production,8,(1000 MT),5996.0
2222000,"Oilseed, Soybean",RS,Russia,2022,2025,4,178,Total Distribution,8,(1000 MT),7946.0
2222000,"Oilseed, Soybean",RS,Russia,2022,2025,4,86,Total Supply,8,(1000 MT),7946.0
2222000,"Oilseed, Soybean",RS,Russia,2022,2025,4,184,Yield,26,(MT/HA),1.79
2222000,"Oilseed, Soybean",RS,Russia,2023,2025,4,4,Area Harvested,4,(1000 HA),3500.0
2222000,"Oilseed, Soybean",RS,Russia,2023,2025,4,20,Beginning Stocks,8,(1000 MT),411.0
2222000,"Oilseed, Soybean",RS,Russia,2023,2025,4,7,Crush,8,(1000 MT),5900.0
2222000,"Oilseed, Soybean",RS,Russia,2023,2025,4,125,Domestic Consumption,8,(1000 MT),6570.0
2222000,"Oilseed, Soybean",RS,Russia,2023,2025,4,176,Ending Stocks,8,(1000 MT),544.0
2222000,"Oilseed, Soybean",RS,Russia,2023,2025,4,88,Exports,8,(1000 MT),1400.0
2222000,"Oilseed, Soybean",RS,Russia,2023,2025,4,161,Feed Waste Dom. Cons.,8,(1000 MT),550.0
2222000,"Oilseed, Soybean",RS,Russia,2023,2025,4,149,Food Use Dom. Cons.,8,(1000 MT),120.0
2222000,"Oilseed, Soybean",RS,Russia,2023,2025,4,57,Imports,8,(1000 MT),1303.0
2222000,"Oilseed, Soybean",RS,Russia,2023,2025,4,28,Production,8,(1000 MT),6800.0
2222000,"Oilseed, Soybean",RS,Russia,2023,2025,4,178,Total Distribution,8,(1000 MT),8514.0
2222000,"Oilseed, Soybean",RS,Russia,2023,2025,4,86,Total Supply,8,(1000 MT),8514.0
2222000,"Oilseed, Soybean",RS,Russia,2023,2025,4,184,Yield,26,(MT/HA),1.94
2222000,"Oilseed, Soybean",RS,Russia,2024,2025,7,4,Area Harvested,4,(1000 HA),4200.0
2222000,"Oilseed, Soybean",RS,Russia,2024,2025,7,20,Beginning Stocks,8,(1000 MT),544.0
2222000,"Oilseed, Soybean",RS,Russia,2024,2025,7,7,Crush,8,(1000 MT),6225.0
2222000,"Oilseed, Soybean",RS,Russia,2024,2025,7,125,Domestic Consumption,8,(1000 MT),6955.0
2222000,"Oilseed, Soybean",RS,Russia,2024,2025,7,176,Ending Stocks,8,(1000 MT),614.0
2222000,"Oilseed, Soybean",RS,Russia,2024,2025,7,88,Exports,8,(1000 MT),1025.0
2222000,"Oilseed, Soybean",RS,Russia,2024,2025,7,161,Feed Waste Dom. Cons.,8,(1000 MT),600.0
2222000,"Oilseed, Soybean",RS,Russia,2024,2025,7,149,Food Use Dom. Cons.,8,(1000 MT),130.0
2222000,"Oilseed, Soybean",RS,Russia,2024,2025,7,57,Imports,8,(1000 MT),1000.0
2222000,"Oilseed, Soybean",RS,Russia,2024,2025,7,28,Production,8,(1000 MT),7050.0
2222000,"Oilseed, Soybean",RS,Russia,2024,2025,7,178,Total Distribution,8,(1000 MT),8594.0
2222000,"Oilseed, Soybean",RS,Russia,2024,2025,7,86,Total Supply,8,(1000 MT),8594.0
2222000,"Oilseed, Soybean",RS,Russia,2024,2025,7,184,Yield,26,(MT/HA),1.68
2222000,"Oilseed, Soybean",RS,Russia,2025,2026,3,4,Area Harvested,4,(1000 HA),4500.0
2222000,"Oilseed, Soybean",RS,Russia,2025,2026,3,20,Beginning Stocks,8,(1000 MT),614.0
2222000,"Oilseed, Soybean",RS,Russia,2025,2026,3,7,Crush,8,(1000 MT),6600.0
2222000,"Oilseed, Soybean",RS,Russia,2025,2026,3,125,Domestic Consumption,8,(1000 MT),7440.0
2222000,"Oilseed, Soybean",RS,Russia,2025,2026,3,176,Ending Stocks,8,(1000 MT),774.0
2222000,"Oilseed, Soybean",RS,Russia,2025,2026,3,88,Exports,8,(1000 MT),2000.0
2222000,"Oilseed, Soybean",RS,Russia,2025,2026,3,161,Feed Waste Dom. Cons.,8,(1000 MT),700.0
2222000,"Oilseed, Soybean",RS,Russia,2025,2026,3,149,Food Use Dom. Cons.,8,(1000 MT),140.0
2222000,"Oilseed, Soybean",RS,Russia,2025,2026,3,57,Imports,8,(1000 MT),600.0
2222000,"Oilseed, Soybean",RS,Russia,2025,2026,3,28,Production,8,(1000 MT),9000.0
2222000,"Oilseed, Soybean",RS,Russia,2025,2026,3,178,Total Distribution,8,(1000 MT),10214.0
2222000,"Oilseed, Soybean",RS,Russia,2025,2026,3,86,Total Supply,8,(1000 MT),10214.0
2222000,"Oilseed, Soybean",RS,Russia,2025,2026,3,184,Yield,26,(MT/HA),2.0
2222000,"Oilseed, Soybean",SA,Saudi Arabia,2022,2025,12,4,Area Harvested,4,(1000 HA),0.0
2222000,"Oilseed, Soybean",SA,Saudi Arabia,2022,2025,12,20,Beginning Stocks,8,(1000 MT),77.0
2222000,"Oilseed, Soybean",SA,Saudi Arabia,2022,2025,12,7,Crush,8,(1000 MT),520.0
2222000,"Oilseed, Soybean",SA,Saudi Arabia,2022,2025,12,125,Domestic Consumption,8,(1000 MT),527.0
2222000,"Oilseed, Soybean",SA,Saudi Arabia,2022,2025,12,176,Ending Stocks,8,(1000 MT),54.0
2222000,"Oilseed, Soybean",SA,Saudi Arabia,2022,2025,12,88,Exports,8,(1000 MT),0.0
2222000,"Oilseed, Soybean",SA,Saudi Arabia,2022,2025,12,161,Feed Waste Dom. Cons.,8,(1000 MT),7.0
2222000,"Oilseed, Soybean",SA,Saudi Arabia,2022,2025,12,149,Food Use Dom. Cons.,8,(1000 MT),0.0
2222000,"Oilseed, Soybean",SA,Saudi Arabia,2022,2025,12,57,Imports,8,(1000 MT),504.0
2222000,"Oilseed, Soybean",SA,Saudi Arabia,2022,2025,12,28,Production,8,(1000 MT),0.0
2222000,"Oilseed, Soybean",SA,Saudi Arabia,2022,2025,12,178,Total Distribution,8,(1000 MT),581.0
2222000,"Oilseed, Soybean",SA,Saudi Arabia,2022,2025,12,86,Total Supply,8,(1000 MT),581.0
2222000,"Oilseed, Soybean",SA,Saudi Arabia,2022,2025,12,184,Yield,26,(MT/HA),0.0
2222000,"Oilseed, Soybean",SA,Saudi Arabia,2023,2025,12,4,Area Harvested,4,(1000 HA),0.0
2222000,"Oilseed, Soybean",SA,Saudi Arabia,2023,2025,12,20,Beginning Stocks,8,(1000 MT),54.0
2222000,"Oilseed, Soybean",SA,Saudi Arabia,2023,2025,12,7,Crush,8,(1000 MT),370.0
2222000,"Oilseed, Soybean",SA,Saudi Arabia,2023,2025,12,125,Domestic Consumption,8,(1000 MT),377.0
2222000,"Oilseed, Soybean",SA,Saudi Arabia,2023,2025,12,176,Ending Stocks,8,(1000 MT),38.0
2222000,"Oilseed, Soybean",SA,Saudi Arabia,2023,2025,12,88,Exports,8,(1000 MT),0.0
2222000,"Oilseed, Soybean",SA,Saudi Arabia,2023,2025,12,161,Feed Waste Dom. Cons.,8,(1000 MT),7.0
2222000,"Oilseed, Soybean",SA,Saudi Arabia,2023,2025,12,149,Food Use Dom. Cons.,8,(1000 MT),0.0
2222000,"Oilseed, Soybean",SA,Saudi Arabia,2023,2025,12,57,Imports,8,(1000 MT),361.0
2222000,"Oilseed, Soybean",SA,Saudi Arabia,2023,2025,12,28,Production,8,(1000 MT),0.0
2222000,"Oilseed, Soybean",SA,Saudi Arabia,2023,2025,12,178,Total Distribution,8,(1000 MT),415.0
2222000,"Oilseed, Soybean",SA,Saudi Arabia,2023,2025,12,86,Total Supply,8,(1000 MT),415.0
2222000,"Oilseed, Soybean",SA,Saudi Arabia,2023,2025,12,184,Yield,26,(MT/HA),0.0
2222000,"Oilseed, Soybean",SA,Saudi Arabia,2024,2025,12,4,Area Harvested,4,(1000 HA),0.0
2222000,"Oilseed, Soybean",SA,Saudi Arabia,2024,2025,12,20,Beginning Stocks,8,(1000 MT),38.0
2222000,"Oilseed, Soybean",SA,Saudi Arabia,2024,2025,12,7,Crush,8,(1000 MT),160.0
2222000,"Oilseed, Soybean",SA,Saudi Arabia,2024,2025,12,125,Domestic Consumption,8,(1000 MT),167.0
2222000,"Oilseed, Soybean",SA,Saudi Arabia,2024,2025,12,176,Ending Stocks,8,(1000 MT),18.0
2222000,"Oilseed, Soybean",SA,Saudi Arabia,2024,2025,12,88,Exports,8,(1000 MT),0.0
2222000,"Oilseed, Soybean",SA,Saudi Arabia,2024,2025,12,161,Feed Waste Dom. Cons.,8,(1000 MT),7.0
2222000,"Oilseed, Soybean",SA,Saudi Arabia,2024,2025,12,149,Food Use Dom. Cons.,8,(1000 MT),0.0
2222000,"Oilseed, Soybean",SA,Saudi Arabia,2024,2025,12,57,Imports,8,(1000 MT),147.0
2222000,"Oilseed, Soybean",SA,Saudi Arabia,2024,2025,12,28,Production,8,(1000 MT),0.0
2222000,"Oilseed, Soybean",SA,Saudi Arabia,2024,2025,12,178,Total Distribution,8,(1000 MT),185.0
2222000,"Oilseed, Soybean",SA,Saudi Arabia,2024,2025,12,86,Total Supply,8,(1000 MT),185.0
2222000,"Oilseed, Soybean",SA,Saudi Arabia,2024,2025,12,184,Yield,26,(MT/HA),0.0
2222000,"Oilseed, Soybean",SA,Saudi Arabia,2025,2026,3,4,Area Harvested,4,(1000 HA),0.0
2222000,"Oilseed, Soybean",SA,Saudi Arabia,2025,2026,3,20,Beginning Stocks,8,(1000 MT),18.0
2222000,"Oilseed, Soybean",SA,Saudi Arabia,2025,2026,3,7,Crush,8,(1000 MT),325.0
2222000,"Oilseed, Soybean",SA,Saudi Arabia,2025,2026,3,125,Domestic Consumption,8,(1000 MT),332.0
2222000,"Oilseed, Soybean",SA,Saudi Arabia,2025,2026,3,176,Ending Stocks,8,(1000 MT),36.0
2222000,"Oilseed, Soybean",SA,Saudi Arabia,2025,2026,3,88,Exports,8,(1000 MT),0.0
2222000,"Oilseed, Soybean",SA,Saudi Arabia,2025,2026,3,161,Feed Waste Dom. Cons.,8,(1000 MT),7.0
2222000,"Oilseed, Soybean",SA,Saudi Arabia,2025,2026,3,149,Food Use Dom. Cons.,8,(1000 MT),0.0
2222000,"Oilseed, Soybean",SA,Saudi Arabia,2025,2026,3,57,Imports,8,(1000 MT),350.0
2222000,"Oilseed, Soybean",SA,Saudi Arabia,2025,2026,3,28,Production,8,(1000 MT),0.0
2222000,"Oilseed, Soybean",SA,Saudi Arabia,2025,2026,3,178,Total Distribution,8,(1000 MT),368.0
2222000,"Oilseed, Soybean",SA,Saudi Arabia,2025,2026,3,86,Total Supply,8,(1000 MT),368.0
2222000,"Oilseed, Soybean",SA,Saudi Arabia,2025,2026,3,184,Yield,26,(MT/HA),0.0
2222000,"Oilseed, Soybean",RB,Serbia,2022,2025,4,4,Area Harvested,4,(1000 HA),235.0
2222000,"Oilseed, Soybean",RB,Serbia,2022,2025,4,20,Beginning Stocks,8,(1000 MT),137.0
2222000,"Oilseed, Soybean",RB,Serbia,2022,2025,4,7,Crush,8,(1000 MT),600.0
2222000,"Oilseed, Soybean",RB,Serbia,2022,2025,4,125,Domestic Consumption,8,(1000 MT),615.0
2222000,"Oilseed, Soybean",RB,Serbia,2022,2025,4,176,Ending Stocks,8,(1000 MT),68.0
2222000,"Oilseed, Soybean",RB,Serbia,2022,2025,4,88,Exports,8,(1000 MT),5.0
2222000,"Oilseed, Soybean",RB,Serbia,2022,2025,4,161,Feed Waste Dom. Cons.,8,(1000 MT),5.0
2222000,"Oilseed, Soybean",RB,Serbia,2022,2025,4,149,Food Use Dom. Cons.,8,(1000 MT),10.0
2222000,"Oilseed, Soybean",RB,Serbia,2022,2025,4,57,Imports,8,(1000 MT),152.0
2222000,"Oilseed, Soybean",RB,Serbia,2022,2025,4,28,Production,8,(1000 MT),399.0
2222000,"Oilseed, Soybean",RB,Serbia,2022,2025,4,178,Total Distribution,8,(1000 MT),688.0
2222000,"Oilseed, Soybean",RB,Serbia,2022,2025,4,86,Total Supply,8,(1000 MT),688.0
2222000,"Oilseed, Soybean",RB,Serbia,2022,2025,4,184,Yield,26,(MT/HA),1.7
2222000,"Oilseed, Soybean",RB,Serbia,2023,2025,4,4,Area Harvested,4,(1000 HA),235.0
2222000,"Oilseed, Soybean",RB,Serbia,2023,2025,4,20,Beginning Stocks,8,(1000 MT),68.0
2222000,"Oilseed, Soybean",RB,Serbia,2023,2025,4,7,Crush,8,(1000 MT),650.0
2222000,"Oilseed, Soybean",RB,Serbia,2023,2025,4,125,Domestic Consumption,8,(1000 MT),665.0
2222000,"Oilseed, Soybean",RB,Serbia,2023,2025,4,176,Ending Stocks,8,(1000 MT),151.0
2222000,"Oilseed, Soybean",RB,Serbia,2023,2025,4,88,Exports,8,(1000 MT),8.0
2222000,"Oilseed, Soybean",RB,Serbia,2023,2025,4,161,Feed Waste Dom. Cons.,8,(1000 MT),5.0
2222000,"Oilseed, Soybean",RB,Serbia,2023,2025,4,149,Food Use Dom. Cons.,8,(1000 MT),10.0
2222000,"Oilseed, Soybean",RB,Serbia,2023,2025,4,57,Imports,8,(1000 MT),106.0
2222000,"Oilseed, Soybean",RB,Serbia,2023,2025,4,28,Production,8,(1000 MT),650.0
2222000,"Oilseed, Soybean",RB,Serbia,2023,2025,4,178,Total Distribution,8,(1000 MT),824.0
2222000,"Oilseed, Soybean",RB,Serbia,2023,2025,4,86,Total Supply,8,(1000 MT),824.0
2222000,"Oilseed, Soybean",RB,Serbia,2023,2025,4,184,Yield,26,(MT/HA),2.77
2222000,"Oilseed, Soybean",RB,Serbia,2024,2025,12,4,Area Harvested,4,(1000 HA),235.0
2222000,"Oilseed, Soybean",RB,Serbia,2024,2025,12,20,Beginning Stocks,8,(1000 MT),151.0
2222000,"Oilseed, Soybean",RB,Serbia,2024,2025,12,7,Crush,8,(1000 MT),675.0
2222000,"Oilseed, Soybean",RB,Serbia,2024,2025,12,125,Domestic Consumption,8,(1000 MT),690.0
2222000,"Oilseed, Soybean",RB,Serbia,2024,2025,12,176,Ending Stocks,8,(1000 MT),184.0
2222000,"Oilseed, Soybean",RB,Serbia,2024,2025,12,88,Exports,8,(1000 MT),6.0
2222000,"Oilseed, Soybean",RB,Serbia,2024,2025,12,161,Feed Waste Dom. Cons.,8,(1000 MT),5.0
2222000,"Oilseed, Soybean",RB,Serbia,2024,2025,12,149,Food Use Dom. Cons.,8,(1000 MT),10.0
2222000,"Oilseed, Soybean",RB,Serbia,2024,2025,12,57,Imports,8,(1000 MT),259.0
2222000,"Oilseed, Soybean",RB,Serbia,2024,2025,12,28,Production,8,(1000 MT),470.0
2222000,"Oilseed, Soybean",RB,Serbia,2024,2025,12,178,Total Distribution,8,(1000 MT),880.0
2222000,"Oilseed, Soybean",RB,Serbia,2024,2025,12,86,Total Supply,8,(1000 MT),880.0
2222000,"Oilseed, Soybean",RB,Serbia,2024,2025,12,184,Yield,26,(MT/HA),2.0
2222000,"Oilseed, Soybean",RB,Serbia,2025,2026,3,4,Area Harvested,4,(1000 HA),180.0
2222000,"Oilseed, Soybean",RB,Serbia,2025,2026,3,20,Beginning Stocks,8,(1000 MT),184.0
2222000,"Oilseed, Soybean",RB,Serbia,2025,2026,3,7,Crush,8,(1000 MT),675.0
2222000,"Oilseed, Soybean",RB,Serbia,2025,2026,3,125,Domestic Consumption,8,(1000 MT),690.0
2222000,"Oilseed, Soybean",RB,Serbia,2025,2026,3,176,Ending Stocks,8,(1000 MT),134.0
2222000,"Oilseed, Soybean",RB,Serbia,2025,2026,3,88,Exports,8,(1000 MT),10.0
2222000,"Oilseed, Soybean",RB,Serbia,2025,2026,3,161,Feed Waste Dom. Cons.,8,(1000 MT),5.0
2222000,"Oilseed, Soybean",RB,Serbia,2025,2026,3,149,Food Use Dom. Cons.,8,(1000 MT),10.0
2222000,"Oilseed, Soybean",RB,Serbia,2025,2026,3,57,Imports,8,(1000 MT),350.0
2222000,"Oilseed, Soybean",RB,Serbia,2025,2026,3,28,Production,8,(1000 MT),300.0
2222000,"Oilseed, Soybean",RB,Serbia,2025,2026,3,178,Total Distribution,8,(1000 MT),834.0
2222000,"Oilseed, Soybean",RB,Serbia,2025,2026,3,86,Total Supply,8,(1000 MT),834.0
2222000,"Oilseed, Soybean",RB,Serbia,2025,2026,3,184,Yield,26,(MT/HA),1.67
2222000,"Oilseed, Soybean",SN,Singapore,2022,2023,4,4,Area Harvested,4,(1000 HA),0.0
2222000,"Oilseed, Soybean",SN,Singapore,2022,2023,4,20,Beginning Stocks,8,(1000 MT),0.0
2222000,"Oilseed, Soybean",SN,Singapore,2022,2023,4,7,Crush,8,(1000 MT),19.0
2222000,"Oilseed, Soybean",SN,Singapore,2022,2023,4,125,Domestic Consumption,8,(1000 MT),22.0
2222000,"Oilseed, Soybean",SN,Singapore,2022,2023,4,176,Ending Stocks,8,(1000 MT),0.0
2222000,"Oilseed, Soybean",SN,Singapore,2022,2023,4,88,Exports,8,(1000 MT),0.0
2222000,"Oilseed, Soybean",SN,Singapore,2022,2023,4,161,Feed Waste Dom. Cons.,8,(1000 MT),0.0
2222000,"Oilseed, Soybean",SN,Singapore,2022,2023,4,149,Food Use Dom. Cons.,8,(1000 MT),3.0
2222000,"Oilseed, Soybean",SN,Singapore,2022,2023,4,57,Imports,8,(1000 MT),22.0
2222000,"Oilseed, Soybean",SN,Singapore,2022,2023,4,28,Production,8,(1000 MT),0.0
2222000,"Oilseed, Soybean",SN,Singapore,2022,2023,4,178,Total Distribution,8,(1000 MT),22.0
2222000,"Oilseed, Soybean",SN,Singapore,2022,2023,4,86,Total Supply,8,(1000 MT),22.0
2222000,"Oilseed, Soybean",SN,Singapore,2022,2023,4,184,Yield,26,(MT/HA),0.0
2222000,"Oilseed, Soybean",SN,Singapore,2023,2025,4,4,Area Harvested,4,(1000 HA),0.0
2222000,"Oilseed, Soybean",SN,Singapore,2023,2025,4,20,Beginning Stocks,8,(1000 MT),0.0
2222000,"Oilseed, Soybean",SN,Singapore,2023,2025,4,7,Crush,8,(1000 MT),18.0
2222000,"Oilseed, Soybean",SN,Singapore,2023,2025,4,125,Domestic Consumption,8,(1000 MT),21.0
2222000,"Oilseed, Soybean",SN,Singapore,2023,2025,4,176,Ending Stocks,8,(1000 MT),0.0
2222000,"Oilseed, Soybean",SN,Singapore,2023,2025,4,88,Exports,8,(1000 MT),0.0
2222000,"Oilseed, Soybean",SN,Singapore,2023,2025,4,161,Feed Waste Dom. Cons.,8,(1000 MT),0.0
2222000,"Oilseed, Soybean",SN,Singapore,2023,2025,4,149,Food Use Dom. Cons.,8,(1000 MT),3.0
2222000,"Oilseed, Soybean",SN,Singapore,2023,2025,4,57,Imports,8,(1000 MT),21.0
2222000,"Oilseed, Soybean",SN,Singapore,2023,2025,4,28,Production,8,(1000 MT),0.0
2222000,"Oilseed, Soybean",SN,Singapore,2023,2025,4,178,Total Distribution,8,(1000 MT),21.0
2222000,"Oilseed, Soybean",SN,Singapore,2023,2025,4,86,Total Supply,8,(1000 MT),21.0
2222000,"Oilseed, Soybean",SN,Singapore,2023,2025,4,184,Yield,26,(MT/HA),0.0
2222000,"Oilseed, Soybean",SN,Singapore,2024,2026,2,4,Area Harvested,4,(1000 HA),0.0
2222000,"Oilseed, Soybean",SN,Singapore,2024,2026,2,20,Beginning Stocks,8,(1000 MT),0.0
2222000,"Oilseed, Soybean",SN,Singapore,2024,2026,2,7,Crush,8,(1000 MT),17.0
2222000,"Oilseed, Soybean",SN,Singapore,2024,2026,2,125,Domestic Consumption,8,(1000 MT),22.0
2222000,"Oilseed, Soybean",SN,Singapore,2024,2026,2,176,Ending Stocks,8,(1000 MT),0.0
2222000,"Oilseed, Soybean",SN,Singapore,2024,2026,2,88,Exports,8,(1000 MT),0.0
2222000,"Oilseed, Soybean",SN,Singapore,2024,2026,2,161,Feed Waste Dom. Cons.,8,(1000 MT),0.0
2222000,"Oilseed, Soybean",SN,Singapore,2024,2026,2,149,Food Use Dom. Cons.,8,(1000 MT),5.0
2222000,"Oilseed, Soybean",SN,Singapore,2024,2026,2,57,Imports,8,(1000 MT),22.0
2222000,"Oilseed, Soybean",SN,Singapore,2024,2026,2,28,Production,8,(1000 MT),0.0
2222000,"Oilseed, Soybean",SN,Singapore,2024,2026,2,178,Total Distribution,8,(1000 MT),22.0
2222000,"Oilseed, Soybean",SN,Singapore,2024,2026,2,86,Total Supply,8,(1000 MT),22.0
2222000,"Oilseed, Soybean",SN,Singapore,2024,2026,2,184,Yield,26,(MT/HA),0.0
2222000,"Oilseed, Soybean",SN,Singapore,2025,2026,3,4,Area Harvested,4,(1000 HA),0.0
2222000,"Oilseed, Soybean",SN,Singapore,2025,2026,3,20,Beginning Stocks,8,(1000 MT),0.0
2222000,"Oilseed, Soybean",SN,Singapore,2025,2026,3,7,Crush,8,(1000 MT),17.0
2222000,"Oilseed, Soybean",SN,Singapore,2025,2026,3,125,Domestic Consumption,8,(1000 MT),20.0
2222000,"Oilseed, Soybean",SN,Singapore,2025,2026,3,176,Ending Stocks,8,(1000 MT),0.0
2222000,"Oilseed, Soybean",SN,Singapore,2025,2026,3,88,Exports,8,(1000 MT),0.0
2222000,"Oilseed, Soybean",SN,Singapore,2025,2026,3,161,Feed Waste Dom. Cons.,8,(1000 MT),0.0
2222000,"Oilseed, Soybean",SN,Singapore,2025,2026,3,149,Food Use Dom. Cons.,8,(1000 MT),3.0
2222000,"Oilseed, Soybean",SN,Singapore,2025,2026,3,57,Imports,8,(1000 MT),20.0
2222000,"Oilseed, Soybean",SN,Singapore,2025,2026,3,28,Production,8,(1000 MT),0.0
2222000,"Oilseed, Soybean",SN,Singapore,2025,2026,3,178,Total Distribution,8,(1000 MT),20.0
2222000,"Oilseed, Soybean",SN,Singapore,2025,2026,3,86,Total Supply,8,(1000 MT),20.0
2222000,"Oilseed, Soybean",SN,Singapore,2025,2026,3,184,Yield,26,(MT/HA),0.0
2222000,"Oilseed, Soybean",SF,South Africa,2022,2025,4,4,Area Harvested,4,(1000 HA),1148.0
2222000,"Oilseed, Soybean",SF,South Africa,2022,2025,4,20,Beginning Stocks,8,(1000 MT),199.0
2222000,"Oilseed, Soybean",SF,South Africa,2022,2025,4,7,Crush,8,(1000 MT),1800.0
2222000,"Oilseed, Soybean",SF,South Africa,2022,2025,4,125,Domestic Consumption,8,(1000 MT),2025.0
2222000,"Oilseed, Soybean",SF,South Africa,2022,2025,4,176,Ending Stocks,8,(1000 MT),311.0
2222000,"Oilseed, Soybean",SF,South Africa,2022,2025,4,88,Exports,8,(1000 MT),637.0
2222000,"Oilseed, Soybean",SF,South Africa,2022,2025,4,161,Feed Waste Dom. Cons.,8,(1000 MT),200.0
2222000,"Oilseed, Soybean",SF,South Africa,2022,2025,4,149,Food Use Dom. Cons.,8,(1000 MT),25.0
2222000,"Oilseed, Soybean",SF,South Africa,2022,2025,4,57,Imports,8,(1000 MT),4.0
2222000,"Oilseed, Soybean",SF,South Africa,2022,2025,4,28,Production,8,(1000 MT),2770.0
2222000,"Oilseed, Soybean",SF,South Africa,2022,2025,4,178,Total Distribution,8,(1000 MT),2973.0
2222000,"Oilseed, Soybean",SF,South Africa,2022,2025,4,86,Total Supply,8,(1000 MT),2973.0
2222000,"Oilseed, Soybean",SF,South Africa,2022,2025,4,184,Yield,26,(MT/HA),2.41
2222000,"Oilseed, Soybean",SF,South Africa,2023,2025,9,4,Area Harvested,4,(1000 HA),1151.0
2222000,"Oilseed, Soybean",SF,South Africa,2023,2025,9,20,Beginning Stocks,8,(1000 MT),311.0
2222000,"Oilseed, Soybean",SF,South Africa,2023,2025,9,7,Crush,8,(1000 MT),1700.0
2222000,"Oilseed, Soybean",SF,South Africa,2023,2025,9,125,Domestic Consumption,8,(1000 MT),1925.0
2222000,"Oilseed, Soybean",SF,South Africa,2023,2025,9,176,Ending Stocks,8,(1000 MT),245.0
2222000,"Oilseed, Soybean",SF,South Africa,2023,2025,9,88,Exports,8,(1000 MT),148.0
2222000,"Oilseed, Soybean",SF,South Africa,2023,2025,9,161,Feed Waste Dom. Cons.,8,(1000 MT),200.0
2222000,"Oilseed, Soybean",SF,South Africa,2023,2025,9,149,Food Use Dom. Cons.,8,(1000 MT),25.0
2222000,"Oilseed, Soybean",SF,South Africa,2023,2025,9,57,Imports,8,(1000 MT),159.0
2222000,"Oilseed, Soybean",SF,South Africa,2023,2025,9,28,Production,8,(1000 MT),1848.0
2222000,"Oilseed, Soybean",SF,South Africa,2023,2025,9,178,Total Distribution,8,(1000 MT),2318.0
2222000,"Oilseed, Soybean",SF,South Africa,2023,2025,9,86,Total Supply,8,(1000 MT),2318.0
2222000,"Oilseed, Soybean",SF,South Africa,2023,2025,9,184,Yield,26,(MT/HA),1.61
2222000,"Oilseed, Soybean",SF,South Africa,2024,2026,3,4,Area Harvested,4,(1000 HA),1151.0
2222000,"Oilseed, Soybean",SF,South Africa,2024,2026,3,20,Beginning Stocks,8,(1000 MT),245.0
2222000,"Oilseed, Soybean",SF,South Africa,2024,2026,3,7,Crush,8,(1000 MT),1825.0
2222000,"Oilseed, Soybean",SF,South Africa,2024,2026,3,125,Domestic Consumption,8,(1000 MT),2425.0
2222000,"Oilseed, Soybean",SF,South Africa,2024,2026,3,176,Ending Stocks,8,(1000 MT),321.0
2222000,"Oilseed, Soybean",SF,South Africa,2024,2026,3,88,Exports,8,(1000 MT),300.0
2222000,"Oilseed, Soybean",SF,South Africa,2024,2026,3,161,Feed Waste Dom. Cons.,8,(1000 MT),575.0
2222000,"Oilseed, Soybean",SF,South Africa,2024,2026,3,149,Food Use Dom. Cons.,8,(1000 MT),25.0
2222000,"Oilseed, Soybean",SF,South Africa,2024,2026,3,57,Imports,8,(1000 MT),30.0
2222000,"Oilseed, Soybean",SF,South Africa,2024,2026,3,28,Production,8,(1000 MT),2771.0
2222000,"Oilseed, Soybean",SF,South Africa,2024,2026,3,178,Total Distribution,8,(1000 MT),3046.0
2222000,"Oilseed, Soybean",SF,South Africa,2024,2026,3,86,Total Supply,8,(1000 MT),3046.0
2222000,"Oilseed, Soybean",SF,South Africa,2024,2026,3,184,Yield,26,(MT/HA),2.41
2222000,"Oilseed, Soybean",SF,South Africa,2025,2026,3,4,Area Harvested,4,(1000 HA),1185.0
2222000,"Oilseed, Soybean",SF,South Africa,2025,2026,3,20,Beginning Stocks,8,(1000 MT),321.0
2222000,"Oilseed, Soybean",SF,South Africa,2025,2026,3,7,Crush,8,(1000 MT),1850.0
2222000,"Oilseed, Soybean",SF,South Africa,2025,2026,3,125,Domestic Consumption,8,(1000 MT),2225.0
2222000,"Oilseed, Soybean",SF,South Africa,2025,2026,3,176,Ending Stocks,8,(1000 MT),296.0
2222000,"Oilseed, Soybean",SF,South Africa,2025,2026,3,88,Exports,8,(1000 MT),450.0
2222000,"Oilseed, Soybean",SF,South Africa,2025,2026,3,161,Feed Waste Dom. Cons.,8,(1000 MT),350.0
2222000,"Oilseed, Soybean",SF,South Africa,2025,2026,3,149,Food Use Dom. Cons.,8,(1000 MT),25.0
2222000,"Oilseed, Soybean",SF,South Africa,2025,2026,3,57,Imports,8,(1000 MT),50.0
2222000,"Oilseed, Soybean",SF,South Africa,2025,2026,3,28,Production,8,(1000 MT),2600.0
2222000,"Oilseed, Soybean",SF,South Africa,2025,2026,3,178,Total Distribution,8,(1000 MT),2971.0
2222000,"Oilseed, Soybean",SF,South Africa,2025,2026,3,86,Total Supply,8,(1000 MT),2971.0
2222000,"Oilseed, Soybean",SF,South Africa,2025,2026,3,184,Yield,26,(MT/HA),2.19
2222000,"Oilseed, Soybean",SZ,Switzerland,2022,2025,4,4,Area Harvested,4,(1000 HA),3.0
2222000,"Oilseed, Soybean",SZ,Switzerland,2022,2025,4,20,Beginning Stocks,8,(1000 MT),0.0
2222000,"Oilseed, Soybean",SZ,Switzerland,2022,2025,4,7,Crush,8,(1000 MT),12.0
2222000,"Oilseed, Soybean",SZ,Switzerland,2022,2025,4,125,Domestic Consumption,8,(1000 MT),17.0
2222000,"Oilseed, Soybean",SZ,Switzerland,2022,2025,4,176,Ending Stocks,8,(1000 MT),0.0
2222000,"Oilseed, Soybean",SZ,Switzerland,2022,2025,4,88,Exports,8,(1000 MT),0.0
2222000,"Oilseed, Soybean",SZ,Switzerland,2022,2025,4,161,Feed Waste Dom. Cons.,8,(1000 MT),4.0
2222000,"Oilseed, Soybean",SZ,Switzerland,2022,2025,4,149,Food Use Dom. Cons.,8,(1000 MT),1.0
2222000,"Oilseed, Soybean",SZ,Switzerland,2022,2025,4,57,Imports,8,(1000 MT),11.0
2222000,"Oilseed, Soybean",SZ,Switzerland,2022,2025,4,28,Production,8,(1000 MT),6.0
2222000,"Oilseed, Soybean",SZ,Switzerland,2022,2025,4,178,Total Distribution,8,(1000 MT),17.0
2222000,"Oilseed, Soybean",SZ,Switzerland,2022,2025,4,86,Total Supply,8,(1000 MT),17.0
2222000,"Oilseed, Soybean",SZ,Switzerland,2022,2025,4,184,Yield,26,(MT/HA),2.0
2222000,"Oilseed, Soybean",SZ,Switzerland,2023,2025,4,4,Area Harvested,4,(1000 HA),3.0
2222000,"Oilseed, Soybean",SZ,Switzerland,2023,2025,4,20,Beginning Stocks,8,(1000 MT),0.0
2222000,"Oilseed, Soybean",SZ,Switzerland,2023,2025,4,7,Crush,8,(1000 MT),15.0
2222000,"Oilseed, Soybean",SZ,Switzerland,2023,2025,4,125,Domestic Consumption,8,(1000 MT),18.0
2222000,"Oilseed, Soybean",SZ,Switzerland,2023,2025,4,176,Ending Stocks,8,(1000 MT),0.0
2222000,"Oilseed, Soybean",SZ,Switzerland,2023,2025,4,88,Exports,8,(1000 MT),0.0
2222000,"Oilseed, Soybean",SZ,Switzerland,2023,2025,4,161,Feed Waste Dom. Cons.,8,(1000 MT),2.0
2222000,"Oilseed, Soybean",SZ,Switzerland,2023,2025,4,149,Food Use Dom. Cons.,8,(1000 MT),1.0
2222000,"Oilseed, Soybean",SZ,Switzerland,2023,2025,4,57,Imports,8,(1000 MT),10.0
2222000,"Oilseed, Soybean",SZ,Switzerland,2023,2025,4,28,Production,8,(1000 MT),8.0
2222000,"Oilseed, Soybean",SZ,Switzerland,2023,2025,4,178,Total Distribution,8,(1000 MT),18.0
2222000,"Oilseed, Soybean",SZ,Switzerland,2023,2025,4,86,Total Supply,8,(1000 MT),18.0
2222000,"Oilseed, Soybean",SZ,Switzerland,2023,2025,4,184,Yield,26,(MT/HA),2.67
2222000,"Oilseed, Soybean",SZ,Switzerland,2024,2025,4,4,Area Harvested,4,(1000 HA),3.0
2222000,"Oilseed, Soybean",SZ,Switzerland,2024,2025,4,20,Beginning Stocks,8,(1000 MT),0.0
2222000,"Oilseed, Soybean",SZ,Switzerland,2024,2025,4,7,Crush,8,(1000 MT),15.0
2222000,"Oilseed, Soybean",SZ,Switzerland,2024,2025,4,125,Domestic Consumption,8,(1000 MT),20.0
2222000,"Oilseed, Soybean",SZ,Switzerland,2024,2025,4,176,Ending Stocks,8,(1000 MT),0.0
2222000,"Oilseed, Soybean",SZ,Switzerland,2024,2025,4,88,Exports,8,(1000 MT),0.0
2222000,"Oilseed, Soybean",SZ,Switzerland,2024,2025,4,161,Feed Waste Dom. Cons.,8,(1000 MT),4.0
2222000,"Oilseed, Soybean",SZ,Switzerland,2024,2025,4,149,Food Use Dom. Cons.,8,(1000 MT),1.0
2222000,"Oilseed, Soybean",SZ,Switzerland,2024,2025,4,57,Imports,8,(1000 MT),12.0
2222000,"Oilseed, Soybean",SZ,Switzerland,2024,2025,4,28,Production,8,(1000 MT),8.0
2222000,"Oilseed, Soybean",SZ,Switzerland,2024,2025,4,178,Total Distribution,8,(1000 MT),20.0
2222000,"Oilseed, Soybean",SZ,Switzerland,2024,2025,4,86,Total Supply,8,(1000 MT),20.0
2222000,"Oilseed, Soybean",SZ,Switzerland,2024,2025,4,184,Yield,26,(MT/HA),2.67
2222000,"Oilseed, Soybean",SZ,Switzerland,2025,2026,3,4,Area Harvested,4,(1000 HA),3.0
2222000,"Oilseed, Soybean",SZ,Switzerland,2025,2026,3,20,Beginning Stocks,8,(1000 MT),0.0
2222000,"Oilseed, Soybean",SZ,Switzerland,2025,2026,3,7,Crush,8,(1000 MT),15.0
2222000,"Oilseed, Soybean",SZ,Switzerland,2025,2026,3,125,Domestic Consumption,8,(1000 MT),20.0
2222000,"Oilseed, Soybean",SZ,Switzerland,2025,2026,3,176,Ending Stocks,8,(1000 MT),0.0
2222000,"Oilseed, Soybean",SZ,Switzerland,2025,2026,3,88,Exports,8,(1000 MT),0.0
2222000,"Oilseed, Soybean",SZ,Switzerland,2025,2026,3,161,Feed Waste Dom. Cons.,8,(1000 MT),4.0
2222000,"Oilseed, Soybean",SZ,Switzerland,2025,2026,3,149,Food Use Dom. Cons.,8,(1000 MT),1.0
2222000,"Oilseed, Soybean",SZ,Switzerland,2025,2026,3,57,Imports,8,(1000 MT),12.0
2222000,"Oilseed, Soybean",SZ,Switzerland,2025,2026,3,28,Production,8,(1000 MT),8.0
2222000,"Oilseed, Soybean",SZ,Switzerland,2025,2026,3,178,Total Distribution,8,(1000 MT),20.0
2222000,"Oilseed, Soybean",SZ,Switzerland,2025,2026,3,86,Total Supply,8,(1000 MT),20.0
2222000,"Oilseed, Soybean",SZ,Switzerland,2025,2026,3,184,Yield,26,(MT/HA),2.67
2222000,"Oilseed, Soybean",SY,Syria,2022,2024,4,4,Area Harvested,4,(1000 HA),1.0
2222000,"Oilseed, Soybean",SY,Syria,2022,2024,4,20,Beginning Stocks,8,(1000 MT),0.0
2222000,"Oilseed, Soybean",SY,Syria,2022,2024,4,7,Crush,8,(1000 MT),0.0
2222000,"Oilseed, Soybean",SY,Syria,2022,2024,4,125,Domestic Consumption,8,(1000 MT),3.0
2222000,"Oilseed, Soybean",SY,Syria,2022,2024,4,176,Ending Stocks,8,(1000 MT),0.0
2222000,"Oilseed, Soybean",SY,Syria,2022,2024,4,88,Exports,8,(1000 MT),0.0
2222000,"Oilseed, Soybean",SY,Syria,2022,2024,4,161,Feed Waste Dom. Cons.,8,(1000 MT),3.0
2222000,"Oilseed, Soybean",SY,Syria,2022,2024,4,149,Food Use Dom. Cons.,8,(1000 MT),0.0
2222000,"Oilseed, Soybean",SY,Syria,2022,2024,4,57,Imports,8,(1000 MT),1.0
2222000,"Oilseed, Soybean",SY,Syria,2022,2024,4,28,Production,8,(1000 MT),2.0
2222000,"Oilseed, Soybean",SY,Syria,2022,2024,4,178,Total Distribution,8,(1000 MT),3.0
2222000,"Oilseed, Soybean",SY,Syria,2022,2024,4,86,Total Supply,8,(1000 MT),3.0
2222000,"Oilseed, Soybean",SY,Syria,2022,2024,4,184,Yield,26,(MT/HA),2.0
2222000,"Oilseed, Soybean",SY,Syria,2023,2024,4,4,Area Harvested,4,(1000 HA),2.0
2222000,"Oilseed, Soybean",SY,Syria,2023,2024,4,20,Beginning Stocks,8,(1000 MT),0.0
2222000,"Oilseed, Soybean",SY,Syria,2023,2024,4,7,Crush,8,(1000 MT),0.0
2222000,"Oilseed, Soybean",SY,Syria,2023,2024,4,125,Domestic Consumption,8,(1000 MT),5.0
2222000,"Oilseed, Soybean",SY,Syria,2023,2024,4,176,Ending Stocks,8,(1000 MT),0.0
2222000,"Oilseed, Soybean",SY,Syria,2023,2024,4,88,Exports,8,(1000 MT),0.0
2222000,"Oilseed, Soybean",SY,Syria,2023,2024,4,161,Feed Waste Dom. Cons.,8,(1000 MT),5.0
2222000,"Oilseed, Soybean",SY,Syria,2023,2024,4,149,Food Use Dom. Cons.,8,(1000 MT),0.0
2222000,"Oilseed, Soybean",SY,Syria,2023,2024,4,57,Imports,8,(1000 MT),1.0
2222000,"Oilseed, Soybean",SY,Syria,2023,2024,4,28,Production,8,(1000 MT),4.0
2222000,"Oilseed, Soybean",SY,Syria,2023,2024,4,178,Total Distribution,8,(1000 MT),5.0
2222000,"Oilseed, Soybean",SY,Syria,2023,2024,4,86,Total Supply,8,(1000 MT),5.0
2222000,"Oilseed, Soybean",SY,Syria,2023,2024,4,184,Yield,26,(MT/HA),2.0
2222000,"Oilseed, Soybean",SY,Syria,2024,2025,4,4,Area Harvested,4,(1000 HA),2.0
2222000,"Oilseed, Soybean",SY,Syria,2024,2025,4,20,Beginning Stocks,8,(1000 MT),0.0
2222000,"Oilseed, Soybean",SY,Syria,2024,2025,4,7,Crush,8,(1000 MT),0.0
2222000,"Oilseed, Soybean",SY,Syria,2024,2025,4,125,Domestic Consumption,8,(1000 MT),5.0
2222000,"Oilseed, Soybean",SY,Syria,2024,2025,4,176,Ending Stocks,8,(1000 MT),0.0
2222000,"Oilseed, Soybean",SY,Syria,2024,2025,4,88,Exports,8,(1000 MT),0.0
2222000,"Oilseed, Soybean",SY,Syria,2024,2025,4,161,Feed Waste Dom. Cons.,8,(1000 MT),5.0
2222000,"Oilseed, Soybean",SY,Syria,2024,2025,4,149,Food Use Dom. Cons.,8,(1000 MT),0.0
2222000,"Oilseed, Soybean",SY,Syria,2024,2025,4,57,Imports,8,(1000 MT),1.0
2222000,"Oilseed, Soybean",SY,Syria,2024,2025,4,28,Production,8,(1000 MT),4.0
2222000,"Oilseed, Soybean",SY,Syria,2024,2025,4,178,Total Distribution,8,(1000 MT),5.0
2222000,"Oilseed, Soybean",SY,Syria,2024,2025,4,86,Total Supply,8,(1000 MT),5.0
2222000,"Oilseed, Soybean",SY,Syria,2024,2025,4,184,Yield,26,(MT/HA),2.0
2222000,"Oilseed, Soybean",SY,Syria,2025,2026,3,4,Area Harvested,4,(1000 HA),2.0
2222000,"Oilseed, Soybean",SY,Syria,2025,2026,3,20,Beginning Stocks,8,(1000 MT),0.0
2222000,"Oilseed, Soybean",SY,Syria,2025,2026,3,7,Crush,8,(1000 MT),0.0
2222000,"Oilseed, Soybean",SY,Syria,2025,2026,3,125,Domestic Consumption,8,(1000 MT),5.0
2222000,"Oilseed, Soybean",SY,Syria,2025,2026,3,176,Ending Stocks,8,(1000 MT),0.0
2222000,"Oilseed, Soybean",SY,Syria,2025,2026,3,88,Exports,8,(1000 MT),0.0
2222000,"Oilseed, Soybean",SY,Syria,2025,2026,3,161,Feed Waste Dom. Cons.,8,(1000 MT),5.0
2222000,"Oilseed, Soybean",SY,Syria,2025,2026,3,149,Food Use Dom. Cons.,8,(1000 MT),0.0
2222000,"Oilseed, Soybean",SY,Syria,2025,2026,3,57,Imports,8,(1000 MT),1.0
2222000,"Oilseed, Soybean",SY,Syria,2025,2026,3,28,Production,8,(1000 MT),4.0
2222000,"Oilseed, Soybean",SY,Syria,2025,2026,3,178,Total Distribution,8,(1000 MT),5.0
2222000,"Oilseed, Soybean",SY,Syria,2025,2026,3,86,Total Supply,8,(1000 MT),5.0
2222000,"Oilseed, Soybean",SY,Syria,2025,2026,3,184,Yield,26,(MT/HA),2.0
2222000,"Oilseed, Soybean",TW,Taiwan,2022,2025,4,4,Area Harvested,4,(1000 HA),4.0
2222000,"Oilseed, Soybean",TW,Taiwan,2022,2025,4,20,Beginning Stocks,8,(1000 MT),130.0
2222000,"Oilseed, Soybean",TW,Taiwan,2022,2025,4,7,Crush,8,(1000 MT),1950.0
2222000,"Oilseed, Soybean",TW,Taiwan,2022,2025,4,125,Domestic Consumption,8,(1000 MT),2550.0
2222000,"Oilseed, Soybean",TW,Taiwan,2022,2025,4,176,Ending Stocks,8,(1000 MT),145.0
2222000,"Oilseed, Soybean",TW,Taiwan,2022,2025,4,88,Exports,8,(1000 MT),0.0
2222000,"Oilseed, Soybean",TW,Taiwan,2022,2025,4,161,Feed Waste Dom. Cons.,8,(1000 MT),300.0
2222000,"Oilseed, Soybean",TW,Taiwan,2022,2025,4,149,Food Use Dom. Cons.,8,(1000 MT),300.0
2222000,"Oilseed, Soybean",TW,Taiwan,2022,2025,4,57,Imports,8,(1000 MT),2559.0
2222000,"Oilseed, Soybean",TW,Taiwan,2022,2025,4,28,Production,8,(1000 MT),6.0
2222000,"Oilseed, Soybean",TW,Taiwan,2022,2025,4,178,Total Distribution,8,(1000 MT),2695.0
2222000,"Oilseed, Soybean",TW,Taiwan,2022,2025,4,86,Total Supply,8,(1000 MT),2695.0
2222000,"Oilseed, Soybean",TW,Taiwan,2022,2025,4,184,Yield,26,(MT/HA),1.5
2222000,"Oilseed, Soybean",TW,Taiwan,2023,2025,4,4,Area Harvested,4,(1000 HA),4.0
2222000,"Oilseed, Soybean",TW,Taiwan,2023,2025,4,20,Beginning Stocks,8,(1000 MT),145.0
2222000,"Oilseed, Soybean",TW,Taiwan,2023,2025,4,7,Crush,8,(1000 MT),2020.0
2222000,"Oilseed, Soybean",TW,Taiwan,2023,2025,4,125,Domestic Consumption,8,(1000 MT),2630.0
2222000,"Oilseed, Soybean",TW,Taiwan,2023,2025,4,176,Ending Stocks,8,(1000 MT),98.0
2222000,"Oilseed, Soybean",TW,Taiwan,2023,2025,4,88,Exports,8,(1000 MT),0.0
2222000,"Oilseed, Soybean",TW,Taiwan,2023,2025,4,161,Feed Waste Dom. Cons.,8,(1000 MT),300.0
2222000,"Oilseed, Soybean",TW,Taiwan,2023,2025,4,149,Food Use Dom. Cons.,8,(1000 MT),310.0
2222000,"Oilseed, Soybean",TW,Taiwan,2023,2025,4,57,Imports,8,(1000 MT),2577.0
2222000,"Oilseed, Soybean",TW,Taiwan,2023,2025,4,28,Production,8,(1000 MT),6.0
2222000,"Oilseed, Soybean",TW,Taiwan,2023,2025,4,178,Total Distribution,8,(1000 MT),2728.0
2222000,"Oilseed, Soybean",TW,Taiwan,2023,2025,4,86,Total Supply,8,(1000 MT),2728.0
2222000,"Oilseed, Soybean",TW,Taiwan,2023,2025,4,184,Yield,26,(MT/HA),1.5
2222000,"Oilseed, Soybean",TW,Taiwan,2024,2025,11,4,Area Harvested,4,(1000 HA),4.0
2222000,"Oilseed, Soybean",TW,Taiwan,2024,2025,11,20,Beginning Stocks,8,(1000 MT),98.0
2222000,"Oilseed, Soybean",TW,Taiwan,2024,2025,11,7,Crush,8,(1000 MT),2150.0
2222000,"Oilseed, Soybean",TW,Taiwan,2024,2025,11,125,Domestic Consumption,8,(1000 MT),2770.0
2222000,"Oilseed, Soybean",TW,Taiwan,2024,2025,11,176,Ending Stocks,8,(1000 MT),102.0
2222000,"Oilseed, Soybean",TW,Taiwan,2024,2025,11,88,Exports,8,(1000 MT),0.0
2222000,"Oilseed, Soybean",TW,Taiwan,2024,2025,11,161,Feed Waste Dom. Cons.,8,(1000 MT),300.0
2222000,"Oilseed, Soybean",TW,Taiwan,2024,2025,11,149,Food Use Dom. Cons.,8,(1000 MT),320.0
2222000,"Oilseed, Soybean",TW,Taiwan,2024,2025,11,57,Imports,8,(1000 MT),2768.0
2222000,"Oilseed, Soybean",TW,Taiwan,2024,2025,11,28,Production,8,(1000 MT),6.0
2222000,"Oilseed, Soybean",TW,Taiwan,2024,2025,11,178,Total Distribution,8,(1000 MT),2872.0
2222000,"Oilseed, Soybean",TW,Taiwan,2024,2025,11,86,Total Supply,8,(1000 MT),2872.0
2222000,"Oilseed, Soybean",TW,Taiwan,2024,2025,11,184,Yield,26,(MT/HA),1.5
2222000,"Oilseed, Soybean",TW,Taiwan,2025,2026,3,4,Area Harvested,4,(1000 HA),6.0
2222000,"Oilseed, Soybean",TW,Taiwan,2025,2026,3,20,Beginning Stocks,8,(1000 MT),102.0
2222000,"Oilseed, Soybean",TW,Taiwan,2025,2026,3,7,Crush,8,(1000 MT),2330.0
2222000,"Oilseed, Soybean",TW,Taiwan,2025,2026,3,125,Domestic Consumption,8,(1000 MT),2950.0
2222000,"Oilseed, Soybean",TW,Taiwan,2025,2026,3,176,Ending Stocks,8,(1000 MT),108.0
2222000,"Oilseed, Soybean",TW,Taiwan,2025,2026,3,88,Exports,8,(1000 MT),0.0
2222000,"Oilseed, Soybean",TW,Taiwan,2025,2026,3,161,Feed Waste Dom. Cons.,8,(1000 MT),300.0
2222000,"Oilseed, Soybean",TW,Taiwan,2025,2026,3,149,Food Use Dom. Cons.,8,(1000 MT),320.0
2222000,"Oilseed, Soybean",TW,Taiwan,2025,2026,3,57,Imports,8,(1000 MT),2950.0
2222000,"Oilseed, Soybean",TW,Taiwan,2025,2026,3,28,Production,8,(1000 MT),6.0
2222000,"Oilseed, Soybean",TW,Taiwan,2025,2026,3,178,Total Distribution,8,(1000 MT),3058.0
2222000,"Oilseed, Soybean",TW,Taiwan,2025,2026,3,86,Total Supply,8,(1000 MT),3058.0
2222000,"Oilseed, Soybean",TW,Taiwan,2025,2026,3,184,Yield,26,(MT/HA),1.0
2222000,"Oilseed, Soybean",TH,Thailand,2022,2025,4,4,Area Harvested,4,(1000 HA),32.0
2222000,"Oilseed, Soybean",TH,Thailand,2022,2025,4,20,Beginning Stocks,8,(1000 MT),125.0
2222000,"Oilseed, Soybean",TH,Thailand,2022,2025,4,7,Crush,8,(1000 MT),2100.0
2222000,"Oilseed, Soybean",TH,Thailand,2022,2025,4,125,Domestic Consumption,8,(1000 MT),3220.0
2222000,"Oilseed, Soybean",TH,Thailand,2022,2025,4,176,Ending Stocks,8,(1000 MT),194.0
2222000,"Oilseed, Soybean",TH,Thailand,2022,2025,4,88,Exports,8,(1000 MT),1.0
2222000,"Oilseed, Soybean",TH,Thailand,2022,2025,4,161,Feed Waste Dom. Cons.,8,(1000 MT),850.0
2222000,"Oilseed, Soybean",TH,Thailand,2022,2025,4,149,Food Use Dom. Cons.,8,(1000 MT),270.0
2222000,"Oilseed, Soybean",TH,Thailand,2022,2025,4,57,Imports,8,(1000 MT),3238.0
2222000,"Oilseed, Soybean",TH,Thailand,2022,2025,4,28,Production,8,(1000 MT),52.0
2222000,"Oilseed, Soybean",TH,Thailand,2022,2025,4,178,Total Distribution,8,(1000 MT),3415.0
2222000,"Oilseed, Soybean",TH,Thailand,2022,2025,4,86,Total Supply,8,(1000 MT),3415.0
2222000,"Oilseed, Soybean",TH,Thailand,2022,2025,4,184,Yield,26,(MT/HA),1.63
2222000,"Oilseed, Soybean",TH,Thailand,2023,2025,4,4,Area Harvested,4,(1000 HA),32.0
2222000,"Oilseed, Soybean",TH,Thailand,2023,2025,4,20,Beginning Stocks,8,(1000 MT),194.0
2222000,"Oilseed, Soybean",TH,Thailand,2023,2025,4,7,Crush,8,(1000 MT),2400.0
2222000,"Oilseed, Soybean",TH,Thailand,2023,2025,4,125,Domestic Consumption,8,(1000 MT),3520.0
2222000,"Oilseed, Soybean",TH,Thailand,2023,2025,4,176,Ending Stocks,8,(1000 MT),154.0
2222000,"Oilseed, Soybean",TH,Thailand,2023,2025,4,88,Exports,8,(1000 MT),0.0
2222000,"Oilseed, Soybean",TH,Thailand,2023,2025,4,161,Feed Waste Dom. Cons.,8,(1000 MT),850.0
2222000,"Oilseed, Soybean",TH,Thailand,2023,2025,4,149,Food Use Dom. Cons.,8,(1000 MT),270.0
2222000,"Oilseed, Soybean",TH,Thailand,2023,2025,4,57,Imports,8,(1000 MT),3428.0
2222000,"Oilseed, Soybean",TH,Thailand,2023,2025,4,28,Production,8,(1000 MT),52.0
2222000,"Oilseed, Soybean",TH,Thailand,2023,2025,4,178,Total Distribution,8,(1000 MT),3674.0
2222000,"Oilseed, Soybean",TH,Thailand,2023,2025,4,86,Total Supply,8,(1000 MT),3674.0
2222000,"Oilseed, Soybean",TH,Thailand,2023,2025,4,184,Yield,26,(MT/HA),1.63
2222000,"Oilseed, Soybean",TH,Thailand,2024,2025,11,4,Area Harvested,4,(1000 HA),32.0
2222000,"Oilseed, Soybean",TH,Thailand,2024,2025,11,20,Beginning Stocks,8,(1000 MT),154.0
2222000,"Oilseed, Soybean",TH,Thailand,2024,2025,11,7,Crush,8,(1000 MT),2700.0
2222000,"Oilseed, Soybean",TH,Thailand,2024,2025,11,125,Domestic Consumption,8,(1000 MT),3920.0
2222000,"Oilseed, Soybean",TH,Thailand,2024,2025,11,176,Ending Stocks,8,(1000 MT),475.0
2222000,"Oilseed, Soybean",TH,Thailand,2024,2025,11,88,Exports,8,(1000 MT),1.0
2222000,"Oilseed, Soybean",TH,Thailand,2024,2025,11,161,Feed Waste Dom. Cons.,8,(1000 MT),940.0
2222000,"Oilseed, Soybean",TH,Thailand,2024,2025,11,149,Food Use Dom. Cons.,8,(1000 MT),280.0
2222000,"Oilseed, Soybean",TH,Thailand,2024,2025,11,57,Imports,8,(1000 MT),4190.0
2222000,"Oilseed, Soybean",TH,Thailand,2024,2025,11,28,Production,8,(1000 MT),52.0
2222000,"Oilseed, Soybean",TH,Thailand,2024,2025,11,178,Total Distribution,8,(1000 MT),4396.0
2222000,"Oilseed, Soybean",TH,Thailand,2024,2025,11,86,Total Supply,8,(1000 MT),4396.0
2222000,"Oilseed, Soybean",TH,Thailand,2024,2025,11,184,Yield,26,(MT/HA),1.63
2222000,"Oilseed, Soybean",TH,Thailand,2025,2026,3,4,Area Harvested,4,(1000 HA),32.0
2222000,"Oilseed, Soybean",TH,Thailand,2025,2026,3,20,Beginning Stocks,8,(1000 MT),475.0
2222000,"Oilseed, Soybean",TH,Thailand,2025,2026,3,7,Crush,8,(1000 MT),3000.0
2222000,"Oilseed, Soybean",TH,Thailand,2025,2026,3,125,Domestic Consumption,8,(1000 MT),4240.0
2222000,"Oilseed, Soybean",TH,Thailand,2025,2026,3,176,Ending Stocks,8,(1000 MT),487.0
2222000,"Oilseed, Soybean",TH,Thailand,2025,2026,3,88,Exports,8,(1000 MT),0.0
2222000,"Oilseed, Soybean",TH,Thailand,2025,2026,3,161,Feed Waste Dom. Cons.,8,(1000 MT),950.0
2222000,"Oilseed, Soybean",TH,Thailand,2025,2026,3,149,Food Use Dom. Cons.,8,(1000 MT),290.0
2222000,"Oilseed, Soybean",TH,Thailand,2025,2026,3,57,Imports,8,(1000 MT),4200.0
2222000,"Oilseed, Soybean",TH,Thailand,2025,2026,3,28,Production,8,(1000 MT),52.0
2222000,"Oilseed, Soybean",TH,Thailand,2025,2026,3,178,Total Distribution,8,(1000 MT),4727.0
2222000,"Oilseed, Soybean",TH,Thailand,2025,2026,3,86,Total Supply,8,(1000 MT),4727.0
2222000,"Oilseed, Soybean",TH,Thailand,2025,2026,3,184,Yield,26,(MT/HA),1.63
2222000,"Oilseed, Soybean",TD,Trinidad and Tobago,2022,2025,4,4,Area Harvested,4,(1000 HA),0.0
2222000,"Oilseed, Soybean",TD,Trinidad and Tobago,2022,2025,4,20,Beginning Stocks,8,(1000 MT),0.0
2222000,"Oilseed, Soybean",TD,Trinidad and Tobago,2022,2025,4,7,Crush,8,(1000 MT),0.0
2222000,"Oilseed, Soybean",TD,Trinidad and Tobago,2022,2025,4,125,Domestic Consumption,8,(1000 MT),8.0
2222000,"Oilseed, Soybean",TD,Trinidad and Tobago,2022,2025,4,176,Ending Stocks,8,(1000 MT),0.0
2222000,"Oilseed, Soybean",TD,Trinidad and Tobago,2022,2025,4,88,Exports,8,(1000 MT),0.0
2222000,"Oilseed, Soybean",TD,Trinidad and Tobago,2022,2025,4,161,Feed Waste Dom. Cons.,8,(1000 MT),8.0
2222000,"Oilseed, Soybean",TD,Trinidad and Tobago,2022,2025,4,149,Food Use Dom. Cons.,8,(1000 MT),0.0
2222000,"Oilseed, Soybean",TD,Trinidad and Tobago,2022,2025,4,57,Imports,8,(1000 MT),8.0
2222000,"Oilseed, Soybean",TD,Trinidad and Tobago,2022,2025,4,28,Production,8,(1000 MT),0.0
2222000,"Oilseed, Soybean",TD,Trinidad and Tobago,2022,2025,4,178,Total Distribution,8,(1000 MT),8.0
2222000,"Oilseed, Soybean",TD,Trinidad and Tobago,2022,2025,4,86,Total Supply,8,(1000 MT),8.0
2222000,"Oilseed, Soybean",TD,Trinidad and Tobago,2022,2025,4,184,Yield,26,(MT/HA),0.0
2222000,"Oilseed, Soybean",TD,Trinidad and Tobago,2023,2025,4,4,Area Harvested,4,(1000 HA),0.0
2222000,"Oilseed, Soybean",TD,Trinidad and Tobago,2023,2025,4,20,Beginning Stocks,8,(1000 MT),0.0
2222000,"Oilseed, Soybean",TD,Trinidad and Tobago,2023,2025,4,7,Crush,8,(1000 MT),0.0
2222000,"Oilseed, Soybean",TD,Trinidad and Tobago,2023,2025,4,125,Domestic Consumption,8,(1000 MT),9.0
2222000,"Oilseed, Soybean",TD,Trinidad and Tobago,2023,2025,4,176,Ending Stocks,8,(1000 MT),0.0
2222000,"Oilseed, Soybean",TD,Trinidad and Tobago,2023,2025,4,88,Exports,8,(1000 MT),0.0
2222000,"Oilseed, Soybean",TD,Trinidad and Tobago,2023,2025,4,161,Feed Waste Dom. Cons.,8,(1000 MT),9.0
2222000,"Oilseed, Soybean",TD,Trinidad and Tobago,2023,2025,4,149,Food Use Dom. Cons.,8,(1000 MT),0.0
2222000,"Oilseed, Soybean",TD,Trinidad and Tobago,2023,2025,4,57,Imports,8,(1000 MT),9.0
2222000,"Oilseed, Soybean",TD,Trinidad and Tobago,2023,2025,4,28,Production,8,(1000 MT),0.0
2222000,"Oilseed, Soybean",TD,Trinidad and Tobago,2023,2025,4,178,Total Distribution,8,(1000 MT),9.0
2222000,"Oilseed, Soybean",TD,Trinidad and Tobago,2023,2025,4,86,Total Supply,8,(1000 MT),9.0
2222000,"Oilseed, Soybean",TD,Trinidad and Tobago,2023,2025,4,184,Yield,26,(MT/HA),0.0
2222000,"Oilseed, Soybean",TD,Trinidad and Tobago,2024,2026,2,4,Area Harvested,4,(1000 HA),0.0
2222000,"Oilseed, Soybean",TD,Trinidad and Tobago,2024,2026,2,20,Beginning Stocks,8,(1000 MT),0.0
2222000,"Oilseed, Soybean",TD,Trinidad and Tobago,2024,2026,2,7,Crush,8,(1000 MT),0.0
2222000,"Oilseed, Soybean",TD,Trinidad and Tobago,2024,2026,2,125,Domestic Consumption,8,(1000 MT),0.0
2222000,"Oilseed, Soybean",TD,Trinidad and Tobago,2024,2026,2,176,Ending Stocks,8,(1000 MT),0.0
2222000,"Oilseed, Soybean",TD,Trinidad and Tobago,2024,2026,2,88,Exports,8,(1000 MT),0.0
2222000,"Oilseed, Soybean",TD,Trinidad and Tobago,2024,2026,2,161,Feed Waste Dom. Cons.,8,(1000 MT),0.0
2222000,"Oilseed, Soybean",TD,Trinidad and Tobago,2024,2026,2,149,Food Use Dom. Cons.,8,(1000 MT),0.0
2222000,"Oilseed, Soybean",TD,Trinidad and Tobago,2024,2026,2,57,Imports,8,(1000 MT),0.0
2222000,"Oilseed, Soybean",TD,Trinidad and Tobago,2024,2026,2,28,Production,8,(1000 MT),0.0
2222000,"Oilseed, Soybean",TD,Trinidad and Tobago,2024,2026,2,178,Total Distribution,8,(1000 MT),0.0
2222000,"Oilseed, Soybean",TD,Trinidad and Tobago,2024,2026,2,86,Total Supply,8,(1000 MT),0.0
2222000,"Oilseed, Soybean",TD,Trinidad and Tobago,2024,2026,2,184,Yield,26,(MT/HA),0.0
2222000,"Oilseed, Soybean",TD,Trinidad and Tobago,2025,2026,3,4,Area Harvested,4,(1000 HA),0.0
2222000,"Oilseed, Soybean",TD,Trinidad and Tobago,2025,2026,3,20,Beginning Stocks,8,(1000 MT),0.0
2222000,"Oilseed, Soybean",TD,Trinidad and Tobago,2025,2026,3,7,Crush,8,(1000 MT),0.0
2222000,"Oilseed, Soybean",TD,Trinidad and Tobago,2025,2026,3,125,Domestic Consumption,8,(1000 MT),10.0
2222000,"Oilseed, Soybean",TD,Trinidad and Tobago,2025,2026,3,176,Ending Stocks,8,(1000 MT),0.0
2222000,"Oilseed, Soybean",TD,Trinidad and Tobago,2025,2026,3,88,Exports,8,(1000 MT),0.0
2222000,"Oilseed, Soybean",TD,Trinidad and Tobago,2025,2026,3,161,Feed Waste Dom. Cons.,8,(1000 MT),10.0
2222000,"Oilseed, Soybean",TD,Trinidad and Tobago,2025,2026,3,149,Food Use Dom. Cons.,8,(1000 MT),0.0
2222000,"Oilseed, Soybean",TD,Trinidad and Tobago,2025,2026,3,57,Imports,8,(1000 MT),10.0
2222000,"Oilseed, Soybean",TD,Trinidad and Tobago,2025,2026,3,28,Production,8,(1000 MT),0.0
2222000,"Oilseed, Soybean",TD,Trinidad and Tobago,2025,2026,3,178,Total Distribution,8,(1000 MT),10.0
2222000,"Oilseed, Soybean",TD,Trinidad and Tobago,2025,2026,3,86,Total Supply,8,(1000 MT),10.0
2222000,"Oilseed, Soybean",TD,Trinidad and Tobago,2025,2026,3,184,Yield,26,(MT/HA),0.0
2222000,"Oilseed, Soybean",TS,Tunisia,2022,2025,4,4,Area Harvested,4,(1000 HA),0.0
2222000,"Oilseed, Soybean",TS,Tunisia,2022,2025,4,20,Beginning Stocks,8,(1000 MT),16.0
2222000,"Oilseed, Soybean",TS,Tunisia,2022,2025,4,7,Crush,8,(1000 MT),470.0
2222000,"Oilseed, Soybean",TS,Tunisia,2022,2025,4,125,Domestic Consumption,8,(1000 MT),555.0
2222000,"Oilseed, Soybean",TS,Tunisia,2022,2025,4,176,Ending Stocks,8,(1000 MT),35.0
2222000,"Oilseed, Soybean",TS,Tunisia,2022,2025,4,88,Exports,8,(1000 MT),0.0
2222000,"Oilseed, Soybean",TS,Tunisia,2022,2025,4,161,Feed Waste Dom. Cons.,8,(1000 MT),85.0
2222000,"Oilseed, Soybean",TS,Tunisia,2022,2025,4,149,Food Use Dom. Cons.,8,(1000 MT),0.0
2222000,"Oilseed, Soybean",TS,Tunisia,2022,2025,4,57,Imports,8,(1000 MT),574.0
2222000,"Oilseed, Soybean",TS,Tunisia,2022,2025,4,28,Production,8,(1000 MT),0.0
2222000,"Oilseed, Soybean",TS,Tunisia,2022,2025,4,178,Total Distribution,8,(1000 MT),590.0
2222000,"Oilseed, Soybean",TS,Tunisia,2022,2025,4,86,Total Supply,8,(1000 MT),590.0
2222000,"Oilseed, Soybean",TS,Tunisia,2022,2025,4,184,Yield,26,(MT/HA),0.0
2222000,"Oilseed, Soybean",TS,Tunisia,2023,2026,1,4,Area Harvested,4,(1000 HA),0.0
2222000,"Oilseed, Soybean",TS,Tunisia,2023,2026,1,20,Beginning Stocks,8,(1000 MT),35.0
2222000,"Oilseed, Soybean",TS,Tunisia,2023,2026,1,7,Crush,8,(1000 MT),460.0
2222000,"Oilseed, Soybean",TS,Tunisia,2023,2026,1,125,Domestic Consumption,8,(1000 MT),540.0
2222000,"Oilseed, Soybean",TS,Tunisia,2023,2026,1,176,Ending Stocks,8,(1000 MT),45.0
2222000,"Oilseed, Soybean",TS,Tunisia,2023,2026,1,88,Exports,8,(1000 MT),0.0
2222000,"Oilseed, Soybean",TS,Tunisia,2023,2026,1,161,Feed Waste Dom. Cons.,8,(1000 MT),80.0
2222000,"Oilseed, Soybean",TS,Tunisia,2023,2026,1,149,Food Use Dom. Cons.,8,(1000 MT),0.0
2222000,"Oilseed, Soybean",TS,Tunisia,2023,2026,1,57,Imports,8,(1000 MT),550.0
2222000,"Oilseed, Soybean",TS,Tunisia,2023,2026,1,28,Production,8,(1000 MT),0.0
2222000,"Oilseed, Soybean",TS,Tunisia,2023,2026,1,178,Total Distribution,8,(1000 MT),585.0
2222000,"Oilseed, Soybean",TS,Tunisia,2023,2026,1,86,Total Supply,8,(1000 MT),585.0
2222000,"Oilseed, Soybean",TS,Tunisia,2023,2026,1,184,Yield,26,(MT/HA),0.0
2222000,"Oilseed, Soybean",TS,Tunisia,2024,2026,1,4,Area Harvested,4,(1000 HA),0.0
2222000,"Oilseed, Soybean",TS,Tunisia,2024,2026,1,20,Beginning Stocks,8,(1000 MT),45.0
2222000,"Oilseed, Soybean",TS,Tunisia,2024,2026,1,7,Crush,8,(1000 MT),445.0
2222000,"Oilseed, Soybean",TS,Tunisia,2024,2026,1,125,Domestic Consumption,8,(1000 MT),520.0
2222000,"Oilseed, Soybean",TS,Tunisia,2024,2026,1,176,Ending Stocks,8,(1000 MT),32.0
2222000,"Oilseed, Soybean",TS,Tunisia,2024,2026,1,88,Exports,8,(1000 MT),0.0
2222000,"Oilseed, Soybean",TS,Tunisia,2024,2026,1,161,Feed Waste Dom. Cons.,8,(1000 MT),75.0
2222000,"Oilseed, Soybean",TS,Tunisia,2024,2026,1,149,Food Use Dom. Cons.,8,(1000 MT),0.0
2222000,"Oilseed, Soybean",TS,Tunisia,2024,2026,1,57,Imports,8,(1000 MT),507.0
2222000,"Oilseed, Soybean",TS,Tunisia,2024,2026,1,28,Production,8,(1000 MT),0.0
2222000,"Oilseed, Soybean",TS,Tunisia,2024,2026,1,178,Total Distribution,8,(1000 MT),552.0
2222000,"Oilseed, Soybean",TS,Tunisia,2024,2026,1,86,Total Supply,8,(1000 MT),552.0
2222000,"Oilseed, Soybean",TS,Tunisia,2024,2026,1,184,Yield,26,(MT/HA),0.0
2222000,"Oilseed, Soybean",TS,Tunisia,2025,2026,3,4,Area Harvested,4,(1000 HA),0.0
2222000,"Oilseed, Soybean",TS,Tunisia,2025,2026,3,20,Beginning Stocks,8,(1000 MT),32.0
2222000,"Oilseed, Soybean",TS,Tunisia,2025,2026,3,7,Crush,8,(1000 MT),475.0
2222000,"Oilseed, Soybean",TS,Tunisia,2025,2026,3,125,Domestic Consumption,8,(1000 MT),565.0
2222000,"Oilseed, Soybean",TS,Tunisia,2025,2026,3,176,Ending Stocks,8,(1000 MT),47.0
2222000,"Oilseed, Soybean",TS,Tunisia,2025,2026,3,88,Exports,8,(1000 MT),0.0
2222000,"Oilseed, Soybean",TS,Tunisia,2025,2026,3,161,Feed Waste Dom. Cons.,8,(1000 MT),90.0
2222000,"Oilseed, Soybean",TS,Tunisia,2025,2026,3,149,Food Use Dom. Cons.,8,(1000 MT),0.0
2222000,"Oilseed, Soybean",TS,Tunisia,2025,2026,3,57,Imports,8,(1000 MT),580.0
2222000,"Oilseed, Soybean",TS,Tunisia,2025,2026,3,28,Production,8,(1000 MT),0.0
2222000,"Oilseed, Soybean",TS,Tunisia,2025,2026,3,178,Total Distribution,8,(1000 MT),612.0
2222000,"Oilseed, Soybean",TS,Tunisia,2025,2026,3,86,Total Supply,8,(1000 MT),612.0
2222000,"Oilseed, Soybean",TS,Tunisia,2025,2026,3,184,Yield,26,(MT/HA),0.0
2222000,"Oilseed, Soybean",TU,Turkey,2022,2025,4,4,Area Harvested,4,(1000 HA),35.0
2222000,"Oilseed, Soybean",TU,Turkey,2022,2025,4,20,Beginning Stocks,8,(1000 MT),237.0
2222000,"Oilseed, Soybean",TU,Turkey,2022,2025,4,7,Crush,8,(1000 MT),1700.0
2222000,"Oilseed, Soybean",TU,Turkey,2022,2025,4,125,Domestic Consumption,8,(1000 MT),2950.0
2222000,"Oilseed, Soybean",TU,Turkey,2022,2025,4,176,Ending Stocks,8,(1000 MT),250.0
2222000,"Oilseed, Soybean",TU,Turkey,2022,2025,4,88,Exports,8,(1000 MT),70.0
2222000,"Oilseed, Soybean",TU,Turkey,2022,2025,4,161,Feed Waste Dom. Cons.,8,(1000 MT),1250.0
2222000,"Oilseed, Soybean",TU,Turkey,2022,2025,4,149,Food Use Dom. Cons.,8,(1000 MT),0.0
2222000,"Oilseed, Soybean",TU,Turkey,2022,2025,4,57,Imports,8,(1000 MT),2888.0
2222000,"Oilseed, Soybean",TU,Turkey,2022,2025,4,28,Production,8,(1000 MT),145.0
2222000,"Oilseed, Soybean",TU,Turkey,2022,2025,4,178,Total Distribution,8,(1000 MT),3270.0
2222000,"Oilseed, Soybean",TU,Turkey,2022,2025,4,86,Total Supply,8,(1000 MT),3270.0
2222000,"Oilseed, Soybean",TU,Turkey,2022,2025,4,184,Yield,26,(MT/HA),4.14
2222000,"Oilseed, Soybean",TU,Turkey,2023,2025,4,4,Area Harvested,4,(1000 HA),35.0
2222000,"Oilseed, Soybean",TU,Turkey,2023,2025,4,20,Beginning Stocks,8,(1000 MT),250.0
2222000,"Oilseed, Soybean",TU,Turkey,2023,2025,4,7,Crush,8,(1000 MT),2300.0
2222000,"Oilseed, Soybean",TU,Turkey,2023,2025,4,125,Domestic Consumption,8,(1000 MT),3450.0
2222000,"Oilseed, Soybean",TU,Turkey,2023,2025,4,176,Ending Stocks,8,(1000 MT),125.0
2222000,"Oilseed, Soybean",TU,Turkey,2023,2025,4,88,Exports,8,(1000 MT),67.0
2222000,"Oilseed, Soybean",TU,Turkey,2023,2025,4,161,Feed Waste Dom. Cons.,8,(1000 MT),1150.0
2222000,"Oilseed, Soybean",TU,Turkey,2023,2025,4,149,Food Use Dom. Cons.,8,(1000 MT),0.0
2222000,"Oilseed, Soybean",TU,Turkey,2023,2025,4,57,Imports,8,(1000 MT),3252.0
2222000,"Oilseed, Soybean",TU,Turkey,2023,2025,4,28,Production,8,(1000 MT),140.0
2222000,"Oilseed, Soybean",TU,Turkey,2023,2025,4,178,Total Distribution,8,(1000 MT),3642.0
2222000,"Oilseed, Soybean",TU,Turkey,2023,2025,4,86,Total Supply,8,(1000 MT),3642.0
2222000,"Oilseed, Soybean",TU,Turkey,2023,2025,4,184,Yield,26,(MT/HA),4.0
2222000,"Oilseed, Soybean",TU,Turkey,2024,2025,11,4,Area Harvested,4,(1000 HA),38.0
2222000,"Oilseed, Soybean",TU,Turkey,2024,2025,11,20,Beginning Stocks,8,(1000 MT),125.0
2222000,"Oilseed, Soybean",TU,Turkey,2024,2025,11,7,Crush,8,(1000 MT),2850.0
2222000,"Oilseed, Soybean",TU,Turkey,2024,2025,11,125,Domestic Consumption,8,(1000 MT),4000.0
2222000,"Oilseed, Soybean",TU,Turkey,2024,2025,11,176,Ending Stocks,8,(1000 MT),307.0
2222000,"Oilseed, Soybean",TU,Turkey,2024,2025,11,88,Exports,8,(1000 MT),151.0
2222000,"Oilseed, Soybean",TU,Turkey,2024,2025,11,161,Feed Waste Dom. Cons.,8,(1000 MT),1150.0
2222000,"Oilseed, Soybean",TU,Turkey,2024,2025,11,149,Food Use Dom. Cons.,8,(1000 MT),0.0
2222000,"Oilseed, Soybean",TU,Turkey,2024,2025,11,57,Imports,8,(1000 MT),4183.0
2222000,"Oilseed, Soybean",TU,Turkey,2024,2025,11,28,Production,8,(1000 MT),150.0
2222000,"Oilseed, Soybean",TU,Turkey,2024,2025,11,178,Total Distribution,8,(1000 MT),4458.0
2222000,"Oilseed, Soybean",TU,Turkey,2024,2025,11,86,Total Supply,8,(1000 MT),4458.0
2222000,"Oilseed, Soybean",TU,Turkey,2024,2025,11,184,Yield,26,(MT/HA),3.95
2222000,"Oilseed, Soybean",TU,Turkey,2025,2026,3,4,Area Harvested,4,(1000 HA),38.0
2222000,"Oilseed, Soybean",TU,Turkey,2025,2026,3,20,Beginning Stocks,8,(1000 MT),307.0
2222000,"Oilseed, Soybean",TU,Turkey,2025,2026,3,7,Crush,8,(1000 MT),2800.0
2222000,"Oilseed, Soybean",TU,Turkey,2025,2026,3,125,Domestic Consumption,8,(1000 MT),3950.0
2222000,"Oilseed, Soybean",TU,Turkey,2025,2026,3,176,Ending Stocks,8,(1000 MT),307.0
2222000,"Oilseed, Soybean",TU,Turkey,2025,2026,3,88,Exports,8,(1000 MT),100.0
2222000,"Oilseed, Soybean",TU,Turkey,2025,2026,3,161,Feed Waste Dom. Cons.,8,(1000 MT),1150.0
2222000,"Oilseed, Soybean",TU,Turkey,2025,2026,3,149,Food Use Dom. Cons.,8,(1000 MT),0.0
2222000,"Oilseed, Soybean",TU,Turkey,2025,2026,3,57,Imports,8,(1000 MT),3900.0
2222000,"Oilseed, Soybean",TU,Turkey,2025,2026,3,28,Production,8,(1000 MT),150.0
2222000,"Oilseed, Soybean",TU,Turkey,2025,2026,3,178,Total Distribution,8,(1000 MT),4357.0
2222000,"Oilseed, Soybean",TU,Turkey,2025,2026,3,86,Total Supply,8,(1000 MT),4357.0
2222000,"Oilseed, Soybean",TU,Turkey,2025,2026,3,184,Yield,26,(MT/HA),3.95
2222000,"Oilseed, Soybean",UG,Uganda,2022,2025,4,4,Area Harvested,4,(1000 HA),215.0
2222000,"Oilseed, Soybean",UG,Uganda,2022,2025,4,20,Beginning Stocks,8,(1000 MT),0.0
2222000,"Oilseed, Soybean",UG,Uganda,2022,2025,4,7,Crush,8,(1000 MT),0.0
2222000,"Oilseed, Soybean",UG,Uganda,2022,2025,4,125,Domestic Consumption,8,(1000 MT),153.0
2222000,"Oilseed, Soybean",UG,Uganda,2022,2025,4,176,Ending Stocks,8,(1000 MT),0.0
2222000,"Oilseed, Soybean",UG,Uganda,2022,2025,4,88,Exports,8,(1000 MT),19.0
2222000,"Oilseed, Soybean",UG,Uganda,2022,2025,4,161,Feed Waste Dom. Cons.,8,(1000 MT),148.0
2222000,"Oilseed, Soybean",UG,Uganda,2022,2025,4,149,Food Use Dom. Cons.,8,(1000 MT),5.0
2222000,"Oilseed, Soybean",UG,Uganda,2022,2025,4,57,Imports,8,(1000 MT),0.0
2222000,"Oilseed, Soybean",UG,Uganda,2022,2025,4,28,Production,8,(1000 MT),172.0
2222000,"Oilseed, Soybean",UG,Uganda,2022,2025,4,178,Total Distribution,8,(1000 MT),172.0
2222000,"Oilseed, Soybean",UG,Uganda,2022,2025,4,86,Total Supply,8,(1000 MT),172.0
2222000,"Oilseed, Soybean",UG,Uganda,2022,2025,4,184,Yield,26,(MT/HA),0.8
2222000,"Oilseed, Soybean",UG,Uganda,2023,2025,5,4,Area Harvested,4,(1000 HA),210.0
2222000,"Oilseed, Soybean",UG,Uganda,2023,2025,5,20,Beginning Stocks,8,(1000 MT),0.0
2222000,"Oilseed, Soybean",UG,Uganda,2023,2025,5,7,Crush,8,(1000 MT),0.0
2222000,"Oilseed, Soybean",UG,Uganda,2023,2025,5,125,Domestic Consumption,8,(1000 MT),130.0
2222000,"Oilseed, Soybean",UG,Uganda,2023,2025,5,176,Ending Stocks,8,(1000 MT),0.0
2222000,"Oilseed, Soybean",UG,Uganda,2023,2025,5,88,Exports,8,(1000 MT),20.0
2222000,"Oilseed, Soybean",UG,Uganda,2023,2025,5,161,Feed Waste Dom. Cons.,8,(1000 MT),125.0
2222000,"Oilseed, Soybean",UG,Uganda,2023,2025,5,149,Food Use Dom. Cons.,8,(1000 MT),5.0
2222000,"Oilseed, Soybean",UG,Uganda,2023,2025,5,57,Imports,8,(1000 MT),0.0
2222000,"Oilseed, Soybean",UG,Uganda,2023,2025,5,28,Production,8,(1000 MT),150.0
2222000,"Oilseed, Soybean",UG,Uganda,2023,2025,5,178,Total Distribution,8,(1000 MT),150.0
2222000,"Oilseed, Soybean",UG,Uganda,2023,2025,5,86,Total Supply,8,(1000 MT),150.0
2222000,"Oilseed, Soybean",UG,Uganda,2023,2025,5,184,Yield,26,(MT/HA),0.71
2222000,"Oilseed, Soybean",UG,Uganda,2024,2025,5,4,Area Harvested,4,(1000 HA),210.0
2222000,"Oilseed, Soybean",UG,Uganda,2024,2025,5,20,Beginning Stocks,8,(1000 MT),0.0
2222000,"Oilseed, Soybean",UG,Uganda,2024,2025,5,7,Crush,8,(1000 MT),0.0
2222000,"Oilseed, Soybean",UG,Uganda,2024,2025,5,125,Domestic Consumption,8,(1000 MT),130.0
2222000,"Oilseed, Soybean",UG,Uganda,2024,2025,5,176,Ending Stocks,8,(1000 MT),0.0
2222000,"Oilseed, Soybean",UG,Uganda,2024,2025,5,88,Exports,8,(1000 MT),20.0
2222000,"Oilseed, Soybean",UG,Uganda,2024,2025,5,161,Feed Waste Dom. Cons.,8,(1000 MT),125.0
2222000,"Oilseed, Soybean",UG,Uganda,2024,2025,5,149,Food Use Dom. Cons.,8,(1000 MT),5.0
2222000,"Oilseed, Soybean",UG,Uganda,2024,2025,5,57,Imports,8,(1000 MT),0.0
2222000,"Oilseed, Soybean",UG,Uganda,2024,2025,5,28,Production,8,(1000 MT),150.0
2222000,"Oilseed, Soybean",UG,Uganda,2024,2025,5,178,Total Distribution,8,(1000 MT),150.0
2222000,"Oilseed, Soybean",UG,Uganda,2024,2025,5,86,Total Supply,8,(1000 MT),150.0
2222000,"Oilseed, Soybean",UG,Uganda,2024,2025,5,184,Yield,26,(MT/HA),0.71
2222000,"Oilseed, Soybean",UG,Uganda,2025,2026,3,4,Area Harvested,4,(1000 HA),210.0
2222000,"Oilseed, Soybean",UG,Uganda,2025,2026,3,20,Beginning Stocks,8,(1000 MT),0.0
2222000,"Oilseed, Soybean",UG,Uganda,2025,2026,3,7,Crush,8,(1000 MT),0.0
2222000,"Oilseed, Soybean",UG,Uganda,2025,2026,3,125,Domestic Consumption,8,(1000 MT),130.0
2222000,"Oilseed, Soybean",UG,Uganda,2025,2026,3,176,Ending Stocks,8,(1000 MT),0.0
2222000,"Oilseed, Soybean",UG,Uganda,2025,2026,3,88,Exports,8,(1000 MT),20.0
2222000,"Oilseed, Soybean",UG,Uganda,2025,2026,3,161,Feed Waste Dom. Cons.,8,(1000 MT),125.0
2222000,"Oilseed, Soybean",UG,Uganda,2025,2026,3,149,Food Use Dom. Cons.,8,(1000 MT),5.0
2222000,"Oilseed, Soybean",UG,Uganda,2025,2026,3,57,Imports,8,(1000 MT),0.0
2222000,"Oilseed, Soybean",UG,Uganda,2025,2026,3,28,Production,8,(1000 MT),150.0
2222000,"Oilseed, Soybean",UG,Uganda,2025,2026,3,178,Total Distribution,8,(1000 MT),150.0
2222000,"Oilseed, Soybean",UG,Uganda,2025,2026,3,86,Total Supply,8,(1000 MT),150.0
2222000,"Oilseed, Soybean",UG,Uganda,2025,2026,3,184,Yield,26,(MT/HA),0.71
2222000,"Oilseed, Soybean",UP,Ukraine,2022,2025,9,4,Area Harvested,4,(1000 HA),1820.0
2222000,"Oilseed, Soybean",UP,Ukraine,2022,2025,9,20,Beginning Stocks,8,(1000 MT),1017.0
2222000,"Oilseed, Soybean",UP,Ukraine,2022,2025,9,7,Crush,8,(1000 MT),1500.0
2222000,"Oilseed, Soybean",UP,Ukraine,2022,2025,9,125,Domestic Consumption,8,(1000 MT),1701.0
2222000,"Oilseed, Soybean",UP,Ukraine,2022,2025,9,176,Ending Stocks,8,(1000 MT),321.0
2222000,"Oilseed, Soybean",UP,Ukraine,2022,2025,9,88,Exports,8,(1000 MT),3097.0
2222000,"Oilseed, Soybean",UP,Ukraine,2022,2025,9,161,Feed Waste Dom. Cons.,8,(1000 MT),200.0
2222000,"Oilseed, Soybean",UP,Ukraine,2022,2025,9,149,Food Use Dom. Cons.,8,(1000 MT),1.0
2222000,"Oilseed, Soybean",UP,Ukraine,2022,2025,9,57,Imports,8,(1000 MT),2.0
2222000,"Oilseed, Soybean",UP,Ukraine,2022,2025,9,28,Production,8,(1000 MT),4100.0
2222000,"Oilseed, Soybean",UP,Ukraine,2022,2025,9,178,Total Distribution,8,(1000 MT),5119.0
2222000,"Oilseed, Soybean",UP,Ukraine,2022,2025,9,86,Total Supply,8,(1000 MT),5119.0
2222000,"Oilseed, Soybean",UP,Ukraine,2022,2025,9,184,Yield,26,(MT/HA),2.25
2222000,"Oilseed, Soybean",UP,Ukraine,2023,2025,9,4,Area Harvested,4,(1000 HA),2000.0
2222000,"Oilseed, Soybean",UP,Ukraine,2023,2025,9,20,Beginning Stocks,8,(1000 MT),321.0
2222000,"Oilseed, Soybean",UP,Ukraine,2023,2025,9,7,Crush,8,(1000 MT),1800.0
2222000,"Oilseed, Soybean",UP,Ukraine,2023,2025,9,125,Domestic Consumption,8,(1000 MT),2000.0
2222000,"Oilseed, Soybean",UP,Ukraine,2023,2025,9,176,Ending Stocks,8,(1000 MT),260.0
2222000,"Oilseed, Soybean",UP,Ukraine,2023,2025,9,88,Exports,8,(1000 MT),3262.0
2222000,"Oilseed, Soybean",UP,Ukraine,2023,2025,9,161,Feed Waste Dom. Cons.,8,(1000 MT),200.0
2222000,"Oilseed, Soybean",UP,Ukraine,2023,2025,9,149,Food Use Dom. Cons.,8,(1000 MT),0.0
2222000,"Oilseed, Soybean",UP,Ukraine,2023,2025,9,57,Imports,8,(1000 MT),1.0
2222000,"Oilseed, Soybean",UP,Ukraine,2023,2025,9,28,Production,8,(1000 MT),5200.0
2222000,"Oilseed, Soybean",UP,Ukraine,2023,2025,9,178,Total Distribution,8,(1000 MT),5522.0
2222000,"Oilseed, Soybean",UP,Ukraine,2023,2025,9,86,Total Supply,8,(1000 MT),5522.0
2222000,"Oilseed, Soybean",UP,Ukraine,2023,2025,9,184,Yield,26,(MT/HA),2.6
2222000,"Oilseed, Soybean",UP,Ukraine,2024,2025,9,4,Area Harvested,4,(1000 HA),3000.0
2222000,"Oilseed, Soybean",UP,Ukraine,2024,2025,9,20,Beginning Stocks,8,(1000 MT),260.0
2222000,"Oilseed, Soybean",UP,Ukraine,2024,2025,9,7,Crush,8,(1000 MT),2800.0
2222000,"Oilseed, Soybean",UP,Ukraine,2024,2025,9,125,Domestic Consumption,8,(1000 MT),3075.0
2222000,"Oilseed, Soybean",UP,Ukraine,2024,2025,9,176,Ending Stocks,8,(1000 MT),213.0
2222000,"Oilseed, Soybean",UP,Ukraine,2024,2025,9,88,Exports,8,(1000 MT),4173.0
2222000,"Oilseed, Soybean",UP,Ukraine,2024,2025,9,161,Feed Waste Dom. Cons.,8,(1000 MT),275.0
2222000,"Oilseed, Soybean",UP,Ukraine,2024,2025,9,149,Food Use Dom. Cons.,8,(1000 MT),0.0
2222000,"Oilseed, Soybean",UP,Ukraine,2024,2025,9,57,Imports,8,(1000 MT),1.0
2222000,"Oilseed, Soybean",UP,Ukraine,2024,2025,9,28,Production,8,(1000 MT),7200.0
2222000,"Oilseed, Soybean",UP,Ukraine,2024,2025,9,178,Total Distribution,8,(1000 MT),7461.0
2222000,"Oilseed, Soybean",UP,Ukraine,2024,2025,9,86,Total Supply,8,(1000 MT),7461.0
2222000,"Oilseed, Soybean",UP,Ukraine,2024,2025,9,184,Yield,26,(MT/HA),2.4
2222000,"Oilseed, Soybean",UP,Ukraine,2025,2026,3,4,Area Harvested,4,(1000 HA),2300.0
2222000,"Oilseed, Soybean",UP,Ukraine,2025,2026,3,20,Beginning Stocks,8,(1000 MT),213.0
2222000,"Oilseed, Soybean",UP,Ukraine,2025,2026,3,7,Crush,8,(1000 MT),2900.0
2222000,"Oilseed, Soybean",UP,Ukraine,2025,2026,3,125,Domestic Consumption,8,(1000 MT),3175.0
2222000,"Oilseed, Soybean",UP,Ukraine,2025,2026,3,176,Ending Stocks,8,(1000 MT),240.0
2222000,"Oilseed, Soybean",UP,Ukraine,2025,2026,3,88,Exports,8,(1000 MT),2300.0
2222000,"Oilseed, Soybean",UP,Ukraine,2025,2026,3,161,Feed Waste Dom. Cons.,8,(1000 MT),275.0
2222000,"Oilseed, Soybean",UP,Ukraine,2025,2026,3,149,Food Use Dom. Cons.,8,(1000 MT),0.0
2222000,"Oilseed, Soybean",UP,Ukraine,2025,2026,3,57,Imports,8,(1000 MT),2.0
2222000,"Oilseed, Soybean",UP,Ukraine,2025,2026,3,28,Production,8,(1000 MT),5500.0
2222000,"Oilseed, Soybean",UP,Ukraine,2025,2026,3,178,Total Distribution,8,(1000 MT),5715.0
2222000,"Oilseed, Soybean",UP,Ukraine,2025,2026,3,86,Total Supply,8,(1000 MT),5715.0
2222000,"Oilseed, Soybean",UP,Ukraine,2025,2026,3,184,Yield,26,(MT/HA),2.39
2222000,"Oilseed, Soybean",TC,United Arab Emirates,2022,2025,5,4,Area Harvested,4,(1000 HA),0.0
2222000,"Oilseed, Soybean",TC,United Arab Emirates,2022,2025,5,20,Beginning Stocks,8,(1000 MT),11.0
2222000,"Oilseed, Soybean",TC,United Arab Emirates,2022,2025,5,7,Crush,8,(1000 MT),60.0
2222000,"Oilseed, Soybean",TC,United Arab Emirates,2022,2025,5,125,Domestic Consumption,8,(1000 MT),62.0
2222000,"Oilseed, Soybean",TC,United Arab Emirates,2022,2025,5,176,Ending Stocks,8,(1000 MT),13.0
2222000,"Oilseed, Soybean",TC,United Arab Emirates,2022,2025,5,88,Exports,8,(1000 MT),0.0
2222000,"Oilseed, Soybean",TC,United Arab Emirates,2022,2025,5,161,Feed Waste Dom. Cons.,8,(1000 MT),1.0
2222000,"Oilseed, Soybean",TC,United Arab Emirates,2022,2025,5,149,Food Use Dom. Cons.,8,(1000 MT),1.0
2222000,"Oilseed, Soybean",TC,United Arab Emirates,2022,2025,5,57,Imports,8,(1000 MT),64.0
2222000,"Oilseed, Soybean",TC,United Arab Emirates,2022,2025,5,28,Production,8,(1000 MT),0.0
2222000,"Oilseed, Soybean",TC,United Arab Emirates,2022,2025,5,178,Total Distribution,8,(1000 MT),75.0
2222000,"Oilseed, Soybean",TC,United Arab Emirates,2022,2025,5,86,Total Supply,8,(1000 MT),75.0
2222000,"Oilseed, Soybean",TC,United Arab Emirates,2022,2025,5,184,Yield,26,(MT/HA),0.0
2222000,"Oilseed, Soybean",TC,United Arab Emirates,2023,2025,5,4,Area Harvested,4,(1000 HA),0.0
2222000,"Oilseed, Soybean",TC,United Arab Emirates,2023,2025,5,20,Beginning Stocks,8,(1000 MT),13.0
2222000,"Oilseed, Soybean",TC,United Arab Emirates,2023,2025,5,7,Crush,8,(1000 MT),115.0
2222000,"Oilseed, Soybean",TC,United Arab Emirates,2023,2025,5,125,Domestic Consumption,8,(1000 MT),117.0
2222000,"Oilseed, Soybean",TC,United Arab Emirates,2023,2025,5,176,Ending Stocks,8,(1000 MT),26.0
2222000,"Oilseed, Soybean",TC,United Arab Emirates,2023,2025,5,88,Exports,8,(1000 MT),0.0
2222000,"Oilseed, Soybean",TC,United Arab Emirates,2023,2025,5,161,Feed Waste Dom. Cons.,8,(1000 MT),1.0
2222000,"Oilseed, Soybean",TC,United Arab Emirates,2023,2025,5,149,Food Use Dom. Cons.,8,(1000 MT),1.0
2222000,"Oilseed, Soybean",TC,United Arab Emirates,2023,2025,5,57,Imports,8,(1000 MT),130.0
2222000,"Oilseed, Soybean",TC,United Arab Emirates,2023,2025,5,28,Production,8,(1000 MT),0.0
2222000,"Oilseed, Soybean",TC,United Arab Emirates,2023,2025,5,178,Total Distribution,8,(1000 MT),143.0
2222000,"Oilseed, Soybean",TC,United Arab Emirates,2023,2025,5,86,Total Supply,8,(1000 MT),143.0
2222000,"Oilseed, Soybean",TC,United Arab Emirates,2023,2025,5,184,Yield,26,(MT/HA),0.0
2222000,"Oilseed, Soybean",TC,United Arab Emirates,2024,2025,5,4,Area Harvested,4,(1000 HA),0.0
2222000,"Oilseed, Soybean",TC,United Arab Emirates,2024,2025,5,20,Beginning Stocks,8,(1000 MT),26.0
2222000,"Oilseed, Soybean",TC,United Arab Emirates,2024,2025,5,7,Crush,8,(1000 MT),105.0
2222000,"Oilseed, Soybean",TC,United Arab Emirates,2024,2025,5,125,Domestic Consumption,8,(1000 MT),107.0
2222000,"Oilseed, Soybean",TC,United Arab Emirates,2024,2025,5,176,Ending Stocks,8,(1000 MT),19.0
2222000,"Oilseed, Soybean",TC,United Arab Emirates,2024,2025,5,88,Exports,8,(1000 MT),0.0
2222000,"Oilseed, Soybean",TC,United Arab Emirates,2024,2025,5,161,Feed Waste Dom. Cons.,8,(1000 MT),1.0
2222000,"Oilseed, Soybean",TC,United Arab Emirates,2024,2025,5,149,Food Use Dom. Cons.,8,(1000 MT),1.0
2222000,"Oilseed, Soybean",TC,United Arab Emirates,2024,2025,5,57,Imports,8,(1000 MT),100.0
2222000,"Oilseed, Soybean",TC,United Arab Emirates,2024,2025,5,28,Production,8,(1000 MT),0.0
2222000,"Oilseed, Soybean",TC,United Arab Emirates,2024,2025,5,178,Total Distribution,8,(1000 MT),126.0
2222000,"Oilseed, Soybean",TC,United Arab Emirates,2024,2025,5,86,Total Supply,8,(1000 MT),126.0
2222000,"Oilseed, Soybean",TC,United Arab Emirates,2024,2025,5,184,Yield,26,(MT/HA),0.0
2222000,"Oilseed, Soybean",TC,United Arab Emirates,2025,2026,3,4,Area Harvested,4,(1000 HA),0.0
2222000,"Oilseed, Soybean",TC,United Arab Emirates,2025,2026,3,20,Beginning Stocks,8,(1000 MT),19.0
2222000,"Oilseed, Soybean",TC,United Arab Emirates,2025,2026,3,7,Crush,8,(1000 MT),72.0
2222000,"Oilseed, Soybean",TC,United Arab Emirates,2025,2026,3,125,Domestic Consumption,8,(1000 MT),74.0
2222000,"Oilseed, Soybean",TC,United Arab Emirates,2025,2026,3,176,Ending Stocks,8,(1000 MT),20.0
2222000,"Oilseed, Soybean",TC,United Arab Emirates,2025,2026,3,88,Exports,8,(1000 MT),0.0
2222000,"Oilseed, Soybean",TC,United Arab Emirates,2025,2026,3,161,Feed Waste Dom. Cons.,8,(1000 MT),1.0
2222000,"Oilseed, Soybean",TC,United Arab Emirates,2025,2026,3,149,Food Use Dom. Cons.,8,(1000 MT),1.0
2222000,"Oilseed, Soybean",TC,United Arab Emirates,2025,2026,3,57,Imports,8,(1000 MT),75.0
2222000,"Oilseed, Soybean",TC,United Arab Emirates,2025,2026,3,28,Production,8,(1000 MT),0.0
2222000,"Oilseed, Soybean",TC,United Arab Emirates,2025,2026,3,178,Total Distribution,8,(1000 MT),94.0
2222000,"Oilseed, Soybean",TC,United Arab Emirates,2025,2026,3,86,Total Supply,8,(1000 MT),94.0
2222000,"Oilseed, Soybean",TC,United Arab Emirates,2025,2026,3,184,Yield,26,(MT/HA),0.0
2222000,"Oilseed, Soybean",UK,United Kingdom,2022,2025,4,4,Area Harvested,4,(1000 HA),0.0
2222000,"Oilseed, Soybean",UK,United Kingdom,2022,2025,4,20,Beginning Stocks,8,(1000 MT),33.0
2222000,"Oilseed, Soybean",UK,United Kingdom,2022,2025,4,7,Crush,8,(1000 MT),840.0
2222000,"Oilseed, Soybean",UK,United Kingdom,2022,2025,4,125,Domestic Consumption,8,(1000 MT),915.0
2222000,"Oilseed, Soybean",UK,United Kingdom,2022,2025,4,176,Ending Stocks,8,(1000 MT),28.0
2222000,"Oilseed, Soybean",UK,United Kingdom,2022,2025,4,88,Exports,8,(1000 MT),0.0
2222000,"Oilseed, Soybean",UK,United Kingdom,2022,2025,4,161,Feed Waste Dom. Cons.,8,(1000 MT),35.0
2222000,"Oilseed, Soybean",UK,United Kingdom,2022,2025,4,149,Food Use Dom. Cons.,8,(1000 MT),40.0
2222000,"Oilseed, Soybean",UK,United Kingdom,2022,2025,4,57,Imports,8,(1000 MT),910.0
2222000,"Oilseed, Soybean",UK,United Kingdom,2022,2025,4,28,Production,8,(1000 MT),0.0
2222000,"Oilseed, Soybean",UK,United Kingdom,2022,2025,4,178,Total Distribution,8,(1000 MT),943.0
2222000,"Oilseed, Soybean",UK,United Kingdom,2022,2025,4,86,Total Supply,8,(1000 MT),943.0
2222000,"Oilseed, Soybean",UK,United Kingdom,2022,2025,4,184,Yield,26,(MT/HA),0.0
2222000,"Oilseed, Soybean",UK,United Kingdom,2023,2025,8,4,Area Harvested,4,(1000 HA),0.0
2222000,"Oilseed, Soybean",UK,United Kingdom,2023,2025,8,20,Beginning Stocks,8,(1000 MT),28.0
2222000,"Oilseed, Soybean",UK,United Kingdom,2023,2025,8,7,Crush,8,(1000 MT),850.0
2222000,"Oilseed, Soybean",UK,United Kingdom,2023,2025,8,125,Domestic Consumption,8,(1000 MT),940.0
2222000,"Oilseed, Soybean",UK,United Kingdom,2023,2025,8,176,Ending Stocks,8,(1000 MT),61.0
2222000,"Oilseed, Soybean",UK,United Kingdom,2023,2025,8,88,Exports,8,(1000 MT),3.0
2222000,"Oilseed, Soybean",UK,United Kingdom,2023,2025,8,161,Feed Waste Dom. Cons.,8,(1000 MT),50.0
2222000,"Oilseed, Soybean",UK,United Kingdom,2023,2025,8,149,Food Use Dom. Cons.,8,(1000 MT),40.0
2222000,"Oilseed, Soybean",UK,United Kingdom,2023,2025,8,57,Imports,8,(1000 MT),976.0
2222000,"Oilseed, Soybean",UK,United Kingdom,2023,2025,8,28,Production,8,(1000 MT),0.0
2222000,"Oilseed, Soybean",UK,United Kingdom,2023,2025,8,178,Total Distribution,8,(1000 MT),1004.0
2222000,"Oilseed, Soybean",UK,United Kingdom,2023,2025,8,86,Total Supply,8,(1000 MT),1004.0
2222000,"Oilseed, Soybean",UK,United Kingdom,2023,2025,8,184,Yield,26,(MT/HA),0.0
2222000,"Oilseed, Soybean",UK,United Kingdom,2024,2025,12,4,Area Harvested,4,(1000 HA),0.0
2222000,"Oilseed, Soybean",UK,United Kingdom,2024,2025,12,20,Beginning Stocks,8,(1000 MT),61.0
2222000,"Oilseed, Soybean",UK,United Kingdom,2024,2025,12,7,Crush,8,(1000 MT),950.0
2222000,"Oilseed, Soybean",UK,United Kingdom,2024,2025,12,125,Domestic Consumption,8,(1000 MT),1045.0
2222000,"Oilseed, Soybean",UK,United Kingdom,2024,2025,12,176,Ending Stocks,8,(1000 MT),94.0
2222000,"Oilseed, Soybean",UK,United Kingdom,2024,2025,12,88,Exports,8,(1000 MT),1.0
2222000,"Oilseed, Soybean",UK,United Kingdom,2024,2025,12,161,Feed Waste Dom. Cons.,8,(1000 MT),55.0
2222000,"Oilseed, Soybean",UK,United Kingdom,2024,2025,12,149,Food Use Dom. Cons.,8,(1000 MT),40.0
2222000,"Oilseed, Soybean",UK,United Kingdom,2024,2025,12,57,Imports,8,(1000 MT),1079.0
2222000,"Oilseed, Soybean",UK,United Kingdom,2024,2025,12,28,Production,8,(1000 MT),0.0
2222000,"Oilseed, Soybean",UK,United Kingdom,2024,2025,12,178,Total Distribution,8,(1000 MT),1140.0
2222000,"Oilseed, Soybean",UK,United Kingdom,2024,2025,12,86,Total Supply,8,(1000 MT),1140.0
2222000,"Oilseed, Soybean",UK,United Kingdom,2024,2025,12,184,Yield,26,(MT/HA),0.0
2222000,"Oilseed, Soybean",UK,United Kingdom,2025,2026,3,4,Area Harvested,4,(1000 HA),0.0
2222000,"Oilseed, Soybean",UK,United Kingdom,2025,2026,3,20,Beginning Stocks,8,(1000 MT),94.0
2222000,"Oilseed, Soybean",UK,United Kingdom,2025,2026,3,7,Crush,8,(1000 MT),875.0
2222000,"Oilseed, Soybean",UK,United Kingdom,2025,2026,3,125,Domestic Consumption,8,(1000 MT),970.0
2222000,"Oilseed, Soybean",UK,United Kingdom,2025,2026,3,176,Ending Stocks,8,(1000 MT),71.0
2222000,"Oilseed, Soybean",UK,United Kingdom,2025,2026,3,88,Exports,8,(1000 MT),3.0
2222000,"Oilseed, Soybean",UK,United Kingdom,2025,2026,3,161,Feed Waste Dom. Cons.,8,(1000 MT),55.0
2222000,"Oilseed, Soybean",UK,United Kingdom,2025,2026,3,149,Food Use Dom. Cons.,8,(1000 MT),40.0
2222000,"Oilseed, Soybean",UK,United Kingdom,2025,2026,3,57,Imports,8,(1000 MT),950.0
2222000,"Oilseed, Soybean",UK,United Kingdom,2025,2026,3,28,Production,8,(1000 MT),0.0
2222000,"Oilseed, Soybean",UK,United Kingdom,2025,2026,3,178,Total Distribution,8,(1000 MT),1044.0
2222000,"Oilseed, Soybean",UK,United Kingdom,2025,2026,3,86,Total Supply,8,(1000 MT),1044.0
2222000,"Oilseed, Soybean",UK,United Kingdom,2025,2026,3,184,Yield,26,(MT/HA),0.0
2222000,"Oilseed, Soybean",US,United States,2022,2025,7,4,Area Harvested,4,(1000 HA),34873.0
2222000,"Oilseed, Soybean",US,United States,2022,2025,7,20,Beginning Stocks,8,(1000 MT),7468.0
2222000,"Oilseed, Soybean",US,United States,2022,2025,7,7,Crush,8,(1000 MT),60199.0
2222000,"Oilseed, Soybean",US,United States,2022,2025,7,125,Domestic Consumption,8,(1000 MT),63302.0
2222000,"Oilseed, Soybean",US,United States,2022,2025,7,176,Ending Stocks,8,(1000 MT),7190.0
2222000,"Oilseed, Soybean",US,United States,2022,2025,7,88,Exports,8,(1000 MT),53864.0
2222000,"Oilseed, Soybean",US,United States,2022,2025,7,161,Feed Waste Dom. Cons.,8,(1000 MT),3103.0
2222000,"Oilseed, Soybean",US,United States,2022,2025,7,149,Food Use Dom. Cons.,8,(1000 MT),0.0
2222000,"Oilseed, Soybean",US,United States,2022,2025,7,57,Imports,8,(1000 MT),667.0
2222000,"Oilseed, Soybean",US,United States,2022,2025,7,28,Production,8,(1000 MT),116221.0
2222000,"Oilseed, Soybean",US,United States,2022,2025,7,178,Total Distribution,8,(1000 MT),124356.0
2222000,"Oilseed, Soybean",US,United States,2022,2025,7,86,Total Supply,8,(1000 MT),124356.0
2222000,"Oilseed, Soybean",US,United States,2022,2025,7,184,Yield,26,(MT/HA),3.33
2222000,"Oilseed, Soybean",US,United States,2023,2025,7,4,Area Harvested,4,(1000 HA),33294.0
2222000,"Oilseed, Soybean",US,United States,2023,2025,7,20,Beginning Stocks,8,(1000 MT),7190.0
2222000,"Oilseed, Soybean",US,United States,2023,2025,7,7,Crush,8,(1000 MT),62196.0
2222000,"Oilseed, Soybean",US,United States,2023,2025,7,125,Domestic Consumption,8,(1000 MT),65445.0
2222000,"Oilseed, Soybean",US,United States,2023,2025,7,176,Ending Stocks,8,(1000 MT),9319.0
2222000,"Oilseed, Soybean",US,United States,2023,2025,7,88,Exports,8,(1000 MT),46266.0
2222000,"Oilseed, Soybean",US,United States,2023,2025,7,161,Feed Waste Dom. Cons.,8,(1000 MT),3249.0
2222000,"Oilseed, Soybean",US,United States,2023,2025,7,149,Food Use Dom. Cons.,8,(1000 MT),0.0
2222000,"Oilseed, Soybean",US,United States,2023,2025,7,57,Imports,8,(1000 MT),567.0
2222000,"Oilseed, Soybean",US,United States,2023,2025,7,28,Production,8,(1000 MT),113273.0
2222000,"Oilseed, Soybean",US,United States,2023,2025,7,178,Total Distribution,8,(1000 MT),121030.0
2222000,"Oilseed, Soybean",US,United States,2023,2025,7,86,Total Supply,8,(1000 MT),121030.0
2222000,"Oilseed, Soybean",US,United States,2023,2025,7,184,Yield,26,(MT/HA),3.4
2222000,"Oilseed, Soybean",US,United States,2024,2026,1,4,Area Harvested,4,(1000 HA),34887.0
2222000,"Oilseed, Soybean",US,United States,2024,2026,1,20,Beginning Stocks,8,(1000 MT),9319.0
2222000,"Oilseed, Soybean",US,United States,2024,2026,1,7,Crush,8,(1000 MT),66546.0
2222000,"Oilseed, Soybean",US,United States,2024,2026,1,125,Domestic Consumption,8,(1000 MT),69088.0
2222000,"Oilseed, Soybean",US,United States,2024,2026,1,176,Ending Stocks,8,(1000 MT),8840.0
2222000,"Oilseed, Soybean",US,United States,2024,2026,1,88,Exports,8,(1000 MT),51227.0
2222000,"Oilseed, Soybean",US,United States,2024,2026,1,161,Feed Waste Dom. Cons.,8,(1000 MT),2542.0
2222000,"Oilseed, Soybean",US,United States,2024,2026,1,149,Food Use Dom. Cons.,8,(1000 MT),0.0
2222000,"Oilseed, Soybean",US,United States,2024,2026,1,57,Imports,8,(1000 MT),789.0
2222000,"Oilseed, Soybean",US,United States,2024,2026,1,28,Production,8,(1000 MT),119047.0
2222000,"Oilseed, Soybean",US,United States,2024,2026,1,178,Total Distribution,8,(1000 MT),129155.0
2222000,"Oilseed, Soybean",US,United States,2024,2026,1,86,Total Supply,8,(1000 MT),129155.0
2222000,"Oilseed, Soybean",US,United States,2024,2026,1,184,Yield,26,(MT/HA),3.41
2222000,"Oilseed, Soybean",US,United States,2025,2026,3,4,Area Harvested,4,(1000 HA),32552.0
2222000,"Oilseed, Soybean",US,United States,2025,2026,3,20,Beginning Stocks,8,(1000 MT),8840.0
2222000,"Oilseed, Soybean",US,United States,2025,2026,3,7,Crush,8,(1000 MT),70080.0
2222000,"Oilseed, Soybean",US,United States,2025,2026,3,125,Domestic Consumption,8,(1000 MT),73129.0
2222000,"Oilseed, Soybean",US,United States,2025,2026,3,176,Ending Stocks,8,(1000 MT),9516.0
2222000,"Oilseed, Soybean",US,United States,2025,2026,3,88,Exports,8,(1000 MT),42864.0
2222000,"Oilseed, Soybean",US,United States,2025,2026,3,161,Feed Waste Dom. Cons.,8,(1000 MT),3049.0
2222000,"Oilseed, Soybean",US,United States,2025,2026,3,149,Food Use Dom. Cons.,8,(1000 MT),0.0
2222000,"Oilseed, Soybean",US,United States,2025,2026,3,57,Imports,8,(1000 MT),680.0
2222000,"Oilseed, Soybean",US,United States,2025,2026,3,28,Production,8,(1000 MT),115989.0
2222000,"Oilseed, Soybean",US,United States,2025,2026,3,178,Total Distribution,8,(1000 MT),125509.0
2222000,"Oilseed, Soybean",US,United States,2025,2026,3,86,Total Supply,8,(1000 MT),125509.0
2222000,"Oilseed, Soybean",US,United States,2025,2026,3,184,Yield,26,(MT/HA),3.56
2222000,"Oilseed, Soybean",UY,Uruguay,2022,2025,4,4,Area Harvested,4,(1000 HA),930.0
2222000,"Oilseed, Soybean",UY,Uruguay,2022,2025,4,20,Beginning Stocks,8,(1000 MT),248.0
2222000,"Oilseed, Soybean",UY,Uruguay,2022,2025,4,7,Crush,8,(1000 MT),50.0
2222000,"Oilseed, Soybean",UY,Uruguay,2022,2025,4,125,Domestic Consumption,8,(1000 MT),100.0
2222000,"Oilseed, Soybean",UY,Uruguay,2022,2025,4,176,Ending Stocks,8,(1000 MT),99.0
2222000,"Oilseed, Soybean",UY,Uruguay,2022,2025,4,88,Exports,8,(1000 MT),775.0
2222000,"Oilseed, Soybean",UY,Uruguay,2022,2025,4,161,Feed Waste Dom. Cons.,8,(1000 MT),50.0
2222000,"Oilseed, Soybean",UY,Uruguay,2022,2025,4,149,Food Use Dom. Cons.,8,(1000 MT),0.0
2222000,"Oilseed, Soybean",UY,Uruguay,2022,2025,4,57,Imports,8,(1000 MT),26.0
2222000,"Oilseed, Soybean",UY,Uruguay,2022,2025,4,28,Production,8,(1000 MT),700.0
2222000,"Oilseed, Soybean",UY,Uruguay,2022,2025,4,178,Total Distribution,8,(1000 MT),974.0
2222000,"Oilseed, Soybean",UY,Uruguay,2022,2025,4,86,Total Supply,8,(1000 MT),974.0
2222000,"Oilseed, Soybean",UY,Uruguay,2022,2025,4,184,Yield,26,(MT/HA),0.75
2222000,"Oilseed, Soybean",UY,Uruguay,2023,2025,6,4,Area Harvested,4,(1000 HA),1313.0
2222000,"Oilseed, Soybean",UY,Uruguay,2023,2025,6,20,Beginning Stocks,8,(1000 MT),99.0
2222000,"Oilseed, Soybean",UY,Uruguay,2023,2025,6,7,Crush,8,(1000 MT),150.0
2222000,"Oilseed, Soybean",UY,Uruguay,2023,2025,6,125,Domestic Consumption,8,(1000 MT),300.0
2222000,"Oilseed, Soybean",UY,Uruguay,2023,2025,6,176,Ending Stocks,8,(1000 MT),370.0
2222000,"Oilseed, Soybean",UY,Uruguay,2023,2025,6,88,Exports,8,(1000 MT),2731.0
2222000,"Oilseed, Soybean",UY,Uruguay,2023,2025,6,161,Feed Waste Dom. Cons.,8,(1000 MT),150.0
2222000,"Oilseed, Soybean",UY,Uruguay,2023,2025,6,149,Food Use Dom. Cons.,8,(1000 MT),0.0
2222000,"Oilseed, Soybean",UY,Uruguay,2023,2025,6,57,Imports,8,(1000 MT),9.0
2222000,"Oilseed, Soybean",UY,Uruguay,2023,2025,6,28,Production,8,(1000 MT),3293.0
2222000,"Oilseed, Soybean",UY,Uruguay,2023,2025,6,178,Total Distribution,8,(1000 MT),3401.0
2222000,"Oilseed, Soybean",UY,Uruguay,2023,2025,6,86,Total Supply,8,(1000 MT),3401.0
2222000,"Oilseed, Soybean",UY,Uruguay,2023,2025,6,184,Yield,26,(MT/HA),2.51
2222000,"Oilseed, Soybean",UY,Uruguay,2024,2026,2,4,Area Harvested,4,(1000 HA),1345.0
2222000,"Oilseed, Soybean",UY,Uruguay,2024,2026,2,20,Beginning Stocks,8,(1000 MT),370.0
2222000,"Oilseed, Soybean",UY,Uruguay,2024,2026,2,7,Crush,8,(1000 MT),200.0
2222000,"Oilseed, Soybean",UY,Uruguay,2024,2026,2,125,Domestic Consumption,8,(1000 MT),400.0
2222000,"Oilseed, Soybean",UY,Uruguay,2024,2026,2,176,Ending Stocks,8,(1000 MT),480.0
2222000,"Oilseed, Soybean",UY,Uruguay,2024,2026,2,88,Exports,8,(1000 MT),3700.0
2222000,"Oilseed, Soybean",UY,Uruguay,2024,2026,2,161,Feed Waste Dom. Cons.,8,(1000 MT),200.0
2222000,"Oilseed, Soybean",UY,Uruguay,2024,2026,2,149,Food Use Dom. Cons.,8,(1000 MT),0.0
2222000,"Oilseed, Soybean",UY,Uruguay,2024,2026,2,57,Imports,8,(1000 MT),10.0
2222000,"Oilseed, Soybean",UY,Uruguay,2024,2026,2,28,Production,8,(1000 MT),4200.0
2222000,"Oilseed, Soybean",UY,Uruguay,2024,2026,2,178,Total Distribution,8,(1000 MT),4580.0
2222000,"Oilseed, Soybean",UY,Uruguay,2024,2026,2,86,Total Supply,8,(1000 MT),4580.0
2222000,"Oilseed, Soybean",UY,Uruguay,2024,2026,2,184,Yield,26,(MT/HA),3.12
2222000,"Oilseed, Soybean",UY,Uruguay,2025,2026,3,4,Area Harvested,4,(1000 HA),1300.0
2222000,"Oilseed, Soybean",UY,Uruguay,2025,2026,3,20,Beginning Stocks,8,(1000 MT),480.0
2222000,"Oilseed, Soybean",UY,Uruguay,2025,2026,3,7,Crush,8,(1000 MT),170.0
2222000,"Oilseed, Soybean",UY,Uruguay,2025,2026,3,125,Domestic Consumption,8,(1000 MT),320.0
2222000,"Oilseed, Soybean",UY,Uruguay,2025,2026,3,176,Ending Stocks,8,(1000 MT),370.0
2222000,"Oilseed, Soybean",UY,Uruguay,2025,2026,3,88,Exports,8,(1000 MT),2900.0
2222000,"Oilseed, Soybean",UY,Uruguay,2025,2026,3,161,Feed Waste Dom. Cons.,8,(1000 MT),150.0
2222000,"Oilseed, Soybean",UY,Uruguay,2025,2026,3,149,Food Use Dom. Cons.,8,(1000 MT),0.0
2222000,"Oilseed, Soybean",UY,Uruguay,2025,2026,3,57,Imports,8,(1000 MT),10.0
2222000,"Oilseed, Soybean",UY,Uruguay,2025,2026,3,28,Production,8,(1000 MT),3100.0
2222000,"Oilseed, Soybean",UY,Uruguay,2025,2026,3,178,Total Distribution,8,(1000 MT),3590.0
2222000,"Oilseed, Soybean",UY,Uruguay,2025,2026,3,86,Total Supply,8,(1000 MT),3590.0
2222000,"Oilseed, Soybean",UY,Uruguay,2025,2026,3,184,Yield,26,(MT/HA),2.38
2222000,"Oilseed, Soybean",UZ,Uzbekistan,2022,2025,4,4,Area Harvested,4,(1000 HA),12.0
2222000,"Oilseed, Soybean",UZ,Uzbekistan,2022,2025,4,20,Beginning Stocks,8,(1000 MT),2.0
2222000,"Oilseed, Soybean",UZ,Uzbekistan,2022,2025,4,7,Crush,8,(1000 MT),60.0
2222000,"Oilseed, Soybean",UZ,Uzbekistan,2022,2025,4,125,Domestic Consumption,8,(1000 MT),60.0
2222000,"Oilseed, Soybean",UZ,Uzbekistan,2022,2025,4,176,Ending Stocks,8,(1000 MT),3.0
2222000,"Oilseed, Soybean",UZ,Uzbekistan,2022,2025,4,88,Exports,8,(1000 MT),0.0
2222000,"Oilseed, Soybean",UZ,Uzbekistan,2022,2025,4,161,Feed Waste Dom. Cons.,8,(1000 MT),0.0
2222000,"Oilseed, Soybean",UZ,Uzbekistan,2022,2025,4,149,Food Use Dom. Cons.,8,(1000 MT),0.0
2222000,"Oilseed, Soybean",UZ,Uzbekistan,2022,2025,4,57,Imports,8,(1000 MT),26.0
2222000,"Oilseed, Soybean",UZ,Uzbekistan,2022,2025,4,28,Production,8,(1000 MT),35.0
2222000,"Oilseed, Soybean",UZ,Uzbekistan,2022,2025,4,178,Total Distribution,8,(1000 MT),63.0
2222000,"Oilseed, Soybean",UZ,Uzbekistan,2022,2025,4,86,Total Supply,8,(1000 MT),63.0
2222000,"Oilseed, Soybean",UZ,Uzbekistan,2022,2025,4,184,Yield,26,(MT/HA),2.92
2222000,"Oilseed, Soybean",UZ,Uzbekistan,2023,2026,1,4,Area Harvested,4,(1000 HA),7.0
2222000,"Oilseed, Soybean",UZ,Uzbekistan,2023,2026,1,20,Beginning Stocks,8,(1000 MT),3.0
2222000,"Oilseed, Soybean",UZ,Uzbekistan,2023,2026,1,7,Crush,8,(1000 MT),50.0
2222000,"Oilseed, Soybean",UZ,Uzbekistan,2023,2026,1,125,Domestic Consumption,8,(1000 MT),50.0
2222000,"Oilseed, Soybean",UZ,Uzbekistan,2023,2026,1,176,Ending Stocks,8,(1000 MT),3.0
2222000,"Oilseed, Soybean",UZ,Uzbekistan,2023,2026,1,88,Exports,8,(1000 MT),0.0
2222000,"Oilseed, Soybean",UZ,Uzbekistan,2023,2026,1,161,Feed Waste Dom. Cons.,8,(1000 MT),0.0
2222000,"Oilseed, Soybean",UZ,Uzbekistan,2023,2026,1,149,Food Use Dom. Cons.,8,(1000 MT),0.0
2222000,"Oilseed, Soybean",UZ,Uzbekistan,2023,2026,1,57,Imports,8,(1000 MT),31.0
2222000,"Oilseed, Soybean",UZ,Uzbekistan,2023,2026,1,28,Production,8,(1000 MT),19.0
2222000,"Oilseed, Soybean",UZ,Uzbekistan,2023,2026,1,178,Total Distribution,8,(1000 MT),53.0
2222000,"Oilseed, Soybean",UZ,Uzbekistan,2023,2026,1,86,Total Supply,8,(1000 MT),53.0
2222000,"Oilseed, Soybean",UZ,Uzbekistan,2023,2026,1,184,Yield,26,(MT/HA),2.71
2222000,"Oilseed, Soybean",UZ,Uzbekistan,2024,2026,1,4,Area Harvested,4,(1000 HA),10.0
2222000,"Oilseed, Soybean",UZ,Uzbekistan,2024,2026,1,20,Beginning Stocks,8,(1000 MT),3.0
2222000,"Oilseed, Soybean",UZ,Uzbekistan,2024,2026,1,7,Crush,8,(1000 MT),70.0
2222000,"Oilseed, Soybean",UZ,Uzbekistan,2024,2026,1,125,Domestic Consumption,8,(1000 MT),70.0
2222000,"Oilseed, Soybean",UZ,Uzbekistan,2024,2026,1,176,Ending Stocks,8,(1000 MT),3.0
2222000,"Oilseed, Soybean",UZ,Uzbekistan,2024,2026,1,88,Exports,8,(1000 MT),0.0
2222000,"Oilseed, Soybean",UZ,Uzbekistan,2024,2026,1,161,Feed Waste Dom. Cons.,8,(1000 MT),0.0
2222000,"Oilseed, Soybean",UZ,Uzbekistan,2024,2026,1,149,Food Use Dom. Cons.,8,(1000 MT),0.0
2222000,"Oilseed, Soybean",UZ,Uzbekistan,2024,2026,1,57,Imports,8,(1000 MT),40.0
2222000,"Oilseed, Soybean",UZ,Uzbekistan,2024,2026,1,28,Production,8,(1000 MT),30.0
2222000,"Oilseed, Soybean",UZ,Uzbekistan,2024,2026,1,178,Total Distribution,8,(1000 MT),73.0
2222000,"Oilseed, Soybean",UZ,Uzbekistan,2024,2026,1,86,Total Supply,8,(1000 MT),73.0
2222000,"Oilseed, Soybean",UZ,Uzbekistan,2024,2026,1,184,Yield,26,(MT/HA),3.0
2222000,"Oilseed, Soybean",UZ,Uzbekistan,2025,2026,3,4,Area Harvested,4,(1000 HA),10.0
2222000,"Oilseed, Soybean",UZ,Uzbekistan,2025,2026,3,20,Beginning Stocks,8,(1000 MT),3.0
2222000,"Oilseed, Soybean",UZ,Uzbekistan,2025,2026,3,7,Crush,8,(1000 MT),68.0
2222000,"Oilseed, Soybean",UZ,Uzbekistan,2025,2026,3,125,Domestic Consumption,8,(1000 MT),68.0
2222000,"Oilseed, Soybean",UZ,Uzbekistan,2025,2026,3,176,Ending Stocks,8,(1000 MT),3.0
2222000,"Oilseed, Soybean",UZ,Uzbekistan,2025,2026,3,88,Exports,8,(1000 MT),0.0
2222000,"Oilseed, Soybean",UZ,Uzbekistan,2025,2026,3,161,Feed Waste Dom. Cons.,8,(1000 MT),0.0
2222000,"Oilseed, Soybean",UZ,Uzbekistan,2025,2026,3,149,Food Use Dom. Cons.,8,(1000 MT),0.0
2222000,"Oilseed, Soybean",UZ,Uzbekistan,2025,2026,3,57,Imports,8,(1000 MT),45.0
2222000,"Oilseed, Soybean",UZ,Uzbekistan,2025,2026,3,28,Production,8,(1000 MT),23.0
2222000,"Oilseed, Soybean",UZ,Uzbekistan,2025,2026,3,178,Total Distribution,8,(1000 MT),71.0
2222000,"Oilseed, Soybean",UZ,Uzbekistan,2025,2026,3,86,Total Supply,8,(1000 MT),71.0
2222000,"Oilseed, Soybean",UZ,Uzbekistan,2025,2026,3,184,Yield,26,(MT/HA),2.3
2222000,"Oilseed, Soybean",VE,Venezuela,2022,2025,4,4,Area Harvested,4,(1000 HA),5.0
2222000,"Oilseed, Soybean",VE,Venezuela,2022,2025,4,20,Beginning Stocks,8,(1000 MT),16.0
2222000,"Oilseed, Soybean",VE,Venezuela,2022,2025,4,7,Crush,8,(1000 MT),70.0
2222000,"Oilseed, Soybean",VE,Venezuela,2022,2025,4,125,Domestic Consumption,8,(1000 MT),73.0
2222000,"Oilseed, Soybean",VE,Venezuela,2022,2025,4,176,Ending Stocks,8,(1000 MT),18.0
2222000,"Oilseed, Soybean",VE,Venezuela,2022,2025,4,88,Exports,8,(1000 MT),0.0
2222000,"Oilseed, Soybean",VE,Venezuela,2022,2025,4,161,Feed Waste Dom. Cons.,8,(1000 MT),1.0
2222000,"Oilseed, Soybean",VE,Venezuela,2022,2025,4,149,Food Use Dom. Cons.,8,(1000 MT),2.0
2222000,"Oilseed, Soybean",VE,Venezuela,2022,2025,4,57,Imports,8,(1000 MT),69.0
2222000,"Oilseed, Soybean",VE,Venezuela,2022,2025,4,28,Production,8,(1000 MT),6.0
2222000,"Oilseed, Soybean",VE,Venezuela,2022,2025,4,178,Total Distribution,8,(1000 MT),91.0
2222000,"Oilseed, Soybean",VE,Venezuela,2022,2025,4,86,Total Supply,8,(1000 MT),91.0
2222000,"Oilseed, Soybean",VE,Venezuela,2022,2025,4,184,Yield,26,(MT/HA),1.2
2222000,"Oilseed, Soybean",VE,Venezuela,2023,2025,4,4,Area Harvested,4,(1000 HA),6.0
2222000,"Oilseed, Soybean",VE,Venezuela,2023,2025,4,20,Beginning Stocks,8,(1000 MT),18.0
2222000,"Oilseed, Soybean",VE,Venezuela,2023,2025,4,7,Crush,8,(1000 MT),130.0
2222000,"Oilseed, Soybean",VE,Venezuela,2023,2025,4,125,Domestic Consumption,8,(1000 MT),133.0
2222000,"Oilseed, Soybean",VE,Venezuela,2023,2025,4,176,Ending Stocks,8,(1000 MT),30.0
2222000,"Oilseed, Soybean",VE,Venezuela,2023,2025,4,88,Exports,8,(1000 MT),0.0
2222000,"Oilseed, Soybean",VE,Venezuela,2023,2025,4,161,Feed Waste Dom. Cons.,8,(1000 MT),1.0
2222000,"Oilseed, Soybean",VE,Venezuela,2023,2025,4,149,Food Use Dom. Cons.,8,(1000 MT),2.0
2222000,"Oilseed, Soybean",VE,Venezuela,2023,2025,4,57,Imports,8,(1000 MT),138.0
2222000,"Oilseed, Soybean",VE,Venezuela,2023,2025,4,28,Production,8,(1000 MT),7.0
2222000,"Oilseed, Soybean",VE,Venezuela,2023,2025,4,178,Total Distribution,8,(1000 MT),163.0
2222000,"Oilseed, Soybean",VE,Venezuela,2023,2025,4,86,Total Supply,8,(1000 MT),163.0
2222000,"Oilseed, Soybean",VE,Venezuela,2023,2025,4,184,Yield,26,(MT/HA),1.17
2222000,"Oilseed, Soybean",VE,Venezuela,2024,2026,3,4,Area Harvested,4,(1000 HA),5.0
2222000,"Oilseed, Soybean",VE,Venezuela,2024,2026,3,20,Beginning Stocks,8,(1000 MT),30.0
2222000,"Oilseed, Soybean",VE,Venezuela,2024,2026,3,7,Crush,8,(1000 MT),110.0
2222000,"Oilseed, Soybean",VE,Venezuela,2024,2026,3,125,Domestic Consumption,8,(1000 MT),113.0
2222000,"Oilseed, Soybean",VE,Venezuela,2024,2026,3,176,Ending Stocks,8,(1000 MT),23.0
2222000,"Oilseed, Soybean",VE,Venezuela,2024,2026,3,88,Exports,8,(1000 MT),0.0
2222000,"Oilseed, Soybean",VE,Venezuela,2024,2026,3,161,Feed Waste Dom. Cons.,8,(1000 MT),1.0
2222000,"Oilseed, Soybean",VE,Venezuela,2024,2026,3,149,Food Use Dom. Cons.,8,(1000 MT),2.0
2222000,"Oilseed, Soybean",VE,Venezuela,2024,2026,3,57,Imports,8,(1000 MT),100.0
2222000,"Oilseed, Soybean",VE,Venezuela,2024,2026,3,28,Production,8,(1000 MT),6.0
2222000,"Oilseed, Soybean",VE,Venezuela,2024,2026,3,178,Total Distribution,8,(1000 MT),136.0
2222000,"Oilseed, Soybean",VE,Venezuela,2024,2026,3,86,Total Supply,8,(1000 MT),136.0
2222000,"Oilseed, Soybean",VE,Venezuela,2024,2026,3,184,Yield,26,(MT/HA),1.2
2222000,"Oilseed, Soybean",VE,Venezuela,2025,2026,3,4,Area Harvested,4,(1000 HA),5.0
2222000,"Oilseed, Soybean",VE,Venezuela,2025,2026,3,20,Beginning Stocks,8,(1000 MT),23.0
2222000,"Oilseed, Soybean",VE,Venezuela,2025,2026,3,7,Crush,8,(1000 MT),130.0
2222000,"Oilseed, Soybean",VE,Venezuela,2025,2026,3,125,Domestic Consumption,8,(1000 MT),133.0
2222000,"Oilseed, Soybean",VE,Venezuela,2025,2026,3,176,Ending Stocks,8,(1000 MT),27.0
2222000,"Oilseed, Soybean",VE,Venezuela,2025,2026,3,88,Exports,8,(1000 MT),0.0
2222000,"Oilseed, Soybean",VE,Venezuela,2025,2026,3,161,Feed Waste Dom. Cons.,8,(1000 MT),1.0
2222000,"Oilseed, Soybean",VE,Venezuela,2025,2026,3,149,Food Use Dom. Cons.,8,(1000 MT),2.0
2222000,"Oilseed, Soybean",VE,Venezuela,2025,2026,3,57,Imports,8,(1000 MT),130.0
2222000,"Oilseed, Soybean",VE,Venezuela,2025,2026,3,28,Production,8,(1000 MT),7.0
2222000,"Oilseed, Soybean",VE,Venezuela,2025,2026,3,178,Total Distribution,8,(1000 MT),160.0
2222000,"Oilseed, Soybean",VE,Venezuela,2025,2026,3,86,Total Supply,8,(1000 MT),160.0
2222000,"Oilseed, Soybean",VE,Venezuela,2025,2026,3,184,Yield,26,(MT/HA),1.4
2222000,"Oilseed, Soybean",VM,Vietnam,2022,2025,5,4,Area Harvested,4,(1000 HA),30.0
2222000,"Oilseed, Soybean",VM,Vietnam,2022,2025,5,20,Beginning Stocks,8,(1000 MT),304.0
2222000,"Oilseed, Soybean",VM,Vietnam,2022,2025,5,7,Crush,8,(1000 MT),1250.0
2222000,"Oilseed, Soybean",VM,Vietnam,2022,2025,5,125,Domestic Consumption,8,(1000 MT),1930.0
2222000,"Oilseed, Soybean",VM,Vietnam,2022,2025,5,176,Ending Stocks,8,(1000 MT),280.0
2222000,"Oilseed, Soybean",VM,Vietnam,2022,2025,5,88,Exports,8,(1000 MT),0.0
2222000,"Oilseed, Soybean",VM,Vietnam,2022,2025,5,161,Feed Waste Dom. Cons.,8,(1000 MT),180.0
2222000,"Oilseed, Soybean",VM,Vietnam,2022,2025,5,149,Food Use Dom. Cons.,8,(1000 MT),500.0
2222000,"Oilseed, Soybean",VM,Vietnam,2022,2025,5,57,Imports,8,(1000 MT),1858.0
2222000,"Oilseed, Soybean",VM,Vietnam,2022,2025,5,28,Production,8,(1000 MT),48.0
2222000,"Oilseed, Soybean",VM,Vietnam,2022,2025,5,178,Total Distribution,8,(1000 MT),2210.0
2222000,"Oilseed, Soybean",VM,Vietnam,2022,2025,5,86,Total Supply,8,(1000 MT),2210.0
2222000,"Oilseed, Soybean",VM,Vietnam,2022,2025,5,184,Yield,26,(MT/HA),1.6
2222000,"Oilseed, Soybean",VM,Vietnam,2023,2025,5,4,Area Harvested,4,(1000 HA),27.0
2222000,"Oilseed, Soybean",VM,Vietnam,2023,2025,5,20,Beginning Stocks,8,(1000 MT),280.0
2222000,"Oilseed, Soybean",VM,Vietnam,2023,2025,5,7,Crush,8,(1000 MT),1400.0
2222000,"Oilseed, Soybean",VM,Vietnam,2023,2025,5,125,Domestic Consumption,8,(1000 MT),2130.0
2222000,"Oilseed, Soybean",VM,Vietnam,2023,2025,5,176,Ending Stocks,8,(1000 MT),460.0
2222000,"Oilseed, Soybean",VM,Vietnam,2023,2025,5,88,Exports,8,(1000 MT),0.0
2222000,"Oilseed, Soybean",VM,Vietnam,2023,2025,5,161,Feed Waste Dom. Cons.,8,(1000 MT),200.0
2222000,"Oilseed, Soybean",VM,Vietnam,2023,2025,5,149,Food Use Dom. Cons.,8,(1000 MT),530.0
2222000,"Oilseed, Soybean",VM,Vietnam,2023,2025,5,57,Imports,8,(1000 MT),2265.0
2222000,"Oilseed, Soybean",VM,Vietnam,2023,2025,5,28,Production,8,(1000 MT),45.0
2222000,"Oilseed, Soybean",VM,Vietnam,2023,2025,5,178,Total Distribution,8,(1000 MT),2590.0
2222000,"Oilseed, Soybean",VM,Vietnam,2023,2025,5,86,Total Supply,8,(1000 MT),2590.0
2222000,"Oilseed, Soybean",VM,Vietnam,2023,2025,5,184,Yield,26,(MT/HA),1.67
2222000,"Oilseed, Soybean",VM,Vietnam,2024,2026,3,4,Area Harvested,4,(1000 HA),26.0
2222000,"Oilseed, Soybean",VM,Vietnam,2024,2026,3,20,Beginning Stocks,8,(1000 MT),460.0
2222000,"Oilseed, Soybean",VM,Vietnam,2024,2026,3,7,Crush,8,(1000 MT),1850.0
2222000,"Oilseed, Soybean",VM,Vietnam,2024,2026,3,125,Domestic Consumption,8,(1000 MT),2660.0
2222000,"Oilseed, Soybean",VM,Vietnam,2024,2026,3,176,Ending Stocks,8,(1000 MT),451.0
2222000,"Oilseed, Soybean",VM,Vietnam,2024,2026,3,88,Exports,8,(1000 MT),0.0
2222000,"Oilseed, Soybean",VM,Vietnam,2024,2026,3,161,Feed Waste Dom. Cons.,8,(1000 MT),270.0
2222000,"Oilseed, Soybean",VM,Vietnam,2024,2026,3,149,Food Use Dom. Cons.,8,(1000 MT),540.0
2222000,"Oilseed, Soybean",VM,Vietnam,2024,2026,3,57,Imports,8,(1000 MT),2609.0
2222000,"Oilseed, Soybean",VM,Vietnam,2024,2026,3,28,Production,8,(1000 MT),42.0
2222000,"Oilseed, Soybean",VM,Vietnam,2024,2026,3,178,Total Distribution,8,(1000 MT),3111.0
2222000,"Oilseed, Soybean",VM,Vietnam,2024,2026,3,86,Total Supply,8,(1000 MT),3111.0
2222000,"Oilseed, Soybean",VM,Vietnam,2024,2026,3,184,Yield,26,(MT/HA),1.62
2222000,"Oilseed, Soybean",VM,Vietnam,2025,2026,3,4,Area Harvested,4,(1000 HA),26.0
2222000,"Oilseed, Soybean",VM,Vietnam,2025,2026,3,20,Beginning Stocks,8,(1000 MT),451.0
2222000,"Oilseed, Soybean",VM,Vietnam,2025,2026,3,7,Crush,8,(1000 MT),2200.0
2222000,"Oilseed, Soybean",VM,Vietnam,2025,2026,3,125,Domestic Consumption,8,(1000 MT),3040.0
2222000,"Oilseed, Soybean",VM,Vietnam,2025,2026,3,176,Ending Stocks,8,(1000 MT),503.0
2222000,"Oilseed, Soybean",VM,Vietnam,2025,2026,3,88,Exports,8,(1000 MT),0.0
2222000,"Oilseed, Soybean",VM,Vietnam,2025,2026,3,161,Feed Waste Dom. Cons.,8,(1000 MT),290.0
2222000,"Oilseed, Soybean",VM,Vietnam,2025,2026,3,149,Food Use Dom. Cons.,8,(1000 MT),550.0
2222000,"Oilseed, Soybean",VM,Vietnam,2025,2026,3,57,Imports,8,(1000 MT),3050.0
2222000,"Oilseed, Soybean",VM,Vietnam,2025,2026,3,28,Production,8,(1000 MT),42.0
2222000,"Oilseed, Soybean",VM,Vietnam,2025,2026,3,178,Total Distribution,8,(1000 MT),3543.0
2222000,"Oilseed, Soybean",VM,Vietnam,2025,2026,3,86,Total Supply,8,(1000 MT),3543.0
2222000,"Oilseed, Soybean",VM,Vietnam,2025,2026,3,184,Yield,26,(MT/HA),1.62
2222000,"Oilseed, Soybean",ZA,Zambia,2022,2025,4,4,Area Harvested,4,(1000 HA),375.0
2222000,"Oilseed, Soybean",ZA,Zambia,2022,2025,4,20,Beginning Stocks,8,(1000 MT),39.0
2222000,"Oilseed, Soybean",ZA,Zambia,2022,2025,4,7,Crush,8,(1000 MT),370.0
2222000,"Oilseed, Soybean",ZA,Zambia,2022,2025,4,125,Domestic Consumption,8,(1000 MT),440.0
2222000,"Oilseed, Soybean",ZA,Zambia,2022,2025,4,176,Ending Stocks,8,(1000 MT),13.0
2222000,"Oilseed, Soybean",ZA,Zambia,2022,2025,4,88,Exports,8,(1000 MT),62.0
2222000,"Oilseed, Soybean",ZA,Zambia,2022,2025,4,161,Feed Waste Dom. Cons.,8,(1000 MT),50.0
2222000,"Oilseed, Soybean",ZA,Zambia,2022,2025,4,149,Food Use Dom. Cons.,8,(1000 MT),20.0
2222000,"Oilseed, Soybean",ZA,Zambia,2022,2025,4,57,Imports,8,(1000 MT),1.0
2222000,"Oilseed, Soybean",ZA,Zambia,2022,2025,4,28,Production,8,(1000 MT),475.0
2222000,"Oilseed, Soybean",ZA,Zambia,2022,2025,4,178,Total Distribution,8,(1000 MT),515.0
2222000,"Oilseed, Soybean",ZA,Zambia,2022,2025,4,86,Total Supply,8,(1000 MT),515.0
2222000,"Oilseed, Soybean",ZA,Zambia,2022,2025,4,184,Yield,26,(MT/HA),1.27
2222000,"Oilseed, Soybean",ZA,Zambia,2023,2025,5,4,Area Harvested,4,(1000 HA),604.0
2222000,"Oilseed, Soybean",ZA,Zambia,2023,2025,5,20,Beginning Stocks,8,(1000 MT),13.0
2222000,"Oilseed, Soybean",ZA,Zambia,2023,2025,5,7,Crush,8,(1000 MT),600.0
2222000,"Oilseed, Soybean",ZA,Zambia,2023,2025,5,125,Domestic Consumption,8,(1000 MT),720.0
2222000,"Oilseed, Soybean",ZA,Zambia,2023,2025,5,176,Ending Stocks,8,(1000 MT),14.0
2222000,"Oilseed, Soybean",ZA,Zambia,2023,2025,5,88,Exports,8,(1000 MT),40.0
2222000,"Oilseed, Soybean",ZA,Zambia,2023,2025,5,161,Feed Waste Dom. Cons.,8,(1000 MT),80.0
2222000,"Oilseed, Soybean",ZA,Zambia,2023,2025,5,149,Food Use Dom. Cons.,8,(1000 MT),40.0
2222000,"Oilseed, Soybean",ZA,Zambia,2023,2025,5,57,Imports,8,(1000 MT),1.0
2222000,"Oilseed, Soybean",ZA,Zambia,2023,2025,5,28,Production,8,(1000 MT),760.0
2222000,"Oilseed, Soybean",ZA,Zambia,2023,2025,5,178,Total Distribution,8,(1000 MT),774.0
2222000,"Oilseed, Soybean",ZA,Zambia,2023,2025,5,86,Total Supply,8,(1000 MT),774.0
2222000,"Oilseed, Soybean",ZA,Zambia,2023,2025,5,184,Yield,26,(MT/HA),1.26
2222000,"Oilseed, Soybean",ZA,Zambia,2024,2025,5,4,Area Harvested,4,(1000 HA),590.0
2222000,"Oilseed, Soybean",ZA,Zambia,2024,2025,5,20,Beginning Stocks,8,(1000 MT),14.0
2222000,"Oilseed, Soybean",ZA,Zambia,2024,2025,5,7,Crush,8,(1000 MT),600.0
2222000,"Oilseed, Soybean",ZA,Zambia,2024,2025,5,125,Domestic Consumption,8,(1000 MT),730.0
2222000,"Oilseed, Soybean",ZA,Zambia,2024,2025,5,176,Ending Stocks,8,(1000 MT),25.0
2222000,"Oilseed, Soybean",ZA,Zambia,2024,2025,5,88,Exports,8,(1000 MT),30.0
2222000,"Oilseed, Soybean",ZA,Zambia,2024,2025,5,161,Feed Waste Dom. Cons.,8,(1000 MT),85.0
2222000,"Oilseed, Soybean",ZA,Zambia,2024,2025,5,149,Food Use Dom. Cons.,8,(1000 MT),45.0
2222000,"Oilseed, Soybean",ZA,Zambia,2024,2025,5,57,Imports,8,(1000 MT),1.0
2222000,"Oilseed, Soybean",ZA,Zambia,2024,2025,5,28,Production,8,(1000 MT),770.0
2222000,"Oilseed, Soybean",ZA,Zambia,2024,2025,5,178,Total Distribution,8,(1000 MT),785.0
2222000,"Oilseed, Soybean",ZA,Zambia,2024,2025,5,86,Total Supply,8,(1000 MT),785.0
2222000,"Oilseed, Soybean",ZA,Zambia,2024,2025,5,184,Yield,26,(MT/HA),1.31
2222000,"Oilseed, Soybean",ZA,Zambia,2025,2026,3,4,Area Harvested,4,(1000 HA),590.0
2222000,"Oilseed, Soybean",ZA,Zambia,2025,2026,3,20,Beginning Stocks,8,(1000 MT),25.0
2222000,"Oilseed, Soybean",ZA,Zambia,2025,2026,3,7,Crush,8,(1000 MT),600.0
2222000,"Oilseed, Soybean",ZA,Zambia,2025,2026,3,125,Domestic Consumption,8,(1000 MT),735.0
2222000,"Oilseed, Soybean",ZA,Zambia,2025,2026,3,176,Ending Stocks,8,(1000 MT),31.0
2222000,"Oilseed, Soybean",ZA,Zambia,2025,2026,3,88,Exports,8,(1000 MT),30.0
2222000,"Oilseed, Soybean",ZA,Zambia,2025,2026,3,161,Feed Waste Dom. Cons.,8,(1000 MT),90.0
2222000,"Oilseed, Soybean",ZA,Zambia,2025,2026,3,149,Food Use Dom. Cons.,8,(1000 MT),45.0
2222000,"Oilseed, Soybean",ZA,Zambia,2025,2026,3,57,Imports,8,(1000 MT),1.0
2222000,"Oilseed, Soybean",ZA,Zambia,2025,2026,3,28,Production,8,(1000 MT),770.0
2222000,"Oilseed, Soybean",ZA,Zambia,2025,2026,3,178,Total Distribution,8,(1000 MT),796.0
2222000,"Oilseed, Soybean",ZA,Zambia,2025,2026,3,86,Total Supply,8,(1000 MT),796.0
2222000,"Oilseed, Soybean",ZA,Zambia,2025,2026,3,184,Yield,26,(MT/HA),1.31
2222000,"Oilseed, Soybean",RH,Zimbabwe,2022,2025,5,4,Area Harvested,4,(1000 HA),60.0
2222000,"Oilseed, Soybean",RH,Zimbabwe,2022,2025,5,20,Beginning Stocks,8,(1000 MT),12.0
2222000,"Oilseed, Soybean",RH,Zimbabwe,2022,2025,5,7,Crush,8,(1000 MT),90.0
2222000,"Oilseed, Soybean",RH,Zimbabwe,2022,2025,5,125,Domestic Consumption,8,(1000 MT),92.0
2222000,"Oilseed, Soybean",RH,Zimbabwe,2022,2025,5,176,Ending Stocks,8,(1000 MT),18.0
2222000,"Oilseed, Soybean",RH,Zimbabwe,2022,2025,5,88,Exports,8,(1000 MT),0.0
2222000,"Oilseed, Soybean",RH,Zimbabwe,2022,2025,5,161,Feed Waste Dom. Cons.,8,(1000 MT),1.0
2222000,"Oilseed, Soybean",RH,Zimbabwe,2022,2025,5,149,Food Use Dom. Cons.,8,(1000 MT),1.0
2222000,"Oilseed, Soybean",RH,Zimbabwe,2022,2025,5,57,Imports,8,(1000 MT),27.0
2222000,"Oilseed, Soybean",RH,Zimbabwe,2022,2025,5,28,Production,8,(1000 MT),71.0
2222000,"Oilseed, Soybean",RH,Zimbabwe,2022,2025,5,178,Total Distribution,8,(1000 MT),110.0
2222000,"Oilseed, Soybean",RH,Zimbabwe,2022,2025,5,86,Total Supply,8,(1000 MT),110.0
2222000,"Oilseed, Soybean",RH,Zimbabwe,2022,2025,5,184,Yield,26,(MT/HA),1.18
2222000,"Oilseed, Soybean",RH,Zimbabwe,2023,2025,5,4,Area Harvested,4,(1000 HA),38.0
2222000,"Oilseed, Soybean",RH,Zimbabwe,2023,2025,5,20,Beginning Stocks,8,(1000 MT),18.0
2222000,"Oilseed, Soybean",RH,Zimbabwe,2023,2025,5,7,Crush,8,(1000 MT),150.0
2222000,"Oilseed, Soybean",RH,Zimbabwe,2023,2025,5,125,Domestic Consumption,8,(1000 MT),154.0
2222000,"Oilseed, Soybean",RH,Zimbabwe,2023,2025,5,176,Ending Stocks,8,(1000 MT),31.0
2222000,"Oilseed, Soybean",RH,Zimbabwe,2023,2025,5,88,Exports,8,(1000 MT),0.0
2222000,"Oilseed, Soybean",RH,Zimbabwe,2023,2025,5,161,Feed Waste Dom. Cons.,8,(1000 MT),2.0
2222000,"Oilseed, Soybean",RH,Zimbabwe,2023,2025,5,149,Food Use Dom. Cons.,8,(1000 MT),2.0
2222000,"Oilseed, Soybean",RH,Zimbabwe,2023,2025,5,57,Imports,8,(1000 MT),98.0
2222000,"Oilseed, Soybean",RH,Zimbabwe,2023,2025,5,28,Production,8,(1000 MT),69.0
2222000,"Oilseed, Soybean",RH,Zimbabwe,2023,2025,5,178,Total Distribution,8,(1000 MT),185.0
2222000,"Oilseed, Soybean",RH,Zimbabwe,2023,2025,5,86,Total Supply,8,(1000 MT),185.0
2222000,"Oilseed, Soybean",RH,Zimbabwe,2023,2025,5,184,Yield,26,(MT/HA),1.82
2222000,"Oilseed, Soybean",RH,Zimbabwe,2024,2025,5,4,Area Harvested,4,(1000 HA),40.0
2222000,"Oilseed, Soybean",RH,Zimbabwe,2024,2025,5,20,Beginning Stocks,8,(1000 MT),31.0
2222000,"Oilseed, Soybean",RH,Zimbabwe,2024,2025,5,7,Crush,8,(1000 MT),160.0
2222000,"Oilseed, Soybean",RH,Zimbabwe,2024,2025,5,125,Domestic Consumption,8,(1000 MT),166.0
2222000,"Oilseed, Soybean",RH,Zimbabwe,2024,2025,5,176,Ending Stocks,8,(1000 MT),25.0
2222000,"Oilseed, Soybean",RH,Zimbabwe,2024,2025,5,88,Exports,8,(1000 MT),0.0
2222000,"Oilseed, Soybean",RH,Zimbabwe,2024,2025,5,161,Feed Waste Dom. Cons.,8,(1000 MT),3.0
2222000,"Oilseed, Soybean",RH,Zimbabwe,2024,2025,5,149,Food Use Dom. Cons.,8,(1000 MT),3.0
2222000,"Oilseed, Soybean",RH,Zimbabwe,2024,2025,5,57,Imports,8,(1000 MT),100.0
2222000,"Oilseed, Soybean",RH,Zimbabwe,2024,2025,5,28,Production,8,(1000 MT),60.0
2222000,"Oilseed, Soybean",RH,Zimbabwe,2024,2025,5,178,Total Distribution,8,(1000 MT),191.0
2222000,"Oilseed, Soybean",RH,Zimbabwe,2024,2025,5,86,Total Supply,8,(1000 MT),191.0
2222000,"Oilseed, Soybean",RH,Zimbabwe,2024,2025,5,184,Yield,26,(MT/HA),1.5
2222000,"Oilseed, Soybean",RH,Zimbabwe,2025,2026,3,4,Area Harvested,4,(1000 HA),40.0
2222000,"Oilseed, Soybean",RH,Zimbabwe,2025,2026,3,20,Beginning Stocks,8,(1000 MT),25.0
2222000,"Oilseed, Soybean",RH,Zimbabwe,2025,2026,3,7,Crush,8,(1000 MT),160.0
2222000,"Oilseed, Soybean",RH,Zimbabwe,2025,2026,3,125,Domestic Consumption,8,(1000 MT),166.0
2222000,"Oilseed, Soybean",RH,Zimbabwe,2025,2026,3,176,Ending Stocks,8,(1000 MT),19.0
2222000,"Oilseed, Soybean",RH,Zimbabwe,2025,2026,3,88,Exports,8,(1000 MT),0.0
2222000,"Oilseed, Soybean",RH,Zimbabwe,2025,2026,3,161,Feed Waste Dom. Cons.,8,(1000 MT),3.0
2222000,"Oilseed, Soybean",RH,Zimbabwe,2025,2026,3,149,Food Use Dom. Cons.,8,(1000 MT),3.0
2222000,"Oilseed, Soybean",RH,Zimbabwe,2025,2026,3,57,Imports,8,(1000 MT),100.0
2222000,"Oilseed, Soybean",RH,Zimbabwe,2025,2026,3,28,Production,8,(1000 MT),60.0
2222000,"Oilseed, Soybean",RH,Zimbabwe,2025,2026,3,178,Total Distribution,8,(1000 MT),185.0
2222000,"Oilseed, Soybean",RH,Zimbabwe,2025,2026,3,86,Total Supply,8,(1000 MT),185.0
2222000,"Oilseed, Soybean",RH,Zimbabwe,2025,2026,3,184,Yield,26,(MT/HA),1.5
2224000,"Oilseed, Sunflowerseed",AR,Argentina,2022,2025,4,4,Area Harvested,4,(1000 HA),2453.0
2224000,"Oilseed, Sunflowerseed",AR,Argentina,2022,2025,4,20,Beginning Stocks,8,(1000 MT),711.0
2224000,"Oilseed, Sunflowerseed",AR,Argentina,2022,2025,4,7,Crush,8,(1000 MT),4003.0
2224000,"Oilseed, Sunflowerseed",AR,Argentina,2022,2025,4,125,Domestic Consumption,8,(1000 MT),4553.0
2224000,"Oilseed, Sunflowerseed",AR,Argentina,2022,2025,4,176,Ending Stocks,8,(1000 MT),1084.0
2224000,"Oilseed, Sunflowerseed",AR,Argentina,2022,2025,4,88,Exports,8,(1000 MT),94.0
2224000,"Oilseed, Sunflowerseed",AR,Argentina,2022,2025,4,161,Feed Waste Dom. Cons.,8,(1000 MT),550.0
2224000,"Oilseed, Sunflowerseed",AR,Argentina,2022,2025,4,149,Food Use Dom. Cons.,8,(1000 MT),0.0
2224000,"Oilseed, Sunflowerseed",AR,Argentina,2022,2025,4,57,Imports,8,(1000 MT),1.0
2224000,"Oilseed, Sunflowerseed",AR,Argentina,2022,2025,4,28,Production,8,(1000 MT),5019.0
2224000,"Oilseed, Sunflowerseed",AR,Argentina,2022,2025,4,178,Total Distribution,8,(1000 MT),5731.0
2224000,"Oilseed, Sunflowerseed",AR,Argentina,2022,2025,4,86,Total Supply,8,(1000 MT),5731.0
2224000,"Oilseed, Sunflowerseed",AR,Argentina,2022,2025,4,184,Yield,26,(MT/HA),2.05
2224000,"Oilseed, Sunflowerseed",AR,Argentina,2023,2025,5,4,Area Harvested,4,(1000 HA),1843.0
2224000,"Oilseed, Sunflowerseed",AR,Argentina,2023,2025,5,20,Beginning Stocks,8,(1000 MT),1084.0
2224000,"Oilseed, Sunflowerseed",AR,Argentina,2023,2025,5,7,Crush,8,(1000 MT),3762.0
2224000,"Oilseed, Sunflowerseed",AR,Argentina,2023,2025,5,125,Domestic Consumption,8,(1000 MT),4087.0
2224000,"Oilseed, Sunflowerseed",AR,Argentina,2023,2025,5,176,Ending Stocks,8,(1000 MT),820.0
2224000,"Oilseed, Sunflowerseed",AR,Argentina,2023,2025,5,88,Exports,8,(1000 MT),73.0
2224000,"Oilseed, Sunflowerseed",AR,Argentina,2023,2025,5,161,Feed Waste Dom. Cons.,8,(1000 MT),325.0
2224000,"Oilseed, Sunflowerseed",AR,Argentina,2023,2025,5,149,Food Use Dom. Cons.,8,(1000 MT),0.0
2224000,"Oilseed, Sunflowerseed",AR,Argentina,2023,2025,5,57,Imports,8,(1000 MT),1.0
2224000,"Oilseed, Sunflowerseed",AR,Argentina,2023,2025,5,28,Production,8,(1000 MT),3895.0
2224000,"Oilseed, Sunflowerseed",AR,Argentina,2023,2025,5,178,Total Distribution,8,(1000 MT),4980.0
2224000,"Oilseed, Sunflowerseed",AR,Argentina,2023,2025,5,86,Total Supply,8,(1000 MT),4980.0
2224000,"Oilseed, Sunflowerseed",AR,Argentina,2023,2025,5,184,Yield,26,(MT/HA),2.11
2224000,"Oilseed, Sunflowerseed",AR,Argentina,2024,2026,3,4,Area Harvested,4,(1000 HA),2397.0
2224000,"Oilseed, Sunflowerseed",AR,Argentina,2024,2026,3,20,Beginning Stocks,8,(1000 MT),820.0
2224000,"Oilseed, Sunflowerseed",AR,Argentina,2024,2026,3,7,Crush,8,(1000 MT),4850.0
2224000,"Oilseed, Sunflowerseed",AR,Argentina,2024,2026,3,125,Domestic Consumption,8,(1000 MT),5250.0
2224000,"Oilseed, Sunflowerseed",AR,Argentina,2024,2026,3,176,Ending Stocks,8,(1000 MT),688.0
2224000,"Oilseed, Sunflowerseed",AR,Argentina,2024,2026,3,88,Exports,8,(1000 MT),475.0
2224000,"Oilseed, Sunflowerseed",AR,Argentina,2024,2026,3,161,Feed Waste Dom. Cons.,8,(1000 MT),400.0
2224000,"Oilseed, Sunflowerseed",AR,Argentina,2024,2026,3,149,Food Use Dom. Cons.,8,(1000 MT),0.0
2224000,"Oilseed, Sunflowerseed",AR,Argentina,2024,2026,3,57,Imports,8,(1000 MT),1.0
2224000,"Oilseed, Sunflowerseed",AR,Argentina,2024,2026,3,28,Production,8,(1000 MT),5592.0
2224000,"Oilseed, Sunflowerseed",AR,Argentina,2024,2026,3,178,Total Distribution,8,(1000 MT),6413.0
2224000,"Oilseed, Sunflowerseed",AR,Argentina,2024,2026,3,86,Total Supply,8,(1000 MT),6413.0
2224000,"Oilseed, Sunflowerseed",AR,Argentina,2024,2026,3,184,Yield,26,(MT/HA),2.33
2224000,"Oilseed, Sunflowerseed",AR,Argentina,2025,2026,3,4,Area Harvested,4,(1000 HA),3000.0
2224000,"Oilseed, Sunflowerseed",AR,Argentina,2025,2026,3,20,Beginning Stocks,8,(1000 MT),688.0
2224000,"Oilseed, Sunflowerseed",AR,Argentina,2025,2026,3,7,Crush,8,(1000 MT),5500.0
2224000,"Oilseed, Sunflowerseed",AR,Argentina,2025,2026,3,125,Domestic Consumption,8,(1000 MT),6075.0
2224000,"Oilseed, Sunflowerseed",AR,Argentina,2025,2026,3,176,Ending Stocks,8,(1000 MT),1014.0
2224000,"Oilseed, Sunflowerseed",AR,Argentina,2025,2026,3,88,Exports,8,(1000 MT),600.0
2224000,"Oilseed, Sunflowerseed",AR,Argentina,2025,2026,3,161,Feed Waste Dom. Cons.,8,(1000 MT),575.0
2224000,"Oilseed, Sunflowerseed",AR,Argentina,2025,2026,3,149,Food Use Dom. Cons.,8,(1000 MT),0.0
2224000,"Oilseed, Sunflowerseed",AR,Argentina,2025,2026,3,57,Imports,8,(1000 MT),1.0
2224000,"Oilseed, Sunflowerseed",AR,Argentina,2025,2026,3,28,Production,8,(1000 MT),7000.0
2224000,"Oilseed, Sunflowerseed",AR,Argentina,2025,2026,3,178,Total Distribution,8,(1000 MT),7689.0
2224000,"Oilseed, Sunflowerseed",AR,Argentina,2025,2026,3,86,Total Supply,8,(1000 MT),7689.0
2224000,"Oilseed, Sunflowerseed",AR,Argentina,2025,2026,3,184,Yield,26,(MT/HA),2.33
2224000,"Oilseed, Sunflowerseed",AS,Australia,2022,2025,4,4,Area Harvested,4,(1000 HA),25.0
2224000,"Oilseed, Sunflowerseed",AS,Australia,2022,2025,4,20,Beginning Stocks,8,(1000 MT),0.0
2224000,"Oilseed, Sunflowerseed",AS,Australia,2022,2025,4,7,Crush,8,(1000 MT),35.0
2224000,"Oilseed, Sunflowerseed",AS,Australia,2022,2025,4,125,Domestic Consumption,8,(1000 MT),42.0
2224000,"Oilseed, Sunflowerseed",AS,Australia,2022,2025,4,176,Ending Stocks,8,(1000 MT),0.0
2224000,"Oilseed, Sunflowerseed",AS,Australia,2022,2025,4,88,Exports,8,(1000 MT),0.0
2224000,"Oilseed, Sunflowerseed",AS,Australia,2022,2025,4,161,Feed Waste Dom. Cons.,8,(1000 MT),7.0
2224000,"Oilseed, Sunflowerseed",AS,Australia,2022,2025,4,149,Food Use Dom. Cons.,8,(1000 MT),0.0
2224000,"Oilseed, Sunflowerseed",AS,Australia,2022,2025,4,57,Imports,8,(1000 MT),5.0
2224000,"Oilseed, Sunflowerseed",AS,Australia,2022,2025,4,28,Production,8,(1000 MT),37.0
2224000,"Oilseed, Sunflowerseed",AS,Australia,2022,2025,4,178,Total Distribution,8,(1000 MT),42.0
2224000,"Oilseed, Sunflowerseed",AS,Australia,2022,2025,4,86,Total Supply,8,(1000 MT),42.0
2224000,"Oilseed, Sunflowerseed",AS,Australia,2022,2025,4,184,Yield,26,(MT/HA),1.48
2224000,"Oilseed, Sunflowerseed",AS,Australia,2023,2025,6,4,Area Harvested,4,(1000 HA),21.0
2224000,"Oilseed, Sunflowerseed",AS,Australia,2023,2025,6,20,Beginning Stocks,8,(1000 MT),0.0
2224000,"Oilseed, Sunflowerseed",AS,Australia,2023,2025,6,7,Crush,8,(1000 MT),30.0
2224000,"Oilseed, Sunflowerseed",AS,Australia,2023,2025,6,125,Domestic Consumption,8,(1000 MT),37.0
2224000,"Oilseed, Sunflowerseed",AS,Australia,2023,2025,6,176,Ending Stocks,8,(1000 MT),0.0
2224000,"Oilseed, Sunflowerseed",AS,Australia,2023,2025,6,88,Exports,8,(1000 MT),0.0
2224000,"Oilseed, Sunflowerseed",AS,Australia,2023,2025,6,161,Feed Waste Dom. Cons.,8,(1000 MT),7.0
2224000,"Oilseed, Sunflowerseed",AS,Australia,2023,2025,6,149,Food Use Dom. Cons.,8,(1000 MT),0.0
2224000,"Oilseed, Sunflowerseed",AS,Australia,2023,2025,6,57,Imports,8,(1000 MT),5.0
2224000,"Oilseed, Sunflowerseed",AS,Australia,2023,2025,6,28,Production,8,(1000 MT),32.0
2224000,"Oilseed, Sunflowerseed",AS,Australia,2023,2025,6,178,Total Distribution,8,(1000 MT),37.0
2224000,"Oilseed, Sunflowerseed",AS,Australia,2023,2025,6,86,Total Supply,8,(1000 MT),37.0
2224000,"Oilseed, Sunflowerseed",AS,Australia,2023,2025,6,184,Yield,26,(MT/HA),1.52
2224000,"Oilseed, Sunflowerseed",AS,Australia,2024,2025,4,4,Area Harvested,4,(1000 HA),22.0
2224000,"Oilseed, Sunflowerseed",AS,Australia,2024,2025,4,20,Beginning Stocks,8,(1000 MT),0.0
2224000,"Oilseed, Sunflowerseed",AS,Australia,2024,2025,4,7,Crush,8,(1000 MT),30.0
2224000,"Oilseed, Sunflowerseed",AS,Australia,2024,2025,4,125,Domestic Consumption,8,(1000 MT),40.0
2224000,"Oilseed, Sunflowerseed",AS,Australia,2024,2025,4,176,Ending Stocks,8,(1000 MT),0.0
2224000,"Oilseed, Sunflowerseed",AS,Australia,2024,2025,4,88,Exports,8,(1000 MT),0.0
2224000,"Oilseed, Sunflowerseed",AS,Australia,2024,2025,4,161,Feed Waste Dom. Cons.,8,(1000 MT),10.0
2224000,"Oilseed, Sunflowerseed",AS,Australia,2024,2025,4,149,Food Use Dom. Cons.,8,(1000 MT),0.0
2224000,"Oilseed, Sunflowerseed",AS,Australia,2024,2025,4,57,Imports,8,(1000 MT),5.0
2224000,"Oilseed, Sunflowerseed",AS,Australia,2024,2025,4,28,Production,8,(1000 MT),35.0
2224000,"Oilseed, Sunflowerseed",AS,Australia,2024,2025,4,178,Total Distribution,8,(1000 MT),40.0
2224000,"Oilseed, Sunflowerseed",AS,Australia,2024,2025,4,86,Total Supply,8,(1000 MT),40.0
2224000,"Oilseed, Sunflowerseed",AS,Australia,2024,2025,4,184,Yield,26,(MT/HA),1.59
2224000,"Oilseed, Sunflowerseed",AS,Australia,2025,2026,3,4,Area Harvested,4,(1000 HA),22.0
2224000,"Oilseed, Sunflowerseed",AS,Australia,2025,2026,3,20,Beginning Stocks,8,(1000 MT),0.0
2224000,"Oilseed, Sunflowerseed",AS,Australia,2025,2026,3,7,Crush,8,(1000 MT),30.0
2224000,"Oilseed, Sunflowerseed",AS,Australia,2025,2026,3,125,Domestic Consumption,8,(1000 MT),38.0
2224000,"Oilseed, Sunflowerseed",AS,Australia,2025,2026,3,176,Ending Stocks,8,(1000 MT),0.0
2224000,"Oilseed, Sunflowerseed",AS,Australia,2025,2026,3,88,Exports,8,(1000 MT),0.0
2224000,"Oilseed, Sunflowerseed",AS,Australia,2025,2026,3,161,Feed Waste Dom. Cons.,8,(1000 MT),8.0
2224000,"Oilseed, Sunflowerseed",AS,Australia,2025,2026,3,149,Food Use Dom. Cons.,8,(1000 MT),0.0
2224000,"Oilseed, Sunflowerseed",AS,Australia,2025,2026,3,57,Imports,8,(1000 MT),5.0
2224000,"Oilseed, Sunflowerseed",AS,Australia,2025,2026,3,28,Production,8,(1000 MT),33.0
2224000,"Oilseed, Sunflowerseed",AS,Australia,2025,2026,3,178,Total Distribution,8,(1000 MT),38.0
2224000,"Oilseed, Sunflowerseed",AS,Australia,2025,2026,3,86,Total Supply,8,(1000 MT),38.0
2224000,"Oilseed, Sunflowerseed",AS,Australia,2025,2026,3,184,Yield,26,(MT/HA),1.5
2224000,"Oilseed, Sunflowerseed",BO,Belarus,2022,2023,4,4,Area Harvested,4,(1000 HA),0.0
2224000,"Oilseed, Sunflowerseed",BO,Belarus,2022,2023,4,20,Beginning Stocks,8,(1000 MT),0.0
2224000,"Oilseed, Sunflowerseed",BO,Belarus,2022,2023,4,7,Crush,8,(1000 MT),135.0
2224000,"Oilseed, Sunflowerseed",BO,Belarus,2022,2023,4,125,Domestic Consumption,8,(1000 MT),135.0
2224000,"Oilseed, Sunflowerseed",BO,Belarus,2022,2023,4,176,Ending Stocks,8,(1000 MT),0.0
2224000,"Oilseed, Sunflowerseed",BO,Belarus,2022,2023,4,88,Exports,8,(1000 MT),0.0
2224000,"Oilseed, Sunflowerseed",BO,Belarus,2022,2023,4,161,Feed Waste Dom. Cons.,8,(1000 MT),0.0
2224000,"Oilseed, Sunflowerseed",BO,Belarus,2022,2023,4,149,Food Use Dom. Cons.,8,(1000 MT),0.0
2224000,"Oilseed, Sunflowerseed",BO,Belarus,2022,2023,4,57,Imports,8,(1000 MT),135.0
2224000,"Oilseed, Sunflowerseed",BO,Belarus,2022,2023,4,28,Production,8,(1000 MT),0.0
2224000,"Oilseed, Sunflowerseed",BO,Belarus,2022,2023,4,178,Total Distribution,8,(1000 MT),135.0
2224000,"Oilseed, Sunflowerseed",BO,Belarus,2022,2023,4,86,Total Supply,8,(1000 MT),135.0
2224000,"Oilseed, Sunflowerseed",BO,Belarus,2022,2023,4,184,Yield,26,(MT/HA),0.0
2224000,"Oilseed, Sunflowerseed",BO,Belarus,2023,2024,4,4,Area Harvested,4,(1000 HA),0.0
2224000,"Oilseed, Sunflowerseed",BO,Belarus,2023,2024,4,20,Beginning Stocks,8,(1000 MT),0.0
2224000,"Oilseed, Sunflowerseed",BO,Belarus,2023,2024,4,7,Crush,8,(1000 MT),140.0
2224000,"Oilseed, Sunflowerseed",BO,Belarus,2023,2024,4,125,Domestic Consumption,8,(1000 MT),140.0
2224000,"Oilseed, Sunflowerseed",BO,Belarus,2023,2024,4,176,Ending Stocks,8,(1000 MT),0.0
2224000,"Oilseed, Sunflowerseed",BO,Belarus,2023,2024,4,88,Exports,8,(1000 MT),0.0
2224000,"Oilseed, Sunflowerseed",BO,Belarus,2023,2024,4,161,Feed Waste Dom. Cons.,8,(1000 MT),0.0
2224000,"Oilseed, Sunflowerseed",BO,Belarus,2023,2024,4,149,Food Use Dom. Cons.,8,(1000 MT),0.0
2224000,"Oilseed, Sunflowerseed",BO,Belarus,2023,2024,4,57,Imports,8,(1000 MT),140.0
2224000,"Oilseed, Sunflowerseed",BO,Belarus,2023,2024,4,28,Production,8,(1000 MT),0.0
2224000,"Oilseed, Sunflowerseed",BO,Belarus,2023,2024,4,178,Total Distribution,8,(1000 MT),140.0
2224000,"Oilseed, Sunflowerseed",BO,Belarus,2023,2024,4,86,Total Supply,8,(1000 MT),140.0
2224000,"Oilseed, Sunflowerseed",BO,Belarus,2023,2024,4,184,Yield,26,(MT/HA),0.0
2224000,"Oilseed, Sunflowerseed",BO,Belarus,2024,2025,4,4,Area Harvested,4,(1000 HA),0.0
2224000,"Oilseed, Sunflowerseed",BO,Belarus,2024,2025,4,20,Beginning Stocks,8,(1000 MT),0.0
2224000,"Oilseed, Sunflowerseed",BO,Belarus,2024,2025,4,7,Crush,8,(1000 MT),150.0
2224000,"Oilseed, Sunflowerseed",BO,Belarus,2024,2025,4,125,Domestic Consumption,8,(1000 MT),150.0
2224000,"Oilseed, Sunflowerseed",BO,Belarus,2024,2025,4,176,Ending Stocks,8,(1000 MT),0.0
2224000,"Oilseed, Sunflowerseed",BO,Belarus,2024,2025,4,88,Exports,8,(1000 MT),0.0
2224000,"Oilseed, Sunflowerseed",BO,Belarus,2024,2025,4,161,Feed Waste Dom. Cons.,8,(1000 MT),0.0
2224000,"Oilseed, Sunflowerseed",BO,Belarus,2024,2025,4,149,Food Use Dom. Cons.,8,(1000 MT),0.0
2224000,"Oilseed, Sunflowerseed",BO,Belarus,2024,2025,4,57,Imports,8,(1000 MT),150.0
2224000,"Oilseed, Sunflowerseed",BO,Belarus,2024,2025,4,28,Production,8,(1000 MT),0.0
2224000,"Oilseed, Sunflowerseed",BO,Belarus,2024,2025,4,178,Total Distribution,8,(1000 MT),150.0
2224000,"Oilseed, Sunflowerseed",BO,Belarus,2024,2025,4,86,Total Supply,8,(1000 MT),150.0
2224000,"Oilseed, Sunflowerseed",BO,Belarus,2024,2025,4,184,Yield,26,(MT/HA),0.0
2224000,"Oilseed, Sunflowerseed",BO,Belarus,2025,2026,3,4,Area Harvested,4,(1000 HA),0.0
2224000,"Oilseed, Sunflowerseed",BO,Belarus,2025,2026,3,20,Beginning Stocks,8,(1000 MT),0.0
2224000,"Oilseed, Sunflowerseed",BO,Belarus,2025,2026,3,7,Crush,8,(1000 MT),150.0
2224000,"Oilseed, Sunflowerseed",BO,Belarus,2025,2026,3,125,Domestic Consumption,8,(1000 MT),150.0
2224000,"Oilseed, Sunflowerseed",BO,Belarus,2025,2026,3,176,Ending Stocks,8,(1000 MT),0.0
2224000,"Oilseed, Sunflowerseed",BO,Belarus,2025,2026,3,88,Exports,8,(1000 MT),0.0
2224000,"Oilseed, Sunflowerseed",BO,Belarus,2025,2026,3,161,Feed Waste Dom. Cons.,8,(1000 MT),0.0
2224000,"Oilseed, Sunflowerseed",BO,Belarus,2025,2026,3,149,Food Use Dom. Cons.,8,(1000 MT),0.0
2224000,"Oilseed, Sunflowerseed",BO,Belarus,2025,2026,3,57,Imports,8,(1000 MT),150.0
2224000,"Oilseed, Sunflowerseed",BO,Belarus,2025,2026,3,28,Production,8,(1000 MT),0.0
2224000,"Oilseed, Sunflowerseed",BO,Belarus,2025,2026,3,178,Total Distribution,8,(1000 MT),150.0
2224000,"Oilseed, Sunflowerseed",BO,Belarus,2025,2026,3,86,Total Supply,8,(1000 MT),150.0
2224000,"Oilseed, Sunflowerseed",BO,Belarus,2025,2026,3,184,Yield,26,(MT/HA),0.0
2224000,"Oilseed, Sunflowerseed",BL,Bolivia,2022,2025,5,4,Area Harvested,4,(1000 HA),230.0
2224000,"Oilseed, Sunflowerseed",BL,Bolivia,2022,2025,5,20,Beginning Stocks,8,(1000 MT),9.0
2224000,"Oilseed, Sunflowerseed",BL,Bolivia,2022,2025,5,7,Crush,8,(1000 MT),320.0
2224000,"Oilseed, Sunflowerseed",BL,Bolivia,2022,2025,5,125,Domestic Consumption,8,(1000 MT),325.0
2224000,"Oilseed, Sunflowerseed",BL,Bolivia,2022,2025,5,176,Ending Stocks,8,(1000 MT),7.0
2224000,"Oilseed, Sunflowerseed",BL,Bolivia,2022,2025,5,88,Exports,8,(1000 MT),0.0
2224000,"Oilseed, Sunflowerseed",BL,Bolivia,2022,2025,5,161,Feed Waste Dom. Cons.,8,(1000 MT),5.0
2224000,"Oilseed, Sunflowerseed",BL,Bolivia,2022,2025,5,149,Food Use Dom. Cons.,8,(1000 MT),0.0
2224000,"Oilseed, Sunflowerseed",BL,Bolivia,2022,2025,5,57,Imports,8,(1000 MT),3.0
2224000,"Oilseed, Sunflowerseed",BL,Bolivia,2022,2025,5,28,Production,8,(1000 MT),320.0
2224000,"Oilseed, Sunflowerseed",BL,Bolivia,2022,2025,5,178,Total Distribution,8,(1000 MT),332.0
2224000,"Oilseed, Sunflowerseed",BL,Bolivia,2022,2025,5,86,Total Supply,8,(1000 MT),332.0
2224000,"Oilseed, Sunflowerseed",BL,Bolivia,2022,2025,5,184,Yield,26,(MT/HA),1.39
2224000,"Oilseed, Sunflowerseed",BL,Bolivia,2023,2025,9,4,Area Harvested,4,(1000 HA),215.0
2224000,"Oilseed, Sunflowerseed",BL,Bolivia,2023,2025,9,20,Beginning Stocks,8,(1000 MT),7.0
2224000,"Oilseed, Sunflowerseed",BL,Bolivia,2023,2025,9,7,Crush,8,(1000 MT),285.0
2224000,"Oilseed, Sunflowerseed",BL,Bolivia,2023,2025,9,125,Domestic Consumption,8,(1000 MT),293.0
2224000,"Oilseed, Sunflowerseed",BL,Bolivia,2023,2025,9,176,Ending Stocks,8,(1000 MT),15.0
2224000,"Oilseed, Sunflowerseed",BL,Bolivia,2023,2025,9,88,Exports,8,(1000 MT),0.0
2224000,"Oilseed, Sunflowerseed",BL,Bolivia,2023,2025,9,161,Feed Waste Dom. Cons.,8,(1000 MT),8.0
2224000,"Oilseed, Sunflowerseed",BL,Bolivia,2023,2025,9,149,Food Use Dom. Cons.,8,(1000 MT),0.0
2224000,"Oilseed, Sunflowerseed",BL,Bolivia,2023,2025,9,57,Imports,8,(1000 MT),1.0
2224000,"Oilseed, Sunflowerseed",BL,Bolivia,2023,2025,9,28,Production,8,(1000 MT),300.0
2224000,"Oilseed, Sunflowerseed",BL,Bolivia,2023,2025,9,178,Total Distribution,8,(1000 MT),308.0
2224000,"Oilseed, Sunflowerseed",BL,Bolivia,2023,2025,9,86,Total Supply,8,(1000 MT),308.0
2224000,"Oilseed, Sunflowerseed",BL,Bolivia,2023,2025,9,184,Yield,26,(MT/HA),1.4
2224000,"Oilseed, Sunflowerseed",BL,Bolivia,2024,2025,9,4,Area Harvested,4,(1000 HA),250.0
2224000,"Oilseed, Sunflowerseed",BL,Bolivia,2024,2025,9,20,Beginning Stocks,8,(1000 MT),15.0
2224000,"Oilseed, Sunflowerseed",BL,Bolivia,2024,2025,9,7,Crush,8,(1000 MT),330.0
2224000,"Oilseed, Sunflowerseed",BL,Bolivia,2024,2025,9,125,Domestic Consumption,8,(1000 MT),341.0
2224000,"Oilseed, Sunflowerseed",BL,Bolivia,2024,2025,9,176,Ending Stocks,8,(1000 MT),15.0
2224000,"Oilseed, Sunflowerseed",BL,Bolivia,2024,2025,9,88,Exports,8,(1000 MT),0.0
2224000,"Oilseed, Sunflowerseed",BL,Bolivia,2024,2025,9,161,Feed Waste Dom. Cons.,8,(1000 MT),11.0
2224000,"Oilseed, Sunflowerseed",BL,Bolivia,2024,2025,9,149,Food Use Dom. Cons.,8,(1000 MT),0.0
2224000,"Oilseed, Sunflowerseed",BL,Bolivia,2024,2025,9,57,Imports,8,(1000 MT),1.0
2224000,"Oilseed, Sunflowerseed",BL,Bolivia,2024,2025,9,28,Production,8,(1000 MT),340.0
2224000,"Oilseed, Sunflowerseed",BL,Bolivia,2024,2025,9,178,Total Distribution,8,(1000 MT),356.0
2224000,"Oilseed, Sunflowerseed",BL,Bolivia,2024,2025,9,86,Total Supply,8,(1000 MT),356.0
2224000,"Oilseed, Sunflowerseed",BL,Bolivia,2024,2025,9,184,Yield,26,(MT/HA),1.36
2224000,"Oilseed, Sunflowerseed",BL,Bolivia,2025,2026,3,4,Area Harvested,4,(1000 HA),250.0
2224000,"Oilseed, Sunflowerseed",BL,Bolivia,2025,2026,3,20,Beginning Stocks,8,(1000 MT),15.0
2224000,"Oilseed, Sunflowerseed",BL,Bolivia,2025,2026,3,7,Crush,8,(1000 MT),340.0
2224000,"Oilseed, Sunflowerseed",BL,Bolivia,2025,2026,3,125,Domestic Consumption,8,(1000 MT),351.0
2224000,"Oilseed, Sunflowerseed",BL,Bolivia,2025,2026,3,176,Ending Stocks,8,(1000 MT),15.0
2224000,"Oilseed, Sunflowerseed",BL,Bolivia,2025,2026,3,88,Exports,8,(1000 MT),0.0
2224000,"Oilseed, Sunflowerseed",BL,Bolivia,2025,2026,3,161,Feed Waste Dom. Cons.,8,(1000 MT),11.0
2224000,"Oilseed, Sunflowerseed",BL,Bolivia,2025,2026,3,149,Food Use Dom. Cons.,8,(1000 MT),0.0
2224000,"Oilseed, Sunflowerseed",BL,Bolivia,2025,2026,3,57,Imports,8,(1000 MT),1.0
2224000,"Oilseed, Sunflowerseed",BL,Bolivia,2025,2026,3,28,Production,8,(1000 MT),350.0
2224000,"Oilseed, Sunflowerseed",BL,Bolivia,2025,2026,3,178,Total Distribution,8,(1000 MT),366.0
2224000,"Oilseed, Sunflowerseed",BL,Bolivia,2025,2026,3,86,Total Supply,8,(1000 MT),366.0
2224000,"Oilseed, Sunflowerseed",BL,Bolivia,2025,2026,3,184,Yield,26,(MT/HA),1.4
2224000,"Oilseed, Sunflowerseed",BK,Bosnia and Herzegovina,2022,2025,4,4,Area Harvested,4,(1000 HA),1.0
2224000,"Oilseed, Sunflowerseed",BK,Bosnia and Herzegovina,2022,2025,4,20,Beginning Stocks,8,(1000 MT),4.0
2224000,"Oilseed, Sunflowerseed",BK,Bosnia and Herzegovina,2022,2025,4,7,Crush,8,(1000 MT),75.0
2224000,"Oilseed, Sunflowerseed",BK,Bosnia and Herzegovina,2022,2025,4,125,Domestic Consumption,8,(1000 MT),76.0
2224000,"Oilseed, Sunflowerseed",BK,Bosnia and Herzegovina,2022,2025,4,176,Ending Stocks,8,(1000 MT),3.0
2224000,"Oilseed, Sunflowerseed",BK,Bosnia and Herzegovina,2022,2025,4,88,Exports,8,(1000 MT),0.0
2224000,"Oilseed, Sunflowerseed",BK,Bosnia and Herzegovina,2022,2025,4,161,Feed Waste Dom. Cons.,8,(1000 MT),1.0
2224000,"Oilseed, Sunflowerseed",BK,Bosnia and Herzegovina,2022,2025,4,149,Food Use Dom. Cons.,8,(1000 MT),0.0
2224000,"Oilseed, Sunflowerseed",BK,Bosnia and Herzegovina,2022,2025,4,57,Imports,8,(1000 MT),74.0
2224000,"Oilseed, Sunflowerseed",BK,Bosnia and Herzegovina,2022,2025,4,28,Production,8,(1000 MT),1.0
2224000,"Oilseed, Sunflowerseed",BK,Bosnia and Herzegovina,2022,2025,4,178,Total Distribution,8,(1000 MT),79.0
2224000,"Oilseed, Sunflowerseed",BK,Bosnia and Herzegovina,2022,2025,4,86,Total Supply,8,(1000 MT),79.0
2224000,"Oilseed, Sunflowerseed",BK,Bosnia and Herzegovina,2022,2025,4,184,Yield,26,(MT/HA),1.0
2224000,"Oilseed, Sunflowerseed",BK,Bosnia and Herzegovina,2023,2025,4,4,Area Harvested,4,(1000 HA),1.0
2224000,"Oilseed, Sunflowerseed",BK,Bosnia and Herzegovina,2023,2025,4,20,Beginning Stocks,8,(1000 MT),3.0
2224000,"Oilseed, Sunflowerseed",BK,Bosnia and Herzegovina,2023,2025,4,7,Crush,8,(1000 MT),90.0
2224000,"Oilseed, Sunflowerseed",BK,Bosnia and Herzegovina,2023,2025,4,125,Domestic Consumption,8,(1000 MT),91.0
2224000,"Oilseed, Sunflowerseed",BK,Bosnia and Herzegovina,2023,2025,4,176,Ending Stocks,8,(1000 MT),8.0
2224000,"Oilseed, Sunflowerseed",BK,Bosnia and Herzegovina,2023,2025,4,88,Exports,8,(1000 MT),1.0
2224000,"Oilseed, Sunflowerseed",BK,Bosnia and Herzegovina,2023,2025,4,161,Feed Waste Dom. Cons.,8,(1000 MT),1.0
2224000,"Oilseed, Sunflowerseed",BK,Bosnia and Herzegovina,2023,2025,4,149,Food Use Dom. Cons.,8,(1000 MT),0.0
2224000,"Oilseed, Sunflowerseed",BK,Bosnia and Herzegovina,2023,2025,4,57,Imports,8,(1000 MT),96.0
2224000,"Oilseed, Sunflowerseed",BK,Bosnia and Herzegovina,2023,2025,4,28,Production,8,(1000 MT),1.0
2224000,"Oilseed, Sunflowerseed",BK,Bosnia and Herzegovina,2023,2025,4,178,Total Distribution,8,(1000 MT),100.0
2224000,"Oilseed, Sunflowerseed",BK,Bosnia and Herzegovina,2023,2025,4,86,Total Supply,8,(1000 MT),100.0
2224000,"Oilseed, Sunflowerseed",BK,Bosnia and Herzegovina,2023,2025,4,184,Yield,26,(MT/HA),1.0
2224000,"Oilseed, Sunflowerseed",BK,Bosnia and Herzegovina,2024,2025,8,4,Area Harvested,4,(1000 HA),1.0
2224000,"Oilseed, Sunflowerseed",BK,Bosnia and Herzegovina,2024,2025,8,20,Beginning Stocks,8,(1000 MT),8.0
2224000,"Oilseed, Sunflowerseed",BK,Bosnia and Herzegovina,2024,2025,8,7,Crush,8,(1000 MT),90.0
2224000,"Oilseed, Sunflowerseed",BK,Bosnia and Herzegovina,2024,2025,8,125,Domestic Consumption,8,(1000 MT),91.0
2224000,"Oilseed, Sunflowerseed",BK,Bosnia and Herzegovina,2024,2025,8,176,Ending Stocks,8,(1000 MT),7.0
2224000,"Oilseed, Sunflowerseed",BK,Bosnia and Herzegovina,2024,2025,8,88,Exports,8,(1000 MT),1.0
2224000,"Oilseed, Sunflowerseed",BK,Bosnia and Herzegovina,2024,2025,8,161,Feed Waste Dom. Cons.,8,(1000 MT),1.0
2224000,"Oilseed, Sunflowerseed",BK,Bosnia and Herzegovina,2024,2025,8,149,Food Use Dom. Cons.,8,(1000 MT),0.0
2224000,"Oilseed, Sunflowerseed",BK,Bosnia and Herzegovina,2024,2025,8,57,Imports,8,(1000 MT),90.0
2224000,"Oilseed, Sunflowerseed",BK,Bosnia and Herzegovina,2024,2025,8,28,Production,8,(1000 MT),1.0
2224000,"Oilseed, Sunflowerseed",BK,Bosnia and Herzegovina,2024,2025,8,178,Total Distribution,8,(1000 MT),99.0
2224000,"Oilseed, Sunflowerseed",BK,Bosnia and Herzegovina,2024,2025,8,86,Total Supply,8,(1000 MT),99.0
2224000,"Oilseed, Sunflowerseed",BK,Bosnia and Herzegovina,2024,2025,8,184,Yield,26,(MT/HA),1.0
2224000,"Oilseed, Sunflowerseed",BK,Bosnia and Herzegovina,2025,2026,3,4,Area Harvested,4,(1000 HA),1.0
2224000,"Oilseed, Sunflowerseed",BK,Bosnia and Herzegovina,2025,2026,3,20,Beginning Stocks,8,(1000 MT),7.0
2224000,"Oilseed, Sunflowerseed",BK,Bosnia and Herzegovina,2025,2026,3,7,Crush,8,(1000 MT),100.0
2224000,"Oilseed, Sunflowerseed",BK,Bosnia and Herzegovina,2025,2026,3,125,Domestic Consumption,8,(1000 MT),101.0
2224000,"Oilseed, Sunflowerseed",BK,Bosnia and Herzegovina,2025,2026,3,176,Ending Stocks,8,(1000 MT),6.0
2224000,"Oilseed, Sunflowerseed",BK,Bosnia and Herzegovina,2025,2026,3,88,Exports,8,(1000 MT),1.0
2224000,"Oilseed, Sunflowerseed",BK,Bosnia and Herzegovina,2025,2026,3,161,Feed Waste Dom. Cons.,8,(1000 MT),1.0
2224000,"Oilseed, Sunflowerseed",BK,Bosnia and Herzegovina,2025,2026,3,149,Food Use Dom. Cons.,8,(1000 MT),0.0
2224000,"Oilseed, Sunflowerseed",BK,Bosnia and Herzegovina,2025,2026,3,57,Imports,8,(1000 MT),100.0
2224000,"Oilseed, Sunflowerseed",BK,Bosnia and Herzegovina,2025,2026,3,28,Production,8,(1000 MT),1.0
2224000,"Oilseed, Sunflowerseed",BK,Bosnia and Herzegovina,2025,2026,3,178,Total Distribution,8,(1000 MT),108.0
2224000,"Oilseed, Sunflowerseed",BK,Bosnia and Herzegovina,2025,2026,3,86,Total Supply,8,(1000 MT),108.0
2224000,"Oilseed, Sunflowerseed",BK,Bosnia and Herzegovina,2025,2026,3,184,Yield,26,(MT/HA),1.0
2224000,"Oilseed, Sunflowerseed",BR,Brazil,2022,2025,4,4,Area Harvested,4,(1000 HA),56.0
2224000,"Oilseed, Sunflowerseed",BR,Brazil,2022,2025,4,20,Beginning Stocks,8,(1000 MT),0.0
2224000,"Oilseed, Sunflowerseed",BR,Brazil,2022,2025,4,7,Crush,8,(1000 MT),85.0
2224000,"Oilseed, Sunflowerseed",BR,Brazil,2022,2025,4,125,Domestic Consumption,8,(1000 MT),95.0
2224000,"Oilseed, Sunflowerseed",BR,Brazil,2022,2025,4,176,Ending Stocks,8,(1000 MT),0.0
2224000,"Oilseed, Sunflowerseed",BR,Brazil,2022,2025,4,88,Exports,8,(1000 MT),0.0
2224000,"Oilseed, Sunflowerseed",BR,Brazil,2022,2025,4,161,Feed Waste Dom. Cons.,8,(1000 MT),4.0
2224000,"Oilseed, Sunflowerseed",BR,Brazil,2022,2025,4,149,Food Use Dom. Cons.,8,(1000 MT),6.0
2224000,"Oilseed, Sunflowerseed",BR,Brazil,2022,2025,4,57,Imports,8,(1000 MT),10.0
2224000,"Oilseed, Sunflowerseed",BR,Brazil,2022,2025,4,28,Production,8,(1000 MT),85.0
2224000,"Oilseed, Sunflowerseed",BR,Brazil,2022,2025,4,178,Total Distribution,8,(1000 MT),95.0
2224000,"Oilseed, Sunflowerseed",BR,Brazil,2022,2025,4,86,Total Supply,8,(1000 MT),95.0
2224000,"Oilseed, Sunflowerseed",BR,Brazil,2022,2025,4,184,Yield,26,(MT/HA),1.52
2224000,"Oilseed, Sunflowerseed",BR,Brazil,2023,2025,4,4,Area Harvested,4,(1000 HA),60.0
2224000,"Oilseed, Sunflowerseed",BR,Brazil,2023,2025,4,20,Beginning Stocks,8,(1000 MT),0.0
2224000,"Oilseed, Sunflowerseed",BR,Brazil,2023,2025,4,7,Crush,8,(1000 MT),70.0
2224000,"Oilseed, Sunflowerseed",BR,Brazil,2023,2025,4,125,Domestic Consumption,8,(1000 MT),79.0
2224000,"Oilseed, Sunflowerseed",BR,Brazil,2023,2025,4,176,Ending Stocks,8,(1000 MT),0.0
2224000,"Oilseed, Sunflowerseed",BR,Brazil,2023,2025,4,88,Exports,8,(1000 MT),0.0
2224000,"Oilseed, Sunflowerseed",BR,Brazil,2023,2025,4,161,Feed Waste Dom. Cons.,8,(1000 MT),3.0
2224000,"Oilseed, Sunflowerseed",BR,Brazil,2023,2025,4,149,Food Use Dom. Cons.,8,(1000 MT),6.0
2224000,"Oilseed, Sunflowerseed",BR,Brazil,2023,2025,4,57,Imports,8,(1000 MT),8.0
2224000,"Oilseed, Sunflowerseed",BR,Brazil,2023,2025,4,28,Production,8,(1000 MT),71.0
2224000,"Oilseed, Sunflowerseed",BR,Brazil,2023,2025,4,178,Total Distribution,8,(1000 MT),79.0
2224000,"Oilseed, Sunflowerseed",BR,Brazil,2023,2025,4,86,Total Supply,8,(1000 MT),79.0
2224000,"Oilseed, Sunflowerseed",BR,Brazil,2023,2025,4,184,Yield,26,(MT/HA),1.18
2224000,"Oilseed, Sunflowerseed",BR,Brazil,2024,2025,11,4,Area Harvested,4,(1000 HA),62.0
2224000,"Oilseed, Sunflowerseed",BR,Brazil,2024,2025,11,20,Beginning Stocks,8,(1000 MT),0.0
2224000,"Oilseed, Sunflowerseed",BR,Brazil,2024,2025,11,7,Crush,8,(1000 MT),100.0
2224000,"Oilseed, Sunflowerseed",BR,Brazil,2024,2025,11,125,Domestic Consumption,8,(1000 MT),110.0
2224000,"Oilseed, Sunflowerseed",BR,Brazil,2024,2025,11,176,Ending Stocks,8,(1000 MT),0.0
2224000,"Oilseed, Sunflowerseed",BR,Brazil,2024,2025,11,88,Exports,8,(1000 MT),0.0
2224000,"Oilseed, Sunflowerseed",BR,Brazil,2024,2025,11,161,Feed Waste Dom. Cons.,8,(1000 MT),4.0
2224000,"Oilseed, Sunflowerseed",BR,Brazil,2024,2025,11,149,Food Use Dom. Cons.,8,(1000 MT),6.0
2224000,"Oilseed, Sunflowerseed",BR,Brazil,2024,2025,11,57,Imports,8,(1000 MT),10.0
2224000,"Oilseed, Sunflowerseed",BR,Brazil,2024,2025,11,28,Production,8,(1000 MT),100.0
2224000,"Oilseed, Sunflowerseed",BR,Brazil,2024,2025,11,178,Total Distribution,8,(1000 MT),110.0
2224000,"Oilseed, Sunflowerseed",BR,Brazil,2024,2025,11,86,Total Supply,8,(1000 MT),110.0
2224000,"Oilseed, Sunflowerseed",BR,Brazil,2024,2025,11,184,Yield,26,(MT/HA),1.61
2224000,"Oilseed, Sunflowerseed",BR,Brazil,2025,2026,3,4,Area Harvested,4,(1000 HA),65.0
2224000,"Oilseed, Sunflowerseed",BR,Brazil,2025,2026,3,20,Beginning Stocks,8,(1000 MT),0.0
2224000,"Oilseed, Sunflowerseed",BR,Brazil,2025,2026,3,7,Crush,8,(1000 MT),100.0
2224000,"Oilseed, Sunflowerseed",BR,Brazil,2025,2026,3,125,Domestic Consumption,8,(1000 MT),110.0
2224000,"Oilseed, Sunflowerseed",BR,Brazil,2025,2026,3,176,Ending Stocks,8,(1000 MT),0.0
2224000,"Oilseed, Sunflowerseed",BR,Brazil,2025,2026,3,88,Exports,8,(1000 MT),0.0
2224000,"Oilseed, Sunflowerseed",BR,Brazil,2025,2026,3,161,Feed Waste Dom. Cons.,8,(1000 MT),4.0
2224000,"Oilseed, Sunflowerseed",BR,Brazil,2025,2026,3,149,Food Use Dom. Cons.,8,(1000 MT),6.0
2224000,"Oilseed, Sunflowerseed",BR,Brazil,2025,2026,3,57,Imports,8,(1000 MT),10.0
2224000,"Oilseed, Sunflowerseed",BR,Brazil,2025,2026,3,28,Production,8,(1000 MT),100.0
2224000,"Oilseed, Sunflowerseed",BR,Brazil,2025,2026,3,178,Total Distribution,8,(1000 MT),110.0
2224000,"Oilseed, Sunflowerseed",BR,Brazil,2025,2026,3,86,Total Supply,8,(1000 MT),110.0
2224000,"Oilseed, Sunflowerseed",BR,Brazil,2025,2026,3,184,Yield,26,(MT/HA),1.54
2224000,"Oilseed, Sunflowerseed",BM,Burma,2022,2023,4,4,Area Harvested,4,(1000 HA),600.0
2224000,"Oilseed, Sunflowerseed",BM,Burma,2022,2023,4,20,Beginning Stocks,8,(1000 MT),3.0
2224000,"Oilseed, Sunflowerseed",BM,Burma,2022,2023,4,7,Crush,8,(1000 MT),320.0
2224000,"Oilseed, Sunflowerseed",BM,Burma,2022,2023,4,125,Domestic Consumption,8,(1000 MT),402.0
2224000,"Oilseed, Sunflowerseed",BM,Burma,2022,2023,4,176,Ending Stocks,8,(1000 MT),1.0
2224000,"Oilseed, Sunflowerseed",BM,Burma,2022,2023,4,88,Exports,8,(1000 MT),0.0
2224000,"Oilseed, Sunflowerseed",BM,Burma,2022,2023,4,161,Feed Waste Dom. Cons.,8,(1000 MT),10.0
2224000,"Oilseed, Sunflowerseed",BM,Burma,2022,2023,4,149,Food Use Dom. Cons.,8,(1000 MT),72.0
2224000,"Oilseed, Sunflowerseed",BM,Burma,2022,2023,4,57,Imports,8,(1000 MT),10.0
2224000,"Oilseed, Sunflowerseed",BM,Burma,2022,2023,4,28,Production,8,(1000 MT),390.0
2224000,"Oilseed, Sunflowerseed",BM,Burma,2022,2023,4,178,Total Distribution,8,(1000 MT),403.0
2224000,"Oilseed, Sunflowerseed",BM,Burma,2022,2023,4,86,Total Supply,8,(1000 MT),403.0
2224000,"Oilseed, Sunflowerseed",BM,Burma,2022,2023,4,184,Yield,26,(MT/HA),0.65
2224000,"Oilseed, Sunflowerseed",BM,Burma,2023,2024,4,4,Area Harvested,4,(1000 HA),600.0
2224000,"Oilseed, Sunflowerseed",BM,Burma,2023,2024,4,20,Beginning Stocks,8,(1000 MT),1.0
2224000,"Oilseed, Sunflowerseed",BM,Burma,2023,2024,4,7,Crush,8,(1000 MT),320.0
2224000,"Oilseed, Sunflowerseed",BM,Burma,2023,2024,4,125,Domestic Consumption,8,(1000 MT),400.0
2224000,"Oilseed, Sunflowerseed",BM,Burma,2023,2024,4,176,Ending Stocks,8,(1000 MT),1.0
2224000,"Oilseed, Sunflowerseed",BM,Burma,2023,2024,4,88,Exports,8,(1000 MT),0.0
2224000,"Oilseed, Sunflowerseed",BM,Burma,2023,2024,4,161,Feed Waste Dom. Cons.,8,(1000 MT),10.0
2224000,"Oilseed, Sunflowerseed",BM,Burma,2023,2024,4,149,Food Use Dom. Cons.,8,(1000 MT),70.0
2224000,"Oilseed, Sunflowerseed",BM,Burma,2023,2024,4,57,Imports,8,(1000 MT),10.0
2224000,"Oilseed, Sunflowerseed",BM,Burma,2023,2024,4,28,Production,8,(1000 MT),390.0
2224000,"Oilseed, Sunflowerseed",BM,Burma,2023,2024,4,178,Total Distribution,8,(1000 MT),401.0
2224000,"Oilseed, Sunflowerseed",BM,Burma,2023,2024,4,86,Total Supply,8,(1000 MT),401.0
2224000,"Oilseed, Sunflowerseed",BM,Burma,2023,2024,4,184,Yield,26,(MT/HA),0.65
2224000,"Oilseed, Sunflowerseed",BM,Burma,2024,2026,2,4,Area Harvested,4,(1000 HA),600.0
2224000,"Oilseed, Sunflowerseed",BM,Burma,2024,2026,2,20,Beginning Stocks,8,(1000 MT),1.0
2224000,"Oilseed, Sunflowerseed",BM,Burma,2024,2026,2,7,Crush,8,(1000 MT),320.0
2224000,"Oilseed, Sunflowerseed",BM,Burma,2024,2026,2,125,Domestic Consumption,8,(1000 MT),398.0
2224000,"Oilseed, Sunflowerseed",BM,Burma,2024,2026,2,176,Ending Stocks,8,(1000 MT),1.0
2224000,"Oilseed, Sunflowerseed",BM,Burma,2024,2026,2,88,Exports,8,(1000 MT),0.0
2224000,"Oilseed, Sunflowerseed",BM,Burma,2024,2026,2,161,Feed Waste Dom. Cons.,8,(1000 MT),8.0
2224000,"Oilseed, Sunflowerseed",BM,Burma,2024,2026,2,149,Food Use Dom. Cons.,8,(1000 MT),70.0
2224000,"Oilseed, Sunflowerseed",BM,Burma,2024,2026,2,57,Imports,8,(1000 MT),8.0
2224000,"Oilseed, Sunflowerseed",BM,Burma,2024,2026,2,28,Production,8,(1000 MT),390.0
2224000,"Oilseed, Sunflowerseed",BM,Burma,2024,2026,2,178,Total Distribution,8,(1000 MT),399.0
2224000,"Oilseed, Sunflowerseed",BM,Burma,2024,2026,2,86,Total Supply,8,(1000 MT),399.0
2224000,"Oilseed, Sunflowerseed",BM,Burma,2024,2026,2,184,Yield,26,(MT/HA),0.65
2224000,"Oilseed, Sunflowerseed",BM,Burma,2025,2026,3,4,Area Harvested,4,(1000 HA),600.0
2224000,"Oilseed, Sunflowerseed",BM,Burma,2025,2026,3,20,Beginning Stocks,8,(1000 MT),1.0
2224000,"Oilseed, Sunflowerseed",BM,Burma,2025,2026,3,7,Crush,8,(1000 MT),320.0
2224000,"Oilseed, Sunflowerseed",BM,Burma,2025,2026,3,125,Domestic Consumption,8,(1000 MT),400.0
2224000,"Oilseed, Sunflowerseed",BM,Burma,2025,2026,3,176,Ending Stocks,8,(1000 MT),1.0
2224000,"Oilseed, Sunflowerseed",BM,Burma,2025,2026,3,88,Exports,8,(1000 MT),0.0
2224000,"Oilseed, Sunflowerseed",BM,Burma,2025,2026,3,161,Feed Waste Dom. Cons.,8,(1000 MT),10.0
2224000,"Oilseed, Sunflowerseed",BM,Burma,2025,2026,3,149,Food Use Dom. Cons.,8,(1000 MT),70.0
2224000,"Oilseed, Sunflowerseed",BM,Burma,2025,2026,3,57,Imports,8,(1000 MT),10.0
2224000,"Oilseed, Sunflowerseed",BM,Burma,2025,2026,3,28,Production,8,(1000 MT),390.0
2224000,"Oilseed, Sunflowerseed",BM,Burma,2025,2026,3,178,Total Distribution,8,(1000 MT),401.0
2224000,"Oilseed, Sunflowerseed",BM,Burma,2025,2026,3,86,Total Supply,8,(1000 MT),401.0
2224000,"Oilseed, Sunflowerseed",BM,Burma,2025,2026,3,184,Yield,26,(MT/HA),0.65
2224000,"Oilseed, Sunflowerseed",CA,Canada,2022,2025,4,4,Area Harvested,4,(1000 HA),38.0
2224000,"Oilseed, Sunflowerseed",CA,Canada,2022,2025,4,20,Beginning Stocks,8,(1000 MT),38.0
2224000,"Oilseed, Sunflowerseed",CA,Canada,2022,2025,4,7,Crush,8,(1000 MT),0.0
2224000,"Oilseed, Sunflowerseed",CA,Canada,2022,2025,4,125,Domestic Consumption,8,(1000 MT),78.0
2224000,"Oilseed, Sunflowerseed",CA,Canada,2022,2025,4,176,Ending Stocks,8,(1000 MT),53.0
2224000,"Oilseed, Sunflowerseed",CA,Canada,2022,2025,4,88,Exports,8,(1000 MT),31.0
2224000,"Oilseed, Sunflowerseed",CA,Canada,2022,2025,4,161,Feed Waste Dom. Cons.,8,(1000 MT),68.0
2224000,"Oilseed, Sunflowerseed",CA,Canada,2022,2025,4,149,Food Use Dom. Cons.,8,(1000 MT),10.0
2224000,"Oilseed, Sunflowerseed",CA,Canada,2022,2025,4,57,Imports,8,(1000 MT),40.0
2224000,"Oilseed, Sunflowerseed",CA,Canada,2022,2025,4,28,Production,8,(1000 MT),84.0
2224000,"Oilseed, Sunflowerseed",CA,Canada,2022,2025,4,178,Total Distribution,8,(1000 MT),162.0
2224000,"Oilseed, Sunflowerseed",CA,Canada,2022,2025,4,86,Total Supply,8,(1000 MT),162.0
2224000,"Oilseed, Sunflowerseed",CA,Canada,2022,2025,4,184,Yield,26,(MT/HA),2.21
2224000,"Oilseed, Sunflowerseed",CA,Canada,2023,2025,4,4,Area Harvested,4,(1000 HA),40.0
2224000,"Oilseed, Sunflowerseed",CA,Canada,2023,2025,4,20,Beginning Stocks,8,(1000 MT),53.0
2224000,"Oilseed, Sunflowerseed",CA,Canada,2023,2025,4,7,Crush,8,(1000 MT),0.0
2224000,"Oilseed, Sunflowerseed",CA,Canada,2023,2025,4,125,Domestic Consumption,8,(1000 MT),90.0
2224000,"Oilseed, Sunflowerseed",CA,Canada,2023,2025,4,176,Ending Stocks,8,(1000 MT),47.0
2224000,"Oilseed, Sunflowerseed",CA,Canada,2023,2025,4,88,Exports,8,(1000 MT),35.0
2224000,"Oilseed, Sunflowerseed",CA,Canada,2023,2025,4,161,Feed Waste Dom. Cons.,8,(1000 MT),80.0
2224000,"Oilseed, Sunflowerseed",CA,Canada,2023,2025,4,149,Food Use Dom. Cons.,8,(1000 MT),10.0
2224000,"Oilseed, Sunflowerseed",CA,Canada,2023,2025,4,57,Imports,8,(1000 MT),27.0
2224000,"Oilseed, Sunflowerseed",CA,Canada,2023,2025,4,28,Production,8,(1000 MT),92.0
2224000,"Oilseed, Sunflowerseed",CA,Canada,2023,2025,4,178,Total Distribution,8,(1000 MT),172.0
2224000,"Oilseed, Sunflowerseed",CA,Canada,2023,2025,4,86,Total Supply,8,(1000 MT),172.0
2224000,"Oilseed, Sunflowerseed",CA,Canada,2023,2025,4,184,Yield,26,(MT/HA),2.3
2224000,"Oilseed, Sunflowerseed",CA,Canada,2024,2025,9,4,Area Harvested,4,(1000 HA),24.0
2224000,"Oilseed, Sunflowerseed",CA,Canada,2024,2025,9,20,Beginning Stocks,8,(1000 MT),47.0
2224000,"Oilseed, Sunflowerseed",CA,Canada,2024,2025,9,7,Crush,8,(1000 MT),0.0
2224000,"Oilseed, Sunflowerseed",CA,Canada,2024,2025,9,125,Domestic Consumption,8,(1000 MT),55.0
2224000,"Oilseed, Sunflowerseed",CA,Canada,2024,2025,9,176,Ending Stocks,8,(1000 MT),30.0
2224000,"Oilseed, Sunflowerseed",CA,Canada,2024,2025,9,88,Exports,8,(1000 MT),40.0
2224000,"Oilseed, Sunflowerseed",CA,Canada,2024,2025,9,161,Feed Waste Dom. Cons.,8,(1000 MT),45.0
2224000,"Oilseed, Sunflowerseed",CA,Canada,2024,2025,9,149,Food Use Dom. Cons.,8,(1000 MT),10.0
2224000,"Oilseed, Sunflowerseed",CA,Canada,2024,2025,9,57,Imports,8,(1000 MT),27.0
2224000,"Oilseed, Sunflowerseed",CA,Canada,2024,2025,9,28,Production,8,(1000 MT),51.0
2224000,"Oilseed, Sunflowerseed",CA,Canada,2024,2025,9,178,Total Distribution,8,(1000 MT),125.0
2224000,"Oilseed, Sunflowerseed",CA,Canada,2024,2025,9,86,Total Supply,8,(1000 MT),125.0
2224000,"Oilseed, Sunflowerseed",CA,Canada,2024,2025,9,184,Yield,26,(MT/HA),2.13
2224000,"Oilseed, Sunflowerseed",CA,Canada,2025,2026,3,4,Area Harvested,4,(1000 HA),29.0
2224000,"Oilseed, Sunflowerseed",CA,Canada,2025,2026,3,20,Beginning Stocks,8,(1000 MT),30.0
2224000,"Oilseed, Sunflowerseed",CA,Canada,2025,2026,3,7,Crush,8,(1000 MT),0.0
2224000,"Oilseed, Sunflowerseed",CA,Canada,2025,2026,3,125,Domestic Consumption,8,(1000 MT),50.0
2224000,"Oilseed, Sunflowerseed",CA,Canada,2025,2026,3,176,Ending Stocks,8,(1000 MT),29.0
2224000,"Oilseed, Sunflowerseed",CA,Canada,2025,2026,3,88,Exports,8,(1000 MT),40.0
2224000,"Oilseed, Sunflowerseed",CA,Canada,2025,2026,3,161,Feed Waste Dom. Cons.,8,(1000 MT),40.0
2224000,"Oilseed, Sunflowerseed",CA,Canada,2025,2026,3,149,Food Use Dom. Cons.,8,(1000 MT),10.0
2224000,"Oilseed, Sunflowerseed",CA,Canada,2025,2026,3,57,Imports,8,(1000 MT),20.0
2224000,"Oilseed, Sunflowerseed",CA,Canada,2025,2026,3,28,Production,8,(1000 MT),69.0
2224000,"Oilseed, Sunflowerseed",CA,Canada,2025,2026,3,178,Total Distribution,8,(1000 MT),119.0
2224000,"Oilseed, Sunflowerseed",CA,Canada,2025,2026,3,86,Total Supply,8,(1000 MT),119.0
2224000,"Oilseed, Sunflowerseed",CA,Canada,2025,2026,3,184,Yield,26,(MT/HA),2.38
2224000,"Oilseed, Sunflowerseed",CI,Chile,2022,2025,4,4,Area Harvested,4,(1000 HA),4.0
2224000,"Oilseed, Sunflowerseed",CI,Chile,2022,2025,4,20,Beginning Stocks,8,(1000 MT),3.0
2224000,"Oilseed, Sunflowerseed",CI,Chile,2022,2025,4,7,Crush,8,(1000 MT),6.0
2224000,"Oilseed, Sunflowerseed",CI,Chile,2022,2025,4,125,Domestic Consumption,8,(1000 MT),6.0
2224000,"Oilseed, Sunflowerseed",CI,Chile,2022,2025,4,176,Ending Stocks,8,(1000 MT),6.0
2224000,"Oilseed, Sunflowerseed",CI,Chile,2022,2025,4,88,Exports,8,(1000 MT),4.0
2224000,"Oilseed, Sunflowerseed",CI,Chile,2022,2025,4,161,Feed Waste Dom. Cons.,8,(1000 MT),0.0
2224000,"Oilseed, Sunflowerseed",CI,Chile,2022,2025,4,149,Food Use Dom. Cons.,8,(1000 MT),0.0
2224000,"Oilseed, Sunflowerseed",CI,Chile,2022,2025,4,57,Imports,8,(1000 MT),9.0
2224000,"Oilseed, Sunflowerseed",CI,Chile,2022,2025,4,28,Production,8,(1000 MT),4.0
2224000,"Oilseed, Sunflowerseed",CI,Chile,2022,2025,4,178,Total Distribution,8,(1000 MT),16.0
2224000,"Oilseed, Sunflowerseed",CI,Chile,2022,2025,4,86,Total Supply,8,(1000 MT),16.0
2224000,"Oilseed, Sunflowerseed",CI,Chile,2022,2025,4,184,Yield,26,(MT/HA),1.0
2224000,"Oilseed, Sunflowerseed",CI,Chile,2023,2025,7,4,Area Harvested,4,(1000 HA),3.0
2224000,"Oilseed, Sunflowerseed",CI,Chile,2023,2025,7,20,Beginning Stocks,8,(1000 MT),6.0
2224000,"Oilseed, Sunflowerseed",CI,Chile,2023,2025,7,7,Crush,8,(1000 MT),6.0
2224000,"Oilseed, Sunflowerseed",CI,Chile,2023,2025,7,125,Domestic Consumption,8,(1000 MT),6.0
2224000,"Oilseed, Sunflowerseed",CI,Chile,2023,2025,7,176,Ending Stocks,8,(1000 MT),7.0
2224000,"Oilseed, Sunflowerseed",CI,Chile,2023,2025,7,88,Exports,8,(1000 MT),2.0
2224000,"Oilseed, Sunflowerseed",CI,Chile,2023,2025,7,161,Feed Waste Dom. Cons.,8,(1000 MT),0.0
2224000,"Oilseed, Sunflowerseed",CI,Chile,2023,2025,7,149,Food Use Dom. Cons.,8,(1000 MT),0.0
2224000,"Oilseed, Sunflowerseed",CI,Chile,2023,2025,7,57,Imports,8,(1000 MT),5.0
2224000,"Oilseed, Sunflowerseed",CI,Chile,2023,2025,7,28,Production,8,(1000 MT),4.0
2224000,"Oilseed, Sunflowerseed",CI,Chile,2023,2025,7,178,Total Distribution,8,(1000 MT),15.0
2224000,"Oilseed, Sunflowerseed",CI,Chile,2023,2025,7,86,Total Supply,8,(1000 MT),15.0
2224000,"Oilseed, Sunflowerseed",CI,Chile,2023,2025,7,184,Yield,26,(MT/HA),1.33
2224000,"Oilseed, Sunflowerseed",CI,Chile,2024,2026,1,4,Area Harvested,4,(1000 HA),5.0
2224000,"Oilseed, Sunflowerseed",CI,Chile,2024,2026,1,20,Beginning Stocks,8,(1000 MT),7.0
2224000,"Oilseed, Sunflowerseed",CI,Chile,2024,2026,1,7,Crush,8,(1000 MT),6.0
2224000,"Oilseed, Sunflowerseed",CI,Chile,2024,2026,1,125,Domestic Consumption,8,(1000 MT),6.0
2224000,"Oilseed, Sunflowerseed",CI,Chile,2024,2026,1,176,Ending Stocks,8,(1000 MT),8.0
2224000,"Oilseed, Sunflowerseed",CI,Chile,2024,2026,1,88,Exports,8,(1000 MT),1.0
2224000,"Oilseed, Sunflowerseed",CI,Chile,2024,2026,1,161,Feed Waste Dom. Cons.,8,(1000 MT),0.0
2224000,"Oilseed, Sunflowerseed",CI,Chile,2024,2026,1,149,Food Use Dom. Cons.,8,(1000 MT),0.0
2224000,"Oilseed, Sunflowerseed",CI,Chile,2024,2026,1,57,Imports,8,(1000 MT),3.0
2224000,"Oilseed, Sunflowerseed",CI,Chile,2024,2026,1,28,Production,8,(1000 MT),5.0
2224000,"Oilseed, Sunflowerseed",CI,Chile,2024,2026,1,178,Total Distribution,8,(1000 MT),15.0
2224000,"Oilseed, Sunflowerseed",CI,Chile,2024,2026,1,86,Total Supply,8,(1000 MT),15.0
2224000,"Oilseed, Sunflowerseed",CI,Chile,2024,2026,1,184,Yield,26,(MT/HA),1.0
2224000,"Oilseed, Sunflowerseed",CI,Chile,2025,2026,3,4,Area Harvested,4,(1000 HA),4.0
2224000,"Oilseed, Sunflowerseed",CI,Chile,2025,2026,3,20,Beginning Stocks,8,(1000 MT),8.0
2224000,"Oilseed, Sunflowerseed",CI,Chile,2025,2026,3,7,Crush,8,(1000 MT),6.0
2224000,"Oilseed, Sunflowerseed",CI,Chile,2025,2026,3,125,Domestic Consumption,8,(1000 MT),6.0
2224000,"Oilseed, Sunflowerseed",CI,Chile,2025,2026,3,176,Ending Stocks,8,(1000 MT),6.0
2224000,"Oilseed, Sunflowerseed",CI,Chile,2025,2026,3,88,Exports,8,(1000 MT),3.0
2224000,"Oilseed, Sunflowerseed",CI,Chile,2025,2026,3,161,Feed Waste Dom. Cons.,8,(1000 MT),0.0
2224000,"Oilseed, Sunflowerseed",CI,Chile,2025,2026,3,149,Food Use Dom. Cons.,8,(1000 MT),0.0
2224000,"Oilseed, Sunflowerseed",CI,Chile,2025,2026,3,57,Imports,8,(1000 MT),2.0
2224000,"Oilseed, Sunflowerseed",CI,Chile,2025,2026,3,28,Production,8,(1000 MT),5.0
2224000,"Oilseed, Sunflowerseed",CI,Chile,2025,2026,3,178,Total Distribution,8,(1000 MT),15.0
2224000,"Oilseed, Sunflowerseed",CI,Chile,2025,2026,3,86,Total Supply,8,(1000 MT),15.0
2224000,"Oilseed, Sunflowerseed",CI,Chile,2025,2026,3,184,Yield,26,(MT/HA),1.25
2224000,"Oilseed, Sunflowerseed",CH,China,2022,2025,4,4,Area Harvested,4,(1000 HA),623.0
2224000,"Oilseed, Sunflowerseed",CH,China,2022,2025,4,20,Beginning Stocks,8,(1000 MT),248.0
2224000,"Oilseed, Sunflowerseed",CH,China,2022,2025,4,7,Crush,8,(1000 MT),700.0
2224000,"Oilseed, Sunflowerseed",CH,China,2022,2025,4,125,Domestic Consumption,8,(1000 MT),1680.0
2224000,"Oilseed, Sunflowerseed",CH,China,2022,2025,4,176,Ending Stocks,8,(1000 MT),197.0
2224000,"Oilseed, Sunflowerseed",CH,China,2022,2025,4,88,Exports,8,(1000 MT),380.0
2224000,"Oilseed, Sunflowerseed",CH,China,2022,2025,4,161,Feed Waste Dom. Cons.,8,(1000 MT),80.0
2224000,"Oilseed, Sunflowerseed",CH,China,2022,2025,4,149,Food Use Dom. Cons.,8,(1000 MT),900.0
2224000,"Oilseed, Sunflowerseed",CH,China,2022,2025,4,57,Imports,8,(1000 MT),268.0
2224000,"Oilseed, Sunflowerseed",CH,China,2022,2025,4,28,Production,8,(1000 MT),1741.0
2224000,"Oilseed, Sunflowerseed",CH,China,2022,2025,4,178,Total Distribution,8,(1000 MT),2257.0
2224000,"Oilseed, Sunflowerseed",CH,China,2022,2025,4,86,Total Supply,8,(1000 MT),2257.0
2224000,"Oilseed, Sunflowerseed",CH,China,2022,2025,4,184,Yield,26,(MT/HA),2.79
2224000,"Oilseed, Sunflowerseed",CH,China,2023,2025,4,4,Area Harvested,4,(1000 HA),700.0
2224000,"Oilseed, Sunflowerseed",CH,China,2023,2025,4,20,Beginning Stocks,8,(1000 MT),197.0
2224000,"Oilseed, Sunflowerseed",CH,China,2023,2025,4,7,Crush,8,(1000 MT),600.0
2224000,"Oilseed, Sunflowerseed",CH,China,2023,2025,4,125,Domestic Consumption,8,(1000 MT),1580.0
2224000,"Oilseed, Sunflowerseed",CH,China,2023,2025,4,176,Ending Stocks,8,(1000 MT),253.0
2224000,"Oilseed, Sunflowerseed",CH,China,2023,2025,4,88,Exports,8,(1000 MT),530.0
2224000,"Oilseed, Sunflowerseed",CH,China,2023,2025,4,161,Feed Waste Dom. Cons.,8,(1000 MT),80.0
2224000,"Oilseed, Sunflowerseed",CH,China,2023,2025,4,149,Food Use Dom. Cons.,8,(1000 MT),900.0
2224000,"Oilseed, Sunflowerseed",CH,China,2023,2025,4,57,Imports,8,(1000 MT),183.0
2224000,"Oilseed, Sunflowerseed",CH,China,2023,2025,4,28,Production,8,(1000 MT),1983.0
2224000,"Oilseed, Sunflowerseed",CH,China,2023,2025,4,178,Total Distribution,8,(1000 MT),2363.0
2224000,"Oilseed, Sunflowerseed",CH,China,2023,2025,4,86,Total Supply,8,(1000 MT),2363.0
2224000,"Oilseed, Sunflowerseed",CH,China,2023,2025,4,184,Yield,26,(MT/HA),2.83
2224000,"Oilseed, Sunflowerseed",CH,China,2024,2025,11,4,Area Harvested,4,(1000 HA),600.0
2224000,"Oilseed, Sunflowerseed",CH,China,2024,2025,11,20,Beginning Stocks,8,(1000 MT),253.0
2224000,"Oilseed, Sunflowerseed",CH,China,2024,2025,11,7,Crush,8,(1000 MT),525.0
2224000,"Oilseed, Sunflowerseed",CH,China,2024,2025,11,125,Domestic Consumption,8,(1000 MT),1455.0
2224000,"Oilseed, Sunflowerseed",CH,China,2024,2025,11,176,Ending Stocks,8,(1000 MT),208.0
2224000,"Oilseed, Sunflowerseed",CH,China,2024,2025,11,88,Exports,8,(1000 MT),472.0
2224000,"Oilseed, Sunflowerseed",CH,China,2024,2025,11,161,Feed Waste Dom. Cons.,8,(1000 MT),80.0
2224000,"Oilseed, Sunflowerseed",CH,China,2024,2025,11,149,Food Use Dom. Cons.,8,(1000 MT),850.0
2224000,"Oilseed, Sunflowerseed",CH,China,2024,2025,11,57,Imports,8,(1000 MT),132.0
2224000,"Oilseed, Sunflowerseed",CH,China,2024,2025,11,28,Production,8,(1000 MT),1750.0
2224000,"Oilseed, Sunflowerseed",CH,China,2024,2025,11,178,Total Distribution,8,(1000 MT),2135.0
2224000,"Oilseed, Sunflowerseed",CH,China,2024,2025,11,86,Total Supply,8,(1000 MT),2135.0
2224000,"Oilseed, Sunflowerseed",CH,China,2024,2025,11,184,Yield,26,(MT/HA),2.92
2224000,"Oilseed, Sunflowerseed",CH,China,2025,2026,3,4,Area Harvested,4,(1000 HA),720.0
2224000,"Oilseed, Sunflowerseed",CH,China,2025,2026,3,20,Beginning Stocks,8,(1000 MT),208.0
2224000,"Oilseed, Sunflowerseed",CH,China,2025,2026,3,7,Crush,8,(1000 MT),825.0
2224000,"Oilseed, Sunflowerseed",CH,China,2025,2026,3,125,Domestic Consumption,8,(1000 MT),1730.0
2224000,"Oilseed, Sunflowerseed",CH,China,2025,2026,3,176,Ending Stocks,8,(1000 MT),203.0
2224000,"Oilseed, Sunflowerseed",CH,China,2025,2026,3,88,Exports,8,(1000 MT),500.0
2224000,"Oilseed, Sunflowerseed",CH,China,2025,2026,3,161,Feed Waste Dom. Cons.,8,(1000 MT),80.0
2224000,"Oilseed, Sunflowerseed",CH,China,2025,2026,3,149,Food Use Dom. Cons.,8,(1000 MT),825.0
2224000,"Oilseed, Sunflowerseed",CH,China,2025,2026,3,57,Imports,8,(1000 MT),125.0
2224000,"Oilseed, Sunflowerseed",CH,China,2025,2026,3,28,Production,8,(1000 MT),2100.0
2224000,"Oilseed, Sunflowerseed",CH,China,2025,2026,3,178,Total Distribution,8,(1000 MT),2433.0
2224000,"Oilseed, Sunflowerseed",CH,China,2025,2026,3,86,Total Supply,8,(1000 MT),2433.0
2224000,"Oilseed, Sunflowerseed",CH,China,2025,2026,3,184,Yield,26,(MT/HA),2.92
2224000,"Oilseed, Sunflowerseed",CO,Colombia,2022,2023,4,4,Area Harvested,4,(1000 HA),0.0
2224000,"Oilseed, Sunflowerseed",CO,Colombia,2022,2023,4,20,Beginning Stocks,8,(1000 MT),0.0
2224000,"Oilseed, Sunflowerseed",CO,Colombia,2022,2023,4,7,Crush,8,(1000 MT),0.0
2224000,"Oilseed, Sunflowerseed",CO,Colombia,2022,2023,4,125,Domestic Consumption,8,(1000 MT),2.0
2224000,"Oilseed, Sunflowerseed",CO,Colombia,2022,2023,4,176,Ending Stocks,8,(1000 MT),0.0
2224000,"Oilseed, Sunflowerseed",CO,Colombia,2022,2023,4,88,Exports,8,(1000 MT),0.0
2224000,"Oilseed, Sunflowerseed",CO,Colombia,2022,2023,4,161,Feed Waste Dom. Cons.,8,(1000 MT),0.0
2224000,"Oilseed, Sunflowerseed",CO,Colombia,2022,2023,4,149,Food Use Dom. Cons.,8,(1000 MT),2.0
2224000,"Oilseed, Sunflowerseed",CO,Colombia,2022,2023,4,57,Imports,8,(1000 MT),2.0
2224000,"Oilseed, Sunflowerseed",CO,Colombia,2022,2023,4,28,Production,8,(1000 MT),0.0
2224000,"Oilseed, Sunflowerseed",CO,Colombia,2022,2023,4,178,Total Distribution,8,(1000 MT),2.0
2224000,"Oilseed, Sunflowerseed",CO,Colombia,2022,2023,4,86,Total Supply,8,(1000 MT),2.0
2224000,"Oilseed, Sunflowerseed",CO,Colombia,2022,2023,4,184,Yield,26,(MT/HA),0.0
2224000,"Oilseed, Sunflowerseed",CO,Colombia,2023,2025,4,4,Area Harvested,4,(1000 HA),0.0
2224000,"Oilseed, Sunflowerseed",CO,Colombia,2023,2025,4,20,Beginning Stocks,8,(1000 MT),0.0
2224000,"Oilseed, Sunflowerseed",CO,Colombia,2023,2025,4,7,Crush,8,(1000 MT),0.0
2224000,"Oilseed, Sunflowerseed",CO,Colombia,2023,2025,4,125,Domestic Consumption,8,(1000 MT),2.0
2224000,"Oilseed, Sunflowerseed",CO,Colombia,2023,2025,4,176,Ending Stocks,8,(1000 MT),0.0
2224000,"Oilseed, Sunflowerseed",CO,Colombia,2023,2025,4,88,Exports,8,(1000 MT),0.0
2224000,"Oilseed, Sunflowerseed",CO,Colombia,2023,2025,4,161,Feed Waste Dom. Cons.,8,(1000 MT),0.0
2224000,"Oilseed, Sunflowerseed",CO,Colombia,2023,2025,4,149,Food Use Dom. Cons.,8,(1000 MT),2.0
2224000,"Oilseed, Sunflowerseed",CO,Colombia,2023,2025,4,57,Imports,8,(1000 MT),2.0
2224000,"Oilseed, Sunflowerseed",CO,Colombia,2023,2025,4,28,Production,8,(1000 MT),0.0
2224000,"Oilseed, Sunflowerseed",CO,Colombia,2023,2025,4,178,Total Distribution,8,(1000 MT),2.0
2224000,"Oilseed, Sunflowerseed",CO,Colombia,2023,2025,4,86,Total Supply,8,(1000 MT),2.0
2224000,"Oilseed, Sunflowerseed",CO,Colombia,2023,2025,4,184,Yield,26,(MT/HA),0.0
2224000,"Oilseed, Sunflowerseed",CO,Colombia,2024,2025,4,4,Area Harvested,4,(1000 HA),0.0
2224000,"Oilseed, Sunflowerseed",CO,Colombia,2024,2025,4,20,Beginning Stocks,8,(1000 MT),0.0
2224000,"Oilseed, Sunflowerseed",CO,Colombia,2024,2025,4,7,Crush,8,(1000 MT),0.0
2224000,"Oilseed, Sunflowerseed",CO,Colombia,2024,2025,4,125,Domestic Consumption,8,(1000 MT),2.0
2224000,"Oilseed, Sunflowerseed",CO,Colombia,2024,2025,4,176,Ending Stocks,8,(1000 MT),0.0
2224000,"Oilseed, Sunflowerseed",CO,Colombia,2024,2025,4,88,Exports,8,(1000 MT),0.0
2224000,"Oilseed, Sunflowerseed",CO,Colombia,2024,2025,4,161,Feed Waste Dom. Cons.,8,(1000 MT),0.0
2224000,"Oilseed, Sunflowerseed",CO,Colombia,2024,2025,4,149,Food Use Dom. Cons.,8,(1000 MT),2.0
2224000,"Oilseed, Sunflowerseed",CO,Colombia,2024,2025,4,57,Imports,8,(1000 MT),2.0
2224000,"Oilseed, Sunflowerseed",CO,Colombia,2024,2025,4,28,Production,8,(1000 MT),0.0
2224000,"Oilseed, Sunflowerseed",CO,Colombia,2024,2025,4,178,Total Distribution,8,(1000 MT),2.0
2224000,"Oilseed, Sunflowerseed",CO,Colombia,2024,2025,4,86,Total Supply,8,(1000 MT),2.0
2224000,"Oilseed, Sunflowerseed",CO,Colombia,2024,2025,4,184,Yield,26,(MT/HA),0.0
2224000,"Oilseed, Sunflowerseed",CO,Colombia,2025,2026,3,4,Area Harvested,4,(1000 HA),0.0
2224000,"Oilseed, Sunflowerseed",CO,Colombia,2025,2026,3,20,Beginning Stocks,8,(1000 MT),0.0
2224000,"Oilseed, Sunflowerseed",CO,Colombia,2025,2026,3,7,Crush,8,(1000 MT),0.0
2224000,"Oilseed, Sunflowerseed",CO,Colombia,2025,2026,3,125,Domestic Consumption,8,(1000 MT),2.0
2224000,"Oilseed, Sunflowerseed",CO,Colombia,2025,2026,3,176,Ending Stocks,8,(1000 MT),0.0
2224000,"Oilseed, Sunflowerseed",CO,Colombia,2025,2026,3,88,Exports,8,(1000 MT),0.0
2224000,"Oilseed, Sunflowerseed",CO,Colombia,2025,2026,3,161,Feed Waste Dom. Cons.,8,(1000 MT),0.0
2224000,"Oilseed, Sunflowerseed",CO,Colombia,2025,2026,3,149,Food Use Dom. Cons.,8,(1000 MT),2.0
2224000,"Oilseed, Sunflowerseed",CO,Colombia,2025,2026,3,57,Imports,8,(1000 MT),2.0
2224000,"Oilseed, Sunflowerseed",CO,Colombia,2025,2026,3,28,Production,8,(1000 MT),0.0
2224000,"Oilseed, Sunflowerseed",CO,Colombia,2025,2026,3,178,Total Distribution,8,(1000 MT),2.0
2224000,"Oilseed, Sunflowerseed",CO,Colombia,2025,2026,3,86,Total Supply,8,(1000 MT),2.0
2224000,"Oilseed, Sunflowerseed",CO,Colombia,2025,2026,3,184,Yield,26,(MT/HA),0.0
2224000,"Oilseed, Sunflowerseed",EG,Egypt,2022,2024,11,4,Area Harvested,4,(1000 HA),8.0
2224000,"Oilseed, Sunflowerseed",EG,Egypt,2022,2024,11,20,Beginning Stocks,8,(1000 MT),17.0
2224000,"Oilseed, Sunflowerseed",EG,Egypt,2022,2024,11,7,Crush,8,(1000 MT),23.0
2224000,"Oilseed, Sunflowerseed",EG,Egypt,2022,2024,11,125,Domestic Consumption,8,(1000 MT),32.0
2224000,"Oilseed, Sunflowerseed",EG,Egypt,2022,2024,11,176,Ending Stocks,8,(1000 MT),5.0
2224000,"Oilseed, Sunflowerseed",EG,Egypt,2022,2024,11,88,Exports,8,(1000 MT),10.0
2224000,"Oilseed, Sunflowerseed",EG,Egypt,2022,2024,11,161,Feed Waste Dom. Cons.,8,(1000 MT),0.0
2224000,"Oilseed, Sunflowerseed",EG,Egypt,2022,2024,11,149,Food Use Dom. Cons.,8,(1000 MT),9.0
2224000,"Oilseed, Sunflowerseed",EG,Egypt,2022,2024,11,57,Imports,8,(1000 MT),8.0
2224000,"Oilseed, Sunflowerseed",EG,Egypt,2022,2024,11,28,Production,8,(1000 MT),22.0
2224000,"Oilseed, Sunflowerseed",EG,Egypt,2022,2024,11,178,Total Distribution,8,(1000 MT),47.0
2224000,"Oilseed, Sunflowerseed",EG,Egypt,2022,2024,11,86,Total Supply,8,(1000 MT),47.0
2224000,"Oilseed, Sunflowerseed",EG,Egypt,2022,2024,11,184,Yield,26,(MT/HA),2.75
2224000,"Oilseed, Sunflowerseed",EG,Egypt,2023,2025,5,4,Area Harvested,4,(1000 HA),20.0
2224000,"Oilseed, Sunflowerseed",EG,Egypt,2023,2025,5,20,Beginning Stocks,8,(1000 MT),5.0
2224000,"Oilseed, Sunflowerseed",EG,Egypt,2023,2025,5,7,Crush,8,(1000 MT),45.0
2224000,"Oilseed, Sunflowerseed",EG,Egypt,2023,2025,5,125,Domestic Consumption,8,(1000 MT),53.0
2224000,"Oilseed, Sunflowerseed",EG,Egypt,2023,2025,5,176,Ending Stocks,8,(1000 MT),5.0
2224000,"Oilseed, Sunflowerseed",EG,Egypt,2023,2025,5,88,Exports,8,(1000 MT),5.0
2224000,"Oilseed, Sunflowerseed",EG,Egypt,2023,2025,5,161,Feed Waste Dom. Cons.,8,(1000 MT),0.0
2224000,"Oilseed, Sunflowerseed",EG,Egypt,2023,2025,5,149,Food Use Dom. Cons.,8,(1000 MT),8.0
2224000,"Oilseed, Sunflowerseed",EG,Egypt,2023,2025,5,57,Imports,8,(1000 MT),8.0
2224000,"Oilseed, Sunflowerseed",EG,Egypt,2023,2025,5,28,Production,8,(1000 MT),50.0
2224000,"Oilseed, Sunflowerseed",EG,Egypt,2023,2025,5,178,Total Distribution,8,(1000 MT),63.0
2224000,"Oilseed, Sunflowerseed",EG,Egypt,2023,2025,5,86,Total Supply,8,(1000 MT),63.0
2224000,"Oilseed, Sunflowerseed",EG,Egypt,2023,2025,5,184,Yield,26,(MT/HA),2.5
2224000,"Oilseed, Sunflowerseed",EG,Egypt,2024,2026,2,4,Area Harvested,4,(1000 HA),20.0
2224000,"Oilseed, Sunflowerseed",EG,Egypt,2024,2026,2,20,Beginning Stocks,8,(1000 MT),5.0
2224000,"Oilseed, Sunflowerseed",EG,Egypt,2024,2026,2,7,Crush,8,(1000 MT),50.0
2224000,"Oilseed, Sunflowerseed",EG,Egypt,2024,2026,2,125,Domestic Consumption,8,(1000 MT),58.0
2224000,"Oilseed, Sunflowerseed",EG,Egypt,2024,2026,2,176,Ending Stocks,8,(1000 MT),7.0
2224000,"Oilseed, Sunflowerseed",EG,Egypt,2024,2026,2,88,Exports,8,(1000 MT),5.0
2224000,"Oilseed, Sunflowerseed",EG,Egypt,2024,2026,2,161,Feed Waste Dom. Cons.,8,(1000 MT),0.0
2224000,"Oilseed, Sunflowerseed",EG,Egypt,2024,2026,2,149,Food Use Dom. Cons.,8,(1000 MT),8.0
2224000,"Oilseed, Sunflowerseed",EG,Egypt,2024,2026,2,57,Imports,8,(1000 MT),15.0
2224000,"Oilseed, Sunflowerseed",EG,Egypt,2024,2026,2,28,Production,8,(1000 MT),50.0
2224000,"Oilseed, Sunflowerseed",EG,Egypt,2024,2026,2,178,Total Distribution,8,(1000 MT),70.0
2224000,"Oilseed, Sunflowerseed",EG,Egypt,2024,2026,2,86,Total Supply,8,(1000 MT),70.0
2224000,"Oilseed, Sunflowerseed",EG,Egypt,2024,2026,2,184,Yield,26,(MT/HA),2.5
2224000,"Oilseed, Sunflowerseed",EG,Egypt,2025,2026,3,4,Area Harvested,4,(1000 HA),20.0
2224000,"Oilseed, Sunflowerseed",EG,Egypt,2025,2026,3,20,Beginning Stocks,8,(1000 MT),7.0
2224000,"Oilseed, Sunflowerseed",EG,Egypt,2025,2026,3,7,Crush,8,(1000 MT),60.0
2224000,"Oilseed, Sunflowerseed",EG,Egypt,2025,2026,3,125,Domestic Consumption,8,(1000 MT),68.0
2224000,"Oilseed, Sunflowerseed",EG,Egypt,2025,2026,3,176,Ending Stocks,8,(1000 MT),6.0
2224000,"Oilseed, Sunflowerseed",EG,Egypt,2025,2026,3,88,Exports,8,(1000 MT),3.0
2224000,"Oilseed, Sunflowerseed",EG,Egypt,2025,2026,3,161,Feed Waste Dom. Cons.,8,(1000 MT),0.0
2224000,"Oilseed, Sunflowerseed",EG,Egypt,2025,2026,3,149,Food Use Dom. Cons.,8,(1000 MT),8.0
2224000,"Oilseed, Sunflowerseed",EG,Egypt,2025,2026,3,57,Imports,8,(1000 MT),20.0
2224000,"Oilseed, Sunflowerseed",EG,Egypt,2025,2026,3,28,Production,8,(1000 MT),50.0
2224000,"Oilseed, Sunflowerseed",EG,Egypt,2025,2026,3,178,Total Distribution,8,(1000 MT),77.0
2224000,"Oilseed, Sunflowerseed",EG,Egypt,2025,2026,3,86,Total Supply,8,(1000 MT),77.0
2224000,"Oilseed, Sunflowerseed",EG,Egypt,2025,2026,3,184,Yield,26,(MT/HA),2.5
2224000,"Oilseed, Sunflowerseed",E4,European Union,2022,2025,5,4,Area Harvested,4,(1000 HA),4967.0
2224000,"Oilseed, Sunflowerseed",E4,European Union,2022,2025,5,20,Beginning Stocks,8,(1000 MT),666.0
2224000,"Oilseed, Sunflowerseed",E4,European Union,2022,2025,5,7,Crush,8,(1000 MT),9500.0
2224000,"Oilseed, Sunflowerseed",E4,European Union,2022,2025,5,125,Domestic Consumption,8,(1000 MT),10535.0
2224000,"Oilseed, Sunflowerseed",E4,European Union,2022,2025,5,176,Ending Stocks,8,(1000 MT),381.0
2224000,"Oilseed, Sunflowerseed",E4,European Union,2022,2025,5,88,Exports,8,(1000 MT),596.0
2224000,"Oilseed, Sunflowerseed",E4,European Union,2022,2025,5,161,Feed Waste Dom. Cons.,8,(1000 MT),520.0
2224000,"Oilseed, Sunflowerseed",E4,European Union,2022,2025,5,149,Food Use Dom. Cons.,8,(1000 MT),515.0
2224000,"Oilseed, Sunflowerseed",E4,European Union,2022,2025,5,57,Imports,8,(1000 MT),1460.0
2224000,"Oilseed, Sunflowerseed",E4,European Union,2022,2025,5,28,Production,8,(1000 MT),9386.0
2224000,"Oilseed, Sunflowerseed",E4,European Union,2022,2025,5,178,Total Distribution,8,(1000 MT),11512.0
2224000,"Oilseed, Sunflowerseed",E4,European Union,2022,2025,5,86,Total Supply,8,(1000 MT),11512.0
2224000,"Oilseed, Sunflowerseed",E4,European Union,2022,2025,5,184,Yield,26,(MT/HA),1.89
2224000,"Oilseed, Sunflowerseed",E4,European Union,2023,2025,11,4,Area Harvested,4,(1000 HA),4686.0
2224000,"Oilseed, Sunflowerseed",E4,European Union,2023,2025,11,20,Beginning Stocks,8,(1000 MT),381.0
2224000,"Oilseed, Sunflowerseed",E4,European Union,2023,2025,11,7,Crush,8,(1000 MT),9200.0
2224000,"Oilseed, Sunflowerseed",E4,European Union,2023,2025,11,125,Domestic Consumption,8,(1000 MT),10250.0
2224000,"Oilseed, Sunflowerseed",E4,European Union,2023,2025,11,176,Ending Stocks,8,(1000 MT),563.0
2224000,"Oilseed, Sunflowerseed",E4,European Union,2023,2025,11,88,Exports,8,(1000 MT),447.0
2224000,"Oilseed, Sunflowerseed",E4,European Union,2023,2025,11,161,Feed Waste Dom. Cons.,8,(1000 MT),535.0
2224000,"Oilseed, Sunflowerseed",E4,European Union,2023,2025,11,149,Food Use Dom. Cons.,8,(1000 MT),515.0
2224000,"Oilseed, Sunflowerseed",E4,European Union,2023,2025,11,57,Imports,8,(1000 MT),828.0
2224000,"Oilseed, Sunflowerseed",E4,European Union,2023,2025,11,28,Production,8,(1000 MT),10051.0
2224000,"Oilseed, Sunflowerseed",E4,European Union,2023,2025,11,178,Total Distribution,8,(1000 MT),11260.0
2224000,"Oilseed, Sunflowerseed",E4,European Union,2023,2025,11,86,Total Supply,8,(1000 MT),11260.0
2224000,"Oilseed, Sunflowerseed",E4,European Union,2023,2025,11,184,Yield,26,(MT/HA),2.14
2224000,"Oilseed, Sunflowerseed",E4,European Union,2024,2026,1,4,Area Harvested,4,(1000 HA),4842.0
2224000,"Oilseed, Sunflowerseed",E4,European Union,2024,2026,1,20,Beginning Stocks,8,(1000 MT),563.0
2224000,"Oilseed, Sunflowerseed",E4,European Union,2024,2026,1,7,Crush,8,(1000 MT),7400.0
2224000,"Oilseed, Sunflowerseed",E4,European Union,2024,2026,1,125,Domestic Consumption,8,(1000 MT),8430.0
2224000,"Oilseed, Sunflowerseed",E4,European Union,2024,2026,1,176,Ending Stocks,8,(1000 MT),328.0
2224000,"Oilseed, Sunflowerseed",E4,European Union,2024,2026,1,88,Exports,8,(1000 MT),823.0
2224000,"Oilseed, Sunflowerseed",E4,European Union,2024,2026,1,161,Feed Waste Dom. Cons.,8,(1000 MT),515.0
2224000,"Oilseed, Sunflowerseed",E4,European Union,2024,2026,1,149,Food Use Dom. Cons.,8,(1000 MT),515.0
2224000,"Oilseed, Sunflowerseed",E4,European Union,2024,2026,1,57,Imports,8,(1000 MT),582.0
2224000,"Oilseed, Sunflowerseed",E4,European Union,2024,2026,1,28,Production,8,(1000 MT),8436.0
2224000,"Oilseed, Sunflowerseed",E4,European Union,2024,2026,1,178,Total Distribution,8,(1000 MT),9581.0
2224000,"Oilseed, Sunflowerseed",E4,European Union,2024,2026,1,86,Total Supply,8,(1000 MT),9581.0
2224000,"Oilseed, Sunflowerseed",E4,European Union,2024,2026,1,184,Yield,26,(MT/HA),1.74
2224000,"Oilseed, Sunflowerseed",E4,European Union,2025,2026,3,4,Area Harvested,4,(1000 HA),4593.0
2224000,"Oilseed, Sunflowerseed",E4,European Union,2025,2026,3,20,Beginning Stocks,8,(1000 MT),328.0
2224000,"Oilseed, Sunflowerseed",E4,European Union,2025,2026,3,7,Crush,8,(1000 MT),7500.0
2224000,"Oilseed, Sunflowerseed",E4,European Union,2025,2026,3,125,Domestic Consumption,8,(1000 MT),8550.0
2224000,"Oilseed, Sunflowerseed",E4,European Union,2025,2026,3,176,Ending Stocks,8,(1000 MT),303.0
2224000,"Oilseed, Sunflowerseed",E4,European Union,2025,2026,3,88,Exports,8,(1000 MT),800.0
2224000,"Oilseed, Sunflowerseed",E4,European Union,2025,2026,3,161,Feed Waste Dom. Cons.,8,(1000 MT),535.0
2224000,"Oilseed, Sunflowerseed",E4,European Union,2025,2026,3,149,Food Use Dom. Cons.,8,(1000 MT),515.0
2224000,"Oilseed, Sunflowerseed",E4,European Union,2025,2026,3,57,Imports,8,(1000 MT),750.0
2224000,"Oilseed, Sunflowerseed",E4,European Union,2025,2026,3,28,Production,8,(1000 MT),8575.0
2224000,"Oilseed, Sunflowerseed",E4,European Union,2025,2026,3,178,Total Distribution,8,(1000 MT),9653.0
2224000,"Oilseed, Sunflowerseed",E4,European Union,2025,2026,3,86,Total Supply,8,(1000 MT),9653.0
2224000,"Oilseed, Sunflowerseed",E4,European Union,2025,2026,3,184,Yield,26,(MT/HA),1.87
2224000,"Oilseed, Sunflowerseed",IN,India,2022,2025,4,4,Area Harvested,4,(1000 HA),364.0
2224000,"Oilseed, Sunflowerseed",IN,India,2022,2025,4,20,Beginning Stocks,8,(1000 MT),0.0
2224000,"Oilseed, Sunflowerseed",IN,India,2022,2025,4,7,Crush,8,(1000 MT),190.0
2224000,"Oilseed, Sunflowerseed",IN,India,2022,2025,4,125,Domestic Consumption,8,(1000 MT),217.0
2224000,"Oilseed, Sunflowerseed",IN,India,2022,2025,4,176,Ending Stocks,8,(1000 MT),0.0
2224000,"Oilseed, Sunflowerseed",IN,India,2022,2025,4,88,Exports,8,(1000 MT),2.0
2224000,"Oilseed, Sunflowerseed",IN,India,2022,2025,4,161,Feed Waste Dom. Cons.,8,(1000 MT),27.0
2224000,"Oilseed, Sunflowerseed",IN,India,2022,2025,4,149,Food Use Dom. Cons.,8,(1000 MT),0.0
2224000,"Oilseed, Sunflowerseed",IN,India,2022,2025,4,57,Imports,8,(1000 MT),4.0
2224000,"Oilseed, Sunflowerseed",IN,India,2022,2025,4,28,Production,8,(1000 MT),215.0
2224000,"Oilseed, Sunflowerseed",IN,India,2022,2025,4,178,Total Distribution,8,(1000 MT),219.0
2224000,"Oilseed, Sunflowerseed",IN,India,2022,2025,4,86,Total Supply,8,(1000 MT),219.0
2224000,"Oilseed, Sunflowerseed",IN,India,2022,2025,4,184,Yield,26,(MT/HA),0.59
2224000,"Oilseed, Sunflowerseed",IN,India,2023,2025,4,4,Area Harvested,4,(1000 HA),150.0
2224000,"Oilseed, Sunflowerseed",IN,India,2023,2025,4,20,Beginning Stocks,8,(1000 MT),0.0
2224000,"Oilseed, Sunflowerseed",IN,India,2023,2025,4,7,Crush,8,(1000 MT),95.0
2224000,"Oilseed, Sunflowerseed",IN,India,2023,2025,4,125,Domestic Consumption,8,(1000 MT),116.0
2224000,"Oilseed, Sunflowerseed",IN,India,2023,2025,4,176,Ending Stocks,8,(1000 MT),0.0
2224000,"Oilseed, Sunflowerseed",IN,India,2023,2025,4,88,Exports,8,(1000 MT),2.0
2224000,"Oilseed, Sunflowerseed",IN,India,2023,2025,4,161,Feed Waste Dom. Cons.,8,(1000 MT),21.0
2224000,"Oilseed, Sunflowerseed",IN,India,2023,2025,4,149,Food Use Dom. Cons.,8,(1000 MT),0.0
2224000,"Oilseed, Sunflowerseed",IN,India,2023,2025,4,57,Imports,8,(1000 MT),6.0
2224000,"Oilseed, Sunflowerseed",IN,India,2023,2025,4,28,Production,8,(1000 MT),112.0
2224000,"Oilseed, Sunflowerseed",IN,India,2023,2025,4,178,Total Distribution,8,(1000 MT),118.0
2224000,"Oilseed, Sunflowerseed",IN,India,2023,2025,4,86,Total Supply,8,(1000 MT),118.0
2224000,"Oilseed, Sunflowerseed",IN,India,2023,2025,4,184,Yield,26,(MT/HA),0.75
2224000,"Oilseed, Sunflowerseed",IN,India,2024,2025,12,4,Area Harvested,4,(1000 HA),180.0
2224000,"Oilseed, Sunflowerseed",IN,India,2024,2025,12,20,Beginning Stocks,8,(1000 MT),0.0
2224000,"Oilseed, Sunflowerseed",IN,India,2024,2025,12,7,Crush,8,(1000 MT),100.0
2224000,"Oilseed, Sunflowerseed",IN,India,2024,2025,12,125,Domestic Consumption,8,(1000 MT),124.0
2224000,"Oilseed, Sunflowerseed",IN,India,2024,2025,12,176,Ending Stocks,8,(1000 MT),0.0
2224000,"Oilseed, Sunflowerseed",IN,India,2024,2025,12,88,Exports,8,(1000 MT),1.0
2224000,"Oilseed, Sunflowerseed",IN,India,2024,2025,12,161,Feed Waste Dom. Cons.,8,(1000 MT),24.0
2224000,"Oilseed, Sunflowerseed",IN,India,2024,2025,12,149,Food Use Dom. Cons.,8,(1000 MT),0.0
2224000,"Oilseed, Sunflowerseed",IN,India,2024,2025,12,57,Imports,8,(1000 MT),12.0
2224000,"Oilseed, Sunflowerseed",IN,India,2024,2025,12,28,Production,8,(1000 MT),113.0
2224000,"Oilseed, Sunflowerseed",IN,India,2024,2025,12,178,Total Distribution,8,(1000 MT),125.0
2224000,"Oilseed, Sunflowerseed",IN,India,2024,2025,12,86,Total Supply,8,(1000 MT),125.0
2224000,"Oilseed, Sunflowerseed",IN,India,2024,2025,12,184,Yield,26,(MT/HA),0.63
2224000,"Oilseed, Sunflowerseed",IN,India,2025,2026,3,4,Area Harvested,4,(1000 HA),180.0
2224000,"Oilseed, Sunflowerseed",IN,India,2025,2026,3,20,Beginning Stocks,8,(1000 MT),0.0
2224000,"Oilseed, Sunflowerseed",IN,India,2025,2026,3,7,Crush,8,(1000 MT),100.0
2224000,"Oilseed, Sunflowerseed",IN,India,2025,2026,3,125,Domestic Consumption,8,(1000 MT),118.0
2224000,"Oilseed, Sunflowerseed",IN,India,2025,2026,3,176,Ending Stocks,8,(1000 MT),0.0
2224000,"Oilseed, Sunflowerseed",IN,India,2025,2026,3,88,Exports,8,(1000 MT),1.0
2224000,"Oilseed, Sunflowerseed",IN,India,2025,2026,3,161,Feed Waste Dom. Cons.,8,(1000 MT),18.0
2224000,"Oilseed, Sunflowerseed",IN,India,2025,2026,3,149,Food Use Dom. Cons.,8,(1000 MT),0.0
2224000,"Oilseed, Sunflowerseed",IN,India,2025,2026,3,57,Imports,8,(1000 MT),6.0
2224000,"Oilseed, Sunflowerseed",IN,India,2025,2026,3,28,Production,8,(1000 MT),113.0
2224000,"Oilseed, Sunflowerseed",IN,India,2025,2026,3,178,Total Distribution,8,(1000 MT),119.0
2224000,"Oilseed, Sunflowerseed",IN,India,2025,2026,3,86,Total Supply,8,(1000 MT),119.0
2224000,"Oilseed, Sunflowerseed",IN,India,2025,2026,3,184,Yield,26,(MT/HA),0.63
2224000,"Oilseed, Sunflowerseed",IR,Iran,2022,2025,4,4,Area Harvested,4,(1000 HA),43.0
2224000,"Oilseed, Sunflowerseed",IR,Iran,2022,2025,4,20,Beginning Stocks,8,(1000 MT),13.0
2224000,"Oilseed, Sunflowerseed",IR,Iran,2022,2025,4,7,Crush,8,(1000 MT),100.0
2224000,"Oilseed, Sunflowerseed",IR,Iran,2022,2025,4,125,Domestic Consumption,8,(1000 MT),122.0
2224000,"Oilseed, Sunflowerseed",IR,Iran,2022,2025,4,176,Ending Stocks,8,(1000 MT),11.0
2224000,"Oilseed, Sunflowerseed",IR,Iran,2022,2025,4,88,Exports,8,(1000 MT),1.0
2224000,"Oilseed, Sunflowerseed",IR,Iran,2022,2025,4,161,Feed Waste Dom. Cons.,8,(1000 MT),0.0
2224000,"Oilseed, Sunflowerseed",IR,Iran,2022,2025,4,149,Food Use Dom. Cons.,8,(1000 MT),22.0
2224000,"Oilseed, Sunflowerseed",IR,Iran,2022,2025,4,57,Imports,8,(1000 MT),77.0
2224000,"Oilseed, Sunflowerseed",IR,Iran,2022,2025,4,28,Production,8,(1000 MT),44.0
2224000,"Oilseed, Sunflowerseed",IR,Iran,2022,2025,4,178,Total Distribution,8,(1000 MT),134.0
2224000,"Oilseed, Sunflowerseed",IR,Iran,2022,2025,4,86,Total Supply,8,(1000 MT),134.0
2224000,"Oilseed, Sunflowerseed",IR,Iran,2022,2025,4,184,Yield,26,(MT/HA),1.02
2224000,"Oilseed, Sunflowerseed",IR,Iran,2023,2025,4,4,Area Harvested,4,(1000 HA),41.0
2224000,"Oilseed, Sunflowerseed",IR,Iran,2023,2025,4,20,Beginning Stocks,8,(1000 MT),11.0
2224000,"Oilseed, Sunflowerseed",IR,Iran,2023,2025,4,7,Crush,8,(1000 MT),110.0
2224000,"Oilseed, Sunflowerseed",IR,Iran,2023,2025,4,125,Domestic Consumption,8,(1000 MT),135.0
2224000,"Oilseed, Sunflowerseed",IR,Iran,2023,2025,4,176,Ending Stocks,8,(1000 MT),7.0
2224000,"Oilseed, Sunflowerseed",IR,Iran,2023,2025,4,88,Exports,8,(1000 MT),1.0
2224000,"Oilseed, Sunflowerseed",IR,Iran,2023,2025,4,161,Feed Waste Dom. Cons.,8,(1000 MT),0.0
2224000,"Oilseed, Sunflowerseed",IR,Iran,2023,2025,4,149,Food Use Dom. Cons.,8,(1000 MT),25.0
2224000,"Oilseed, Sunflowerseed",IR,Iran,2023,2025,4,57,Imports,8,(1000 MT),89.0
2224000,"Oilseed, Sunflowerseed",IR,Iran,2023,2025,4,28,Production,8,(1000 MT),43.0
2224000,"Oilseed, Sunflowerseed",IR,Iran,2023,2025,4,178,Total Distribution,8,(1000 MT),143.0
2224000,"Oilseed, Sunflowerseed",IR,Iran,2023,2025,4,86,Total Supply,8,(1000 MT),143.0
2224000,"Oilseed, Sunflowerseed",IR,Iran,2023,2025,4,184,Yield,26,(MT/HA),1.05
2224000,"Oilseed, Sunflowerseed",IR,Iran,2024,2025,4,4,Area Harvested,4,(1000 HA),42.0
2224000,"Oilseed, Sunflowerseed",IR,Iran,2024,2025,4,20,Beginning Stocks,8,(1000 MT),7.0
2224000,"Oilseed, Sunflowerseed",IR,Iran,2024,2025,4,7,Crush,8,(1000 MT),80.0
2224000,"Oilseed, Sunflowerseed",IR,Iran,2024,2025,4,125,Domestic Consumption,8,(1000 MT),105.0
2224000,"Oilseed, Sunflowerseed",IR,Iran,2024,2025,4,176,Ending Stocks,8,(1000 MT),6.0
2224000,"Oilseed, Sunflowerseed",IR,Iran,2024,2025,4,88,Exports,8,(1000 MT),1.0
2224000,"Oilseed, Sunflowerseed",IR,Iran,2024,2025,4,161,Feed Waste Dom. Cons.,8,(1000 MT),0.0
2224000,"Oilseed, Sunflowerseed",IR,Iran,2024,2025,4,149,Food Use Dom. Cons.,8,(1000 MT),25.0
2224000,"Oilseed, Sunflowerseed",IR,Iran,2024,2025,4,57,Imports,8,(1000 MT),60.0
2224000,"Oilseed, Sunflowerseed",IR,Iran,2024,2025,4,28,Production,8,(1000 MT),45.0
2224000,"Oilseed, Sunflowerseed",IR,Iran,2024,2025,4,178,Total Distribution,8,(1000 MT),112.0
2224000,"Oilseed, Sunflowerseed",IR,Iran,2024,2025,4,86,Total Supply,8,(1000 MT),112.0
2224000,"Oilseed, Sunflowerseed",IR,Iran,2024,2025,4,184,Yield,26,(MT/HA),1.07
2224000,"Oilseed, Sunflowerseed",IR,Iran,2025,2026,3,4,Area Harvested,4,(1000 HA),42.0
2224000,"Oilseed, Sunflowerseed",IR,Iran,2025,2026,3,20,Beginning Stocks,8,(1000 MT),6.0
2224000,"Oilseed, Sunflowerseed",IR,Iran,2025,2026,3,7,Crush,8,(1000 MT),80.0
2224000,"Oilseed, Sunflowerseed",IR,Iran,2025,2026,3,125,Domestic Consumption,8,(1000 MT),102.0
2224000,"Oilseed, Sunflowerseed",IR,Iran,2025,2026,3,176,Ending Stocks,8,(1000 MT),8.0
2224000,"Oilseed, Sunflowerseed",IR,Iran,2025,2026,3,88,Exports,8,(1000 MT),1.0
2224000,"Oilseed, Sunflowerseed",IR,Iran,2025,2026,3,161,Feed Waste Dom. Cons.,8,(1000 MT),0.0
2224000,"Oilseed, Sunflowerseed",IR,Iran,2025,2026,3,149,Food Use Dom. Cons.,8,(1000 MT),22.0
2224000,"Oilseed, Sunflowerseed",IR,Iran,2025,2026,3,57,Imports,8,(1000 MT),60.0
2224000,"Oilseed, Sunflowerseed",IR,Iran,2025,2026,3,28,Production,8,(1000 MT),45.0
2224000,"Oilseed, Sunflowerseed",IR,Iran,2025,2026,3,178,Total Distribution,8,(1000 MT),111.0
2224000,"Oilseed, Sunflowerseed",IR,Iran,2025,2026,3,86,Total Supply,8,(1000 MT),111.0
2224000,"Oilseed, Sunflowerseed",IR,Iran,2025,2026,3,184,Yield,26,(MT/HA),1.07
2224000,"Oilseed, Sunflowerseed",IS,Israel,2022,2025,4,4,Area Harvested,4,(1000 HA),1.0
2224000,"Oilseed, Sunflowerseed",IS,Israel,2022,2025,4,20,Beginning Stocks,8,(1000 MT),1.0
2224000,"Oilseed, Sunflowerseed",IS,Israel,2022,2025,4,7,Crush,8,(1000 MT),11.0
2224000,"Oilseed, Sunflowerseed",IS,Israel,2022,2025,4,125,Domestic Consumption,8,(1000 MT),13.0
2224000,"Oilseed, Sunflowerseed",IS,Israel,2022,2025,4,176,Ending Stocks,8,(1000 MT),0.0
2224000,"Oilseed, Sunflowerseed",IS,Israel,2022,2025,4,88,Exports,8,(1000 MT),0.0
2224000,"Oilseed, Sunflowerseed",IS,Israel,2022,2025,4,161,Feed Waste Dom. Cons.,8,(1000 MT),2.0
2224000,"Oilseed, Sunflowerseed",IS,Israel,2022,2025,4,149,Food Use Dom. Cons.,8,(1000 MT),0.0
2224000,"Oilseed, Sunflowerseed",IS,Israel,2022,2025,4,57,Imports,8,(1000 MT),10.0
2224000,"Oilseed, Sunflowerseed",IS,Israel,2022,2025,4,28,Production,8,(1000 MT),2.0
2224000,"Oilseed, Sunflowerseed",IS,Israel,2022,2025,4,178,Total Distribution,8,(1000 MT),13.0
2224000,"Oilseed, Sunflowerseed",IS,Israel,2022,2025,4,86,Total Supply,8,(1000 MT),13.0
2224000,"Oilseed, Sunflowerseed",IS,Israel,2022,2025,4,184,Yield,26,(MT/HA),2.0
2224000,"Oilseed, Sunflowerseed",IS,Israel,2023,2025,4,4,Area Harvested,4,(1000 HA),1.0
2224000,"Oilseed, Sunflowerseed",IS,Israel,2023,2025,4,20,Beginning Stocks,8,(1000 MT),0.0
2224000,"Oilseed, Sunflowerseed",IS,Israel,2023,2025,4,7,Crush,8,(1000 MT),13.0
2224000,"Oilseed, Sunflowerseed",IS,Israel,2023,2025,4,125,Domestic Consumption,8,(1000 MT),15.0
2224000,"Oilseed, Sunflowerseed",IS,Israel,2023,2025,4,176,Ending Stocks,8,(1000 MT),0.0
2224000,"Oilseed, Sunflowerseed",IS,Israel,2023,2025,4,88,Exports,8,(1000 MT),0.0
2224000,"Oilseed, Sunflowerseed",IS,Israel,2023,2025,4,161,Feed Waste Dom. Cons.,8,(1000 MT),2.0
2224000,"Oilseed, Sunflowerseed",IS,Israel,2023,2025,4,149,Food Use Dom. Cons.,8,(1000 MT),0.0
2224000,"Oilseed, Sunflowerseed",IS,Israel,2023,2025,4,57,Imports,8,(1000 MT),13.0
2224000,"Oilseed, Sunflowerseed",IS,Israel,2023,2025,4,28,Production,8,(1000 MT),2.0
2224000,"Oilseed, Sunflowerseed",IS,Israel,2023,2025,4,178,Total Distribution,8,(1000 MT),15.0
2224000,"Oilseed, Sunflowerseed",IS,Israel,2023,2025,4,86,Total Supply,8,(1000 MT),15.0
2224000,"Oilseed, Sunflowerseed",IS,Israel,2023,2025,4,184,Yield,26,(MT/HA),2.0
2224000,"Oilseed, Sunflowerseed",IS,Israel,2024,2025,4,4,Area Harvested,4,(1000 HA),1.0
2224000,"Oilseed, Sunflowerseed",IS,Israel,2024,2025,4,20,Beginning Stocks,8,(1000 MT),0.0
2224000,"Oilseed, Sunflowerseed",IS,Israel,2024,2025,4,7,Crush,8,(1000 MT),11.0
2224000,"Oilseed, Sunflowerseed",IS,Israel,2024,2025,4,125,Domestic Consumption,8,(1000 MT),13.0
2224000,"Oilseed, Sunflowerseed",IS,Israel,2024,2025,4,176,Ending Stocks,8,(1000 MT),0.0
2224000,"Oilseed, Sunflowerseed",IS,Israel,2024,2025,4,88,Exports,8,(1000 MT),1.0
2224000,"Oilseed, Sunflowerseed",IS,Israel,2024,2025,4,161,Feed Waste Dom. Cons.,8,(1000 MT),2.0
2224000,"Oilseed, Sunflowerseed",IS,Israel,2024,2025,4,149,Food Use Dom. Cons.,8,(1000 MT),0.0
2224000,"Oilseed, Sunflowerseed",IS,Israel,2024,2025,4,57,Imports,8,(1000 MT),10.0
2224000,"Oilseed, Sunflowerseed",IS,Israel,2024,2025,4,28,Production,8,(1000 MT),4.0
2224000,"Oilseed, Sunflowerseed",IS,Israel,2024,2025,4,178,Total Distribution,8,(1000 MT),14.0
2224000,"Oilseed, Sunflowerseed",IS,Israel,2024,2025,4,86,Total Supply,8,(1000 MT),14.0
2224000,"Oilseed, Sunflowerseed",IS,Israel,2024,2025,4,184,Yield,26,(MT/HA),4.0
2224000,"Oilseed, Sunflowerseed",IS,Israel,2025,2026,3,4,Area Harvested,4,(1000 HA),1.0
2224000,"Oilseed, Sunflowerseed",IS,Israel,2025,2026,3,20,Beginning Stocks,8,(1000 MT),0.0
2224000,"Oilseed, Sunflowerseed",IS,Israel,2025,2026,3,7,Crush,8,(1000 MT),12.0
2224000,"Oilseed, Sunflowerseed",IS,Israel,2025,2026,3,125,Domestic Consumption,8,(1000 MT),14.0
2224000,"Oilseed, Sunflowerseed",IS,Israel,2025,2026,3,176,Ending Stocks,8,(1000 MT),0.0
2224000,"Oilseed, Sunflowerseed",IS,Israel,2025,2026,3,88,Exports,8,(1000 MT),0.0
2224000,"Oilseed, Sunflowerseed",IS,Israel,2025,2026,3,161,Feed Waste Dom. Cons.,8,(1000 MT),2.0
2224000,"Oilseed, Sunflowerseed",IS,Israel,2025,2026,3,149,Food Use Dom. Cons.,8,(1000 MT),0.0
2224000,"Oilseed, Sunflowerseed",IS,Israel,2025,2026,3,57,Imports,8,(1000 MT),10.0
2224000,"Oilseed, Sunflowerseed",IS,Israel,2025,2026,3,28,Production,8,(1000 MT),4.0
2224000,"Oilseed, Sunflowerseed",IS,Israel,2025,2026,3,178,Total Distribution,8,(1000 MT),14.0
2224000,"Oilseed, Sunflowerseed",IS,Israel,2025,2026,3,86,Total Supply,8,(1000 MT),14.0
2224000,"Oilseed, Sunflowerseed",IS,Israel,2025,2026,3,184,Yield,26,(MT/HA),4.0
2224000,"Oilseed, Sunflowerseed",KZ,Kazakhstan,2022,2025,4,4,Area Harvested,4,(1000 HA),1090.0
2224000,"Oilseed, Sunflowerseed",KZ,Kazakhstan,2022,2025,4,20,Beginning Stocks,8,(1000 MT),45.0
2224000,"Oilseed, Sunflowerseed",KZ,Kazakhstan,2022,2025,4,7,Crush,8,(1000 MT),1100.0
2224000,"Oilseed, Sunflowerseed",KZ,Kazakhstan,2022,2025,4,125,Domestic Consumption,8,(1000 MT),1172.0
2224000,"Oilseed, Sunflowerseed",KZ,Kazakhstan,2022,2025,4,176,Ending Stocks,8,(1000 MT),62.0
2224000,"Oilseed, Sunflowerseed",KZ,Kazakhstan,2022,2025,4,88,Exports,8,(1000 MT),313.0
2224000,"Oilseed, Sunflowerseed",KZ,Kazakhstan,2022,2025,4,161,Feed Waste Dom. Cons.,8,(1000 MT),22.0
2224000,"Oilseed, Sunflowerseed",KZ,Kazakhstan,2022,2025,4,149,Food Use Dom. Cons.,8,(1000 MT),50.0
2224000,"Oilseed, Sunflowerseed",KZ,Kazakhstan,2022,2025,4,57,Imports,8,(1000 MT),198.0
2224000,"Oilseed, Sunflowerseed",KZ,Kazakhstan,2022,2025,4,28,Production,8,(1000 MT),1304.0
2224000,"Oilseed, Sunflowerseed",KZ,Kazakhstan,2022,2025,4,178,Total Distribution,8,(1000 MT),1547.0
2224000,"Oilseed, Sunflowerseed",KZ,Kazakhstan,2022,2025,4,86,Total Supply,8,(1000 MT),1547.0
2224000,"Oilseed, Sunflowerseed",KZ,Kazakhstan,2022,2025,4,184,Yield,26,(MT/HA),1.2
2224000,"Oilseed, Sunflowerseed",KZ,Kazakhstan,2023,2025,4,4,Area Harvested,4,(1000 HA),1127.0
2224000,"Oilseed, Sunflowerseed",KZ,Kazakhstan,2023,2025,4,20,Beginning Stocks,8,(1000 MT),62.0
2224000,"Oilseed, Sunflowerseed",KZ,Kazakhstan,2023,2025,4,7,Crush,8,(1000 MT),1260.0
2224000,"Oilseed, Sunflowerseed",KZ,Kazakhstan,2023,2025,4,125,Domestic Consumption,8,(1000 MT),1330.0
2224000,"Oilseed, Sunflowerseed",KZ,Kazakhstan,2023,2025,4,176,Ending Stocks,8,(1000 MT),23.0
2224000,"Oilseed, Sunflowerseed",KZ,Kazakhstan,2023,2025,4,88,Exports,8,(1000 MT),173.0
2224000,"Oilseed, Sunflowerseed",KZ,Kazakhstan,2023,2025,4,161,Feed Waste Dom. Cons.,8,(1000 MT),20.0
2224000,"Oilseed, Sunflowerseed",KZ,Kazakhstan,2023,2025,4,149,Food Use Dom. Cons.,8,(1000 MT),50.0
2224000,"Oilseed, Sunflowerseed",KZ,Kazakhstan,2023,2025,4,57,Imports,8,(1000 MT),228.0
2224000,"Oilseed, Sunflowerseed",KZ,Kazakhstan,2023,2025,4,28,Production,8,(1000 MT),1236.0
2224000,"Oilseed, Sunflowerseed",KZ,Kazakhstan,2023,2025,4,178,Total Distribution,8,(1000 MT),1526.0
2224000,"Oilseed, Sunflowerseed",KZ,Kazakhstan,2023,2025,4,86,Total Supply,8,(1000 MT),1526.0
2224000,"Oilseed, Sunflowerseed",KZ,Kazakhstan,2023,2025,4,184,Yield,26,(MT/HA),1.1
2224000,"Oilseed, Sunflowerseed",KZ,Kazakhstan,2024,2025,11,4,Area Harvested,4,(1000 HA),1256.0
2224000,"Oilseed, Sunflowerseed",KZ,Kazakhstan,2024,2025,11,20,Beginning Stocks,8,(1000 MT),23.0
2224000,"Oilseed, Sunflowerseed",KZ,Kazakhstan,2024,2025,11,7,Crush,8,(1000 MT),1667.0
2224000,"Oilseed, Sunflowerseed",KZ,Kazakhstan,2024,2025,11,125,Domestic Consumption,8,(1000 MT),1732.0
2224000,"Oilseed, Sunflowerseed",KZ,Kazakhstan,2024,2025,11,176,Ending Stocks,8,(1000 MT),40.0
2224000,"Oilseed, Sunflowerseed",KZ,Kazakhstan,2024,2025,11,88,Exports,8,(1000 MT),224.0
2224000,"Oilseed, Sunflowerseed",KZ,Kazakhstan,2024,2025,11,161,Feed Waste Dom. Cons.,8,(1000 MT),15.0
2224000,"Oilseed, Sunflowerseed",KZ,Kazakhstan,2024,2025,11,149,Food Use Dom. Cons.,8,(1000 MT),50.0
2224000,"Oilseed, Sunflowerseed",KZ,Kazakhstan,2024,2025,11,57,Imports,8,(1000 MT),139.0
2224000,"Oilseed, Sunflowerseed",KZ,Kazakhstan,2024,2025,11,28,Production,8,(1000 MT),1834.0
2224000,"Oilseed, Sunflowerseed",KZ,Kazakhstan,2024,2025,11,178,Total Distribution,8,(1000 MT),1996.0
2224000,"Oilseed, Sunflowerseed",KZ,Kazakhstan,2024,2025,11,86,Total Supply,8,(1000 MT),1996.0
2224000,"Oilseed, Sunflowerseed",KZ,Kazakhstan,2024,2025,11,184,Yield,26,(MT/HA),1.46
2224000,"Oilseed, Sunflowerseed",KZ,Kazakhstan,2025,2026,3,4,Area Harvested,4,(1000 HA),1770.0
2224000,"Oilseed, Sunflowerseed",KZ,Kazakhstan,2025,2026,3,20,Beginning Stocks,8,(1000 MT),40.0
2224000,"Oilseed, Sunflowerseed",KZ,Kazakhstan,2025,2026,3,7,Crush,8,(1000 MT),2150.0
2224000,"Oilseed, Sunflowerseed",KZ,Kazakhstan,2025,2026,3,125,Domestic Consumption,8,(1000 MT),2235.0
2224000,"Oilseed, Sunflowerseed",KZ,Kazakhstan,2025,2026,3,176,Ending Stocks,8,(1000 MT),54.0
2224000,"Oilseed, Sunflowerseed",KZ,Kazakhstan,2025,2026,3,88,Exports,8,(1000 MT),315.0
2224000,"Oilseed, Sunflowerseed",KZ,Kazakhstan,2025,2026,3,161,Feed Waste Dom. Cons.,8,(1000 MT),30.0
2224000,"Oilseed, Sunflowerseed",KZ,Kazakhstan,2025,2026,3,149,Food Use Dom. Cons.,8,(1000 MT),55.0
2224000,"Oilseed, Sunflowerseed",KZ,Kazakhstan,2025,2026,3,57,Imports,8,(1000 MT),100.0
2224000,"Oilseed, Sunflowerseed",KZ,Kazakhstan,2025,2026,3,28,Production,8,(1000 MT),2464.0
2224000,"Oilseed, Sunflowerseed",KZ,Kazakhstan,2025,2026,3,178,Total Distribution,8,(1000 MT),2604.0
2224000,"Oilseed, Sunflowerseed",KZ,Kazakhstan,2025,2026,3,86,Total Supply,8,(1000 MT),2604.0
2224000,"Oilseed, Sunflowerseed",KZ,Kazakhstan,2025,2026,3,184,Yield,26,(MT/HA),1.39
2224000,"Oilseed, Sunflowerseed",MX,Mexico,2022,2025,4,4,Area Harvested,4,(1000 HA),3.0
2224000,"Oilseed, Sunflowerseed",MX,Mexico,2022,2025,4,20,Beginning Stocks,8,(1000 MT),4.0
2224000,"Oilseed, Sunflowerseed",MX,Mexico,2022,2025,4,7,Crush,8,(1000 MT),0.0
2224000,"Oilseed, Sunflowerseed",MX,Mexico,2022,2025,4,125,Domestic Consumption,8,(1000 MT),35.0
2224000,"Oilseed, Sunflowerseed",MX,Mexico,2022,2025,4,176,Ending Stocks,8,(1000 MT),8.0
2224000,"Oilseed, Sunflowerseed",MX,Mexico,2022,2025,4,88,Exports,8,(1000 MT),0.0
2224000,"Oilseed, Sunflowerseed",MX,Mexico,2022,2025,4,161,Feed Waste Dom. Cons.,8,(1000 MT),35.0
2224000,"Oilseed, Sunflowerseed",MX,Mexico,2022,2025,4,149,Food Use Dom. Cons.,8,(1000 MT),0.0
2224000,"Oilseed, Sunflowerseed",MX,Mexico,2022,2025,4,57,Imports,8,(1000 MT),34.0
2224000,"Oilseed, Sunflowerseed",MX,Mexico,2022,2025,4,28,Production,8,(1000 MT),5.0
2224000,"Oilseed, Sunflowerseed",MX,Mexico,2022,2025,4,178,Total Distribution,8,(1000 MT),43.0
2224000,"Oilseed, Sunflowerseed",MX,Mexico,2022,2025,4,86,Total Supply,8,(1000 MT),43.0
2224000,"Oilseed, Sunflowerseed",MX,Mexico,2022,2025,4,184,Yield,26,(MT/HA),1.67
2224000,"Oilseed, Sunflowerseed",MX,Mexico,2023,2025,4,4,Area Harvested,4,(1000 HA),4.0
2224000,"Oilseed, Sunflowerseed",MX,Mexico,2023,2025,4,20,Beginning Stocks,8,(1000 MT),8.0
2224000,"Oilseed, Sunflowerseed",MX,Mexico,2023,2025,4,7,Crush,8,(1000 MT),0.0
2224000,"Oilseed, Sunflowerseed",MX,Mexico,2023,2025,4,125,Domestic Consumption,8,(1000 MT),40.0
2224000,"Oilseed, Sunflowerseed",MX,Mexico,2023,2025,4,176,Ending Stocks,8,(1000 MT),3.0
2224000,"Oilseed, Sunflowerseed",MX,Mexico,2023,2025,4,88,Exports,8,(1000 MT),0.0
2224000,"Oilseed, Sunflowerseed",MX,Mexico,2023,2025,4,161,Feed Waste Dom. Cons.,8,(1000 MT),40.0
2224000,"Oilseed, Sunflowerseed",MX,Mexico,2023,2025,4,149,Food Use Dom. Cons.,8,(1000 MT),0.0
2224000,"Oilseed, Sunflowerseed",MX,Mexico,2023,2025,4,57,Imports,8,(1000 MT),30.0
2224000,"Oilseed, Sunflowerseed",MX,Mexico,2023,2025,4,28,Production,8,(1000 MT),5.0
2224000,"Oilseed, Sunflowerseed",MX,Mexico,2023,2025,4,178,Total Distribution,8,(1000 MT),43.0
2224000,"Oilseed, Sunflowerseed",MX,Mexico,2023,2025,4,86,Total Supply,8,(1000 MT),43.0
2224000,"Oilseed, Sunflowerseed",MX,Mexico,2023,2025,4,184,Yield,26,(MT/HA),1.25
2224000,"Oilseed, Sunflowerseed",MX,Mexico,2024,2026,1,4,Area Harvested,4,(1000 HA),6.0
2224000,"Oilseed, Sunflowerseed",MX,Mexico,2024,2026,1,20,Beginning Stocks,8,(1000 MT),3.0
2224000,"Oilseed, Sunflowerseed",MX,Mexico,2024,2026,1,7,Crush,8,(1000 MT),0.0
2224000,"Oilseed, Sunflowerseed",MX,Mexico,2024,2026,1,125,Domestic Consumption,8,(1000 MT),29.0
2224000,"Oilseed, Sunflowerseed",MX,Mexico,2024,2026,1,176,Ending Stocks,8,(1000 MT),3.0
2224000,"Oilseed, Sunflowerseed",MX,Mexico,2024,2026,1,88,Exports,8,(1000 MT),0.0
2224000,"Oilseed, Sunflowerseed",MX,Mexico,2024,2026,1,161,Feed Waste Dom. Cons.,8,(1000 MT),29.0
2224000,"Oilseed, Sunflowerseed",MX,Mexico,2024,2026,1,149,Food Use Dom. Cons.,8,(1000 MT),0.0
2224000,"Oilseed, Sunflowerseed",MX,Mexico,2024,2026,1,57,Imports,8,(1000 MT),24.0
2224000,"Oilseed, Sunflowerseed",MX,Mexico,2024,2026,1,28,Production,8,(1000 MT),5.0
2224000,"Oilseed, Sunflowerseed",MX,Mexico,2024,2026,1,178,Total Distribution,8,(1000 MT),32.0
2224000,"Oilseed, Sunflowerseed",MX,Mexico,2024,2026,1,86,Total Supply,8,(1000 MT),32.0
2224000,"Oilseed, Sunflowerseed",MX,Mexico,2024,2026,1,184,Yield,26,(MT/HA),0.83
2224000,"Oilseed, Sunflowerseed",MX,Mexico,2025,2026,3,4,Area Harvested,4,(1000 HA),4.0
2224000,"Oilseed, Sunflowerseed",MX,Mexico,2025,2026,3,20,Beginning Stocks,8,(1000 MT),3.0
2224000,"Oilseed, Sunflowerseed",MX,Mexico,2025,2026,3,7,Crush,8,(1000 MT),0.0
2224000,"Oilseed, Sunflowerseed",MX,Mexico,2025,2026,3,125,Domestic Consumption,8,(1000 MT),35.0
2224000,"Oilseed, Sunflowerseed",MX,Mexico,2025,2026,3,176,Ending Stocks,8,(1000 MT),4.0
2224000,"Oilseed, Sunflowerseed",MX,Mexico,2025,2026,3,88,Exports,8,(1000 MT),0.0
2224000,"Oilseed, Sunflowerseed",MX,Mexico,2025,2026,3,161,Feed Waste Dom. Cons.,8,(1000 MT),35.0
2224000,"Oilseed, Sunflowerseed",MX,Mexico,2025,2026,3,149,Food Use Dom. Cons.,8,(1000 MT),0.0
2224000,"Oilseed, Sunflowerseed",MX,Mexico,2025,2026,3,57,Imports,8,(1000 MT),30.0
2224000,"Oilseed, Sunflowerseed",MX,Mexico,2025,2026,3,28,Production,8,(1000 MT),6.0
2224000,"Oilseed, Sunflowerseed",MX,Mexico,2025,2026,3,178,Total Distribution,8,(1000 MT),39.0
2224000,"Oilseed, Sunflowerseed",MX,Mexico,2025,2026,3,86,Total Supply,8,(1000 MT),39.0
2224000,"Oilseed, Sunflowerseed",MX,Mexico,2025,2026,3,184,Yield,26,(MT/HA),1.5
2224000,"Oilseed, Sunflowerseed",MD,Moldova,2022,2025,4,4,Area Harvested,4,(1000 HA),580.0
2224000,"Oilseed, Sunflowerseed",MD,Moldova,2022,2025,4,20,Beginning Stocks,8,(1000 MT),40.0
2224000,"Oilseed, Sunflowerseed",MD,Moldova,2022,2025,4,7,Crush,8,(1000 MT),600.0
2224000,"Oilseed, Sunflowerseed",MD,Moldova,2022,2025,4,125,Domestic Consumption,8,(1000 MT),628.0
2224000,"Oilseed, Sunflowerseed",MD,Moldova,2022,2025,4,176,Ending Stocks,8,(1000 MT),53.0
2224000,"Oilseed, Sunflowerseed",MD,Moldova,2022,2025,4,88,Exports,8,(1000 MT),231.0
2224000,"Oilseed, Sunflowerseed",MD,Moldova,2022,2025,4,161,Feed Waste Dom. Cons.,8,(1000 MT),25.0
2224000,"Oilseed, Sunflowerseed",MD,Moldova,2022,2025,4,149,Food Use Dom. Cons.,8,(1000 MT),3.0
2224000,"Oilseed, Sunflowerseed",MD,Moldova,2022,2025,4,57,Imports,8,(1000 MT),17.0
2224000,"Oilseed, Sunflowerseed",MD,Moldova,2022,2025,4,28,Production,8,(1000 MT),855.0
2224000,"Oilseed, Sunflowerseed",MD,Moldova,2022,2025,4,178,Total Distribution,8,(1000 MT),912.0
2224000,"Oilseed, Sunflowerseed",MD,Moldova,2022,2025,4,86,Total Supply,8,(1000 MT),912.0
2224000,"Oilseed, Sunflowerseed",MD,Moldova,2022,2025,4,184,Yield,26,(MT/HA),1.47
2224000,"Oilseed, Sunflowerseed",MD,Moldova,2023,2025,4,4,Area Harvested,4,(1000 HA),450.0
2224000,"Oilseed, Sunflowerseed",MD,Moldova,2023,2025,4,20,Beginning Stocks,8,(1000 MT),53.0
2224000,"Oilseed, Sunflowerseed",MD,Moldova,2023,2025,4,7,Crush,8,(1000 MT),435.0
2224000,"Oilseed, Sunflowerseed",MD,Moldova,2023,2025,4,125,Domestic Consumption,8,(1000 MT),458.0
2224000,"Oilseed, Sunflowerseed",MD,Moldova,2023,2025,4,176,Ending Stocks,8,(1000 MT),14.0
2224000,"Oilseed, Sunflowerseed",MD,Moldova,2023,2025,4,88,Exports,8,(1000 MT),491.0
2224000,"Oilseed, Sunflowerseed",MD,Moldova,2023,2025,4,161,Feed Waste Dom. Cons.,8,(1000 MT),20.0
2224000,"Oilseed, Sunflowerseed",MD,Moldova,2023,2025,4,149,Food Use Dom. Cons.,8,(1000 MT),3.0
2224000,"Oilseed, Sunflowerseed",MD,Moldova,2023,2025,4,57,Imports,8,(1000 MT),10.0
2224000,"Oilseed, Sunflowerseed",MD,Moldova,2023,2025,4,28,Production,8,(1000 MT),900.0
2224000,"Oilseed, Sunflowerseed",MD,Moldova,2023,2025,4,178,Total Distribution,8,(1000 MT),963.0
2224000,"Oilseed, Sunflowerseed",MD,Moldova,2023,2025,4,86,Total Supply,8,(1000 MT),963.0
2224000,"Oilseed, Sunflowerseed",MD,Moldova,2023,2025,4,184,Yield,26,(MT/HA),2.0
2224000,"Oilseed, Sunflowerseed",MD,Moldova,2024,2025,12,4,Area Harvested,4,(1000 HA),500.0
2224000,"Oilseed, Sunflowerseed",MD,Moldova,2024,2025,12,20,Beginning Stocks,8,(1000 MT),14.0
2224000,"Oilseed, Sunflowerseed",MD,Moldova,2024,2025,12,7,Crush,8,(1000 MT),150.0
2224000,"Oilseed, Sunflowerseed",MD,Moldova,2024,2025,12,125,Domestic Consumption,8,(1000 MT),178.0
2224000,"Oilseed, Sunflowerseed",MD,Moldova,2024,2025,12,176,Ending Stocks,8,(1000 MT),42.0
2224000,"Oilseed, Sunflowerseed",MD,Moldova,2024,2025,12,88,Exports,8,(1000 MT),539.0
2224000,"Oilseed, Sunflowerseed",MD,Moldova,2024,2025,12,161,Feed Waste Dom. Cons.,8,(1000 MT),25.0
2224000,"Oilseed, Sunflowerseed",MD,Moldova,2024,2025,12,149,Food Use Dom. Cons.,8,(1000 MT),3.0
2224000,"Oilseed, Sunflowerseed",MD,Moldova,2024,2025,12,57,Imports,8,(1000 MT),5.0
2224000,"Oilseed, Sunflowerseed",MD,Moldova,2024,2025,12,28,Production,8,(1000 MT),740.0
2224000,"Oilseed, Sunflowerseed",MD,Moldova,2024,2025,12,178,Total Distribution,8,(1000 MT),759.0
2224000,"Oilseed, Sunflowerseed",MD,Moldova,2024,2025,12,86,Total Supply,8,(1000 MT),759.0
2224000,"Oilseed, Sunflowerseed",MD,Moldova,2024,2025,12,184,Yield,26,(MT/HA),1.48
2224000,"Oilseed, Sunflowerseed",MD,Moldova,2025,2026,3,4,Area Harvested,4,(1000 HA),420.0
2224000,"Oilseed, Sunflowerseed",MD,Moldova,2025,2026,3,20,Beginning Stocks,8,(1000 MT),42.0
2224000,"Oilseed, Sunflowerseed",MD,Moldova,2025,2026,3,7,Crush,8,(1000 MT),400.0
2224000,"Oilseed, Sunflowerseed",MD,Moldova,2025,2026,3,125,Domestic Consumption,8,(1000 MT),425.0
2224000,"Oilseed, Sunflowerseed",MD,Moldova,2025,2026,3,176,Ending Stocks,8,(1000 MT),37.0
2224000,"Oilseed, Sunflowerseed",MD,Moldova,2025,2026,3,88,Exports,8,(1000 MT),440.0
2224000,"Oilseed, Sunflowerseed",MD,Moldova,2025,2026,3,161,Feed Waste Dom. Cons.,8,(1000 MT),25.0
2224000,"Oilseed, Sunflowerseed",MD,Moldova,2025,2026,3,149,Food Use Dom. Cons.,8,(1000 MT),0.0
2224000,"Oilseed, Sunflowerseed",MD,Moldova,2025,2026,3,57,Imports,8,(1000 MT),10.0
2224000,"Oilseed, Sunflowerseed",MD,Moldova,2025,2026,3,28,Production,8,(1000 MT),850.0
2224000,"Oilseed, Sunflowerseed",MD,Moldova,2025,2026,3,178,Total Distribution,8,(1000 MT),902.0
2224000,"Oilseed, Sunflowerseed",MD,Moldova,2025,2026,3,86,Total Supply,8,(1000 MT),902.0
2224000,"Oilseed, Sunflowerseed",MD,Moldova,2025,2026,3,184,Yield,26,(MT/HA),2.02
2224000,"Oilseed, Sunflowerseed",MO,Morocco,2022,2025,4,4,Area Harvested,4,(1000 HA),27.0
2224000,"Oilseed, Sunflowerseed",MO,Morocco,2022,2025,4,20,Beginning Stocks,8,(1000 MT),0.0
2224000,"Oilseed, Sunflowerseed",MO,Morocco,2022,2025,4,7,Crush,8,(1000 MT),40.0
2224000,"Oilseed, Sunflowerseed",MO,Morocco,2022,2025,4,125,Domestic Consumption,8,(1000 MT),43.0
2224000,"Oilseed, Sunflowerseed",MO,Morocco,2022,2025,4,176,Ending Stocks,8,(1000 MT),0.0
2224000,"Oilseed, Sunflowerseed",MO,Morocco,2022,2025,4,88,Exports,8,(1000 MT),0.0
2224000,"Oilseed, Sunflowerseed",MO,Morocco,2022,2025,4,161,Feed Waste Dom. Cons.,8,(1000 MT),0.0
2224000,"Oilseed, Sunflowerseed",MO,Morocco,2022,2025,4,149,Food Use Dom. Cons.,8,(1000 MT),3.0
2224000,"Oilseed, Sunflowerseed",MO,Morocco,2022,2025,4,57,Imports,8,(1000 MT),13.0
2224000,"Oilseed, Sunflowerseed",MO,Morocco,2022,2025,4,28,Production,8,(1000 MT),30.0
2224000,"Oilseed, Sunflowerseed",MO,Morocco,2022,2025,4,178,Total Distribution,8,(1000 MT),43.0
2224000,"Oilseed, Sunflowerseed",MO,Morocco,2022,2025,4,86,Total Supply,8,(1000 MT),43.0
2224000,"Oilseed, Sunflowerseed",MO,Morocco,2022,2025,4,184,Yield,26,(MT/HA),1.11
2224000,"Oilseed, Sunflowerseed",MO,Morocco,2023,2025,4,4,Area Harvested,4,(1000 HA),22.0
2224000,"Oilseed, Sunflowerseed",MO,Morocco,2023,2025,4,20,Beginning Stocks,8,(1000 MT),0.0
2224000,"Oilseed, Sunflowerseed",MO,Morocco,2023,2025,4,7,Crush,8,(1000 MT),41.0
2224000,"Oilseed, Sunflowerseed",MO,Morocco,2023,2025,4,125,Domestic Consumption,8,(1000 MT),47.0
2224000,"Oilseed, Sunflowerseed",MO,Morocco,2023,2025,4,176,Ending Stocks,8,(1000 MT),0.0
2224000,"Oilseed, Sunflowerseed",MO,Morocco,2023,2025,4,88,Exports,8,(1000 MT),0.0
2224000,"Oilseed, Sunflowerseed",MO,Morocco,2023,2025,4,161,Feed Waste Dom. Cons.,8,(1000 MT),0.0
2224000,"Oilseed, Sunflowerseed",MO,Morocco,2023,2025,4,149,Food Use Dom. Cons.,8,(1000 MT),6.0
2224000,"Oilseed, Sunflowerseed",MO,Morocco,2023,2025,4,57,Imports,8,(1000 MT),19.0
2224000,"Oilseed, Sunflowerseed",MO,Morocco,2023,2025,4,28,Production,8,(1000 MT),28.0
2224000,"Oilseed, Sunflowerseed",MO,Morocco,2023,2025,4,178,Total Distribution,8,(1000 MT),47.0
2224000,"Oilseed, Sunflowerseed",MO,Morocco,2023,2025,4,86,Total Supply,8,(1000 MT),47.0
2224000,"Oilseed, Sunflowerseed",MO,Morocco,2023,2025,4,184,Yield,26,(MT/HA),1.27
2224000,"Oilseed, Sunflowerseed",MO,Morocco,2024,2026,1,4,Area Harvested,4,(1000 HA),24.0
2224000,"Oilseed, Sunflowerseed",MO,Morocco,2024,2026,1,20,Beginning Stocks,8,(1000 MT),0.0
2224000,"Oilseed, Sunflowerseed",MO,Morocco,2024,2026,1,7,Crush,8,(1000 MT),41.0
2224000,"Oilseed, Sunflowerseed",MO,Morocco,2024,2026,1,125,Domestic Consumption,8,(1000 MT),46.0
2224000,"Oilseed, Sunflowerseed",MO,Morocco,2024,2026,1,176,Ending Stocks,8,(1000 MT),0.0
2224000,"Oilseed, Sunflowerseed",MO,Morocco,2024,2026,1,88,Exports,8,(1000 MT),0.0
2224000,"Oilseed, Sunflowerseed",MO,Morocco,2024,2026,1,161,Feed Waste Dom. Cons.,8,(1000 MT),0.0
2224000,"Oilseed, Sunflowerseed",MO,Morocco,2024,2026,1,149,Food Use Dom. Cons.,8,(1000 MT),5.0
2224000,"Oilseed, Sunflowerseed",MO,Morocco,2024,2026,1,57,Imports,8,(1000 MT),18.0
2224000,"Oilseed, Sunflowerseed",MO,Morocco,2024,2026,1,28,Production,8,(1000 MT),28.0
2224000,"Oilseed, Sunflowerseed",MO,Morocco,2024,2026,1,178,Total Distribution,8,(1000 MT),46.0
2224000,"Oilseed, Sunflowerseed",MO,Morocco,2024,2026,1,86,Total Supply,8,(1000 MT),46.0
2224000,"Oilseed, Sunflowerseed",MO,Morocco,2024,2026,1,184,Yield,26,(MT/HA),1.17
2224000,"Oilseed, Sunflowerseed",MO,Morocco,2025,2026,3,4,Area Harvested,4,(1000 HA),24.0
2224000,"Oilseed, Sunflowerseed",MO,Morocco,2025,2026,3,20,Beginning Stocks,8,(1000 MT),0.0
2224000,"Oilseed, Sunflowerseed",MO,Morocco,2025,2026,3,7,Crush,8,(1000 MT),43.0
2224000,"Oilseed, Sunflowerseed",MO,Morocco,2025,2026,3,125,Domestic Consumption,8,(1000 MT),48.0
2224000,"Oilseed, Sunflowerseed",MO,Morocco,2025,2026,3,176,Ending Stocks,8,(1000 MT),0.0
2224000,"Oilseed, Sunflowerseed",MO,Morocco,2025,2026,3,88,Exports,8,(1000 MT),0.0
2224000,"Oilseed, Sunflowerseed",MO,Morocco,2025,2026,3,161,Feed Waste Dom. Cons.,8,(1000 MT),0.0
2224000,"Oilseed, Sunflowerseed",MO,Morocco,2025,2026,3,149,Food Use Dom. Cons.,8,(1000 MT),5.0
2224000,"Oilseed, Sunflowerseed",MO,Morocco,2025,2026,3,57,Imports,8,(1000 MT),20.0
2224000,"Oilseed, Sunflowerseed",MO,Morocco,2025,2026,3,28,Production,8,(1000 MT),28.0
2224000,"Oilseed, Sunflowerseed",MO,Morocco,2025,2026,3,178,Total Distribution,8,(1000 MT),48.0
2224000,"Oilseed, Sunflowerseed",MO,Morocco,2025,2026,3,86,Total Supply,8,(1000 MT),48.0
2224000,"Oilseed, Sunflowerseed",MO,Morocco,2025,2026,3,184,Yield,26,(MT/HA),1.17
2224000,"Oilseed, Sunflowerseed",MK,North Macedonia,2022,2025,4,4,Area Harvested,4,(1000 HA),6.0
2224000,"Oilseed, Sunflowerseed",MK,North Macedonia,2022,2025,4,20,Beginning Stocks,8,(1000 MT),0.0
2224000,"Oilseed, Sunflowerseed",MK,North Macedonia,2022,2025,4,7,Crush,8,(1000 MT),11.0
2224000,"Oilseed, Sunflowerseed",MK,North Macedonia,2022,2025,4,125,Domestic Consumption,8,(1000 MT),11.0
2224000,"Oilseed, Sunflowerseed",MK,North Macedonia,2022,2025,4,176,Ending Stocks,8,(1000 MT),0.0
2224000,"Oilseed, Sunflowerseed",MK,North Macedonia,2022,2025,4,88,Exports,8,(1000 MT),1.0
2224000,"Oilseed, Sunflowerseed",MK,North Macedonia,2022,2025,4,161,Feed Waste Dom. Cons.,8,(1000 MT),0.0
2224000,"Oilseed, Sunflowerseed",MK,North Macedonia,2022,2025,4,149,Food Use Dom. Cons.,8,(1000 MT),0.0
2224000,"Oilseed, Sunflowerseed",MK,North Macedonia,2022,2025,4,57,Imports,8,(1000 MT),2.0
2224000,"Oilseed, Sunflowerseed",MK,North Macedonia,2022,2025,4,28,Production,8,(1000 MT),10.0
2224000,"Oilseed, Sunflowerseed",MK,North Macedonia,2022,2025,4,178,Total Distribution,8,(1000 MT),12.0
2224000,"Oilseed, Sunflowerseed",MK,North Macedonia,2022,2025,4,86,Total Supply,8,(1000 MT),12.0
2224000,"Oilseed, Sunflowerseed",MK,North Macedonia,2022,2025,4,184,Yield,26,(MT/HA),1.67
2224000,"Oilseed, Sunflowerseed",MK,North Macedonia,2023,2025,4,4,Area Harvested,4,(1000 HA),5.0
2224000,"Oilseed, Sunflowerseed",MK,North Macedonia,2023,2025,4,20,Beginning Stocks,8,(1000 MT),0.0
2224000,"Oilseed, Sunflowerseed",MK,North Macedonia,2023,2025,4,7,Crush,8,(1000 MT),10.0
2224000,"Oilseed, Sunflowerseed",MK,North Macedonia,2023,2025,4,125,Domestic Consumption,8,(1000 MT),10.0
2224000,"Oilseed, Sunflowerseed",MK,North Macedonia,2023,2025,4,176,Ending Stocks,8,(1000 MT),0.0
2224000,"Oilseed, Sunflowerseed",MK,North Macedonia,2023,2025,4,88,Exports,8,(1000 MT),2.0
2224000,"Oilseed, Sunflowerseed",MK,North Macedonia,2023,2025,4,161,Feed Waste Dom. Cons.,8,(1000 MT),0.0
2224000,"Oilseed, Sunflowerseed",MK,North Macedonia,2023,2025,4,149,Food Use Dom. Cons.,8,(1000 MT),0.0
2224000,"Oilseed, Sunflowerseed",MK,North Macedonia,2023,2025,4,57,Imports,8,(1000 MT),4.0
2224000,"Oilseed, Sunflowerseed",MK,North Macedonia,2023,2025,4,28,Production,8,(1000 MT),8.0
2224000,"Oilseed, Sunflowerseed",MK,North Macedonia,2023,2025,4,178,Total Distribution,8,(1000 MT),12.0
2224000,"Oilseed, Sunflowerseed",MK,North Macedonia,2023,2025,4,86,Total Supply,8,(1000 MT),12.0
2224000,"Oilseed, Sunflowerseed",MK,North Macedonia,2023,2025,4,184,Yield,26,(MT/HA),1.6
2224000,"Oilseed, Sunflowerseed",MK,North Macedonia,2024,2025,4,4,Area Harvested,4,(1000 HA),5.0
2224000,"Oilseed, Sunflowerseed",MK,North Macedonia,2024,2025,4,20,Beginning Stocks,8,(1000 MT),0.0
2224000,"Oilseed, Sunflowerseed",MK,North Macedonia,2024,2025,4,7,Crush,8,(1000 MT),10.0
2224000,"Oilseed, Sunflowerseed",MK,North Macedonia,2024,2025,4,125,Domestic Consumption,8,(1000 MT),10.0
2224000,"Oilseed, Sunflowerseed",MK,North Macedonia,2024,2025,4,176,Ending Stocks,8,(1000 MT),0.0
2224000,"Oilseed, Sunflowerseed",MK,North Macedonia,2024,2025,4,88,Exports,8,(1000 MT),2.0
2224000,"Oilseed, Sunflowerseed",MK,North Macedonia,2024,2025,4,161,Feed Waste Dom. Cons.,8,(1000 MT),0.0
2224000,"Oilseed, Sunflowerseed",MK,North Macedonia,2024,2025,4,149,Food Use Dom. Cons.,8,(1000 MT),0.0
2224000,"Oilseed, Sunflowerseed",MK,North Macedonia,2024,2025,4,57,Imports,8,(1000 MT),4.0
2224000,"Oilseed, Sunflowerseed",MK,North Macedonia,2024,2025,4,28,Production,8,(1000 MT),8.0
2224000,"Oilseed, Sunflowerseed",MK,North Macedonia,2024,2025,4,178,Total Distribution,8,(1000 MT),12.0
2224000,"Oilseed, Sunflowerseed",MK,North Macedonia,2024,2025,4,86,Total Supply,8,(1000 MT),12.0
2224000,"Oilseed, Sunflowerseed",MK,North Macedonia,2024,2025,4,184,Yield,26,(MT/HA),1.6
2224000,"Oilseed, Sunflowerseed",MK,North Macedonia,2025,2026,3,4,Area Harvested,4,(1000 HA),5.0
2224000,"Oilseed, Sunflowerseed",MK,North Macedonia,2025,2026,3,20,Beginning Stocks,8,(1000 MT),0.0
2224000,"Oilseed, Sunflowerseed",MK,North Macedonia,2025,2026,3,7,Crush,8,(1000 MT),10.0
2224000,"Oilseed, Sunflowerseed",MK,North Macedonia,2025,2026,3,125,Domestic Consumption,8,(1000 MT),10.0
2224000,"Oilseed, Sunflowerseed",MK,North Macedonia,2025,2026,3,176,Ending Stocks,8,(1000 MT),0.0
2224000,"Oilseed, Sunflowerseed",MK,North Macedonia,2025,2026,3,88,Exports,8,(1000 MT),2.0
2224000,"Oilseed, Sunflowerseed",MK,North Macedonia,2025,2026,3,161,Feed Waste Dom. Cons.,8,(1000 MT),0.0
2224000,"Oilseed, Sunflowerseed",MK,North Macedonia,2025,2026,3,149,Food Use Dom. Cons.,8,(1000 MT),0.0
2224000,"Oilseed, Sunflowerseed",MK,North Macedonia,2025,2026,3,57,Imports,8,(1000 MT),4.0
2224000,"Oilseed, Sunflowerseed",MK,North Macedonia,2025,2026,3,28,Production,8,(1000 MT),8.0
2224000,"Oilseed, Sunflowerseed",MK,North Macedonia,2025,2026,3,178,Total Distribution,8,(1000 MT),12.0
2224000,"Oilseed, Sunflowerseed",MK,North Macedonia,2025,2026,3,86,Total Supply,8,(1000 MT),12.0
2224000,"Oilseed, Sunflowerseed",MK,North Macedonia,2025,2026,3,184,Yield,26,(MT/HA),1.6
2224000,"Oilseed, Sunflowerseed",NO,Norway,2022,2025,4,4,Area Harvested,4,(1000 HA),0.0
2224000,"Oilseed, Sunflowerseed",NO,Norway,2022,2025,4,20,Beginning Stocks,8,(1000 MT),0.0
2224000,"Oilseed, Sunflowerseed",NO,Norway,2022,2025,4,7,Crush,8,(1000 MT),0.0
2224000,"Oilseed, Sunflowerseed",NO,Norway,2022,2025,4,125,Domestic Consumption,8,(1000 MT),12.0
2224000,"Oilseed, Sunflowerseed",NO,Norway,2022,2025,4,176,Ending Stocks,8,(1000 MT),0.0
2224000,"Oilseed, Sunflowerseed",NO,Norway,2022,2025,4,88,Exports,8,(1000 MT),0.0
2224000,"Oilseed, Sunflowerseed",NO,Norway,2022,2025,4,161,Feed Waste Dom. Cons.,8,(1000 MT),0.0
2224000,"Oilseed, Sunflowerseed",NO,Norway,2022,2025,4,149,Food Use Dom. Cons.,8,(1000 MT),12.0
2224000,"Oilseed, Sunflowerseed",NO,Norway,2022,2025,4,57,Imports,8,(1000 MT),12.0
2224000,"Oilseed, Sunflowerseed",NO,Norway,2022,2025,4,28,Production,8,(1000 MT),0.0
2224000,"Oilseed, Sunflowerseed",NO,Norway,2022,2025,4,178,Total Distribution,8,(1000 MT),12.0
2224000,"Oilseed, Sunflowerseed",NO,Norway,2022,2025,4,86,Total Supply,8,(1000 MT),12.0
2224000,"Oilseed, Sunflowerseed",NO,Norway,2022,2025,4,184,Yield,26,(MT/HA),0.0
2224000,"Oilseed, Sunflowerseed",NO,Norway,2023,2025,4,4,Area Harvested,4,(1000 HA),0.0
2224000,"Oilseed, Sunflowerseed",NO,Norway,2023,2025,4,20,Beginning Stocks,8,(1000 MT),0.0
2224000,"Oilseed, Sunflowerseed",NO,Norway,2023,2025,4,7,Crush,8,(1000 MT),0.0
2224000,"Oilseed, Sunflowerseed",NO,Norway,2023,2025,4,125,Domestic Consumption,8,(1000 MT),13.0
2224000,"Oilseed, Sunflowerseed",NO,Norway,2023,2025,4,176,Ending Stocks,8,(1000 MT),0.0
2224000,"Oilseed, Sunflowerseed",NO,Norway,2023,2025,4,88,Exports,8,(1000 MT),0.0
2224000,"Oilseed, Sunflowerseed",NO,Norway,2023,2025,4,161,Feed Waste Dom. Cons.,8,(1000 MT),0.0
2224000,"Oilseed, Sunflowerseed",NO,Norway,2023,2025,4,149,Food Use Dom. Cons.,8,(1000 MT),13.0
2224000,"Oilseed, Sunflowerseed",NO,Norway,2023,2025,4,57,Imports,8,(1000 MT),13.0
2224000,"Oilseed, Sunflowerseed",NO,Norway,2023,2025,4,28,Production,8,(1000 MT),0.0
2224000,"Oilseed, Sunflowerseed",NO,Norway,2023,2025,4,178,Total Distribution,8,(1000 MT),13.0
2224000,"Oilseed, Sunflowerseed",NO,Norway,2023,2025,4,86,Total Supply,8,(1000 MT),13.0
2224000,"Oilseed, Sunflowerseed",NO,Norway,2023,2025,4,184,Yield,26,(MT/HA),0.0
2224000,"Oilseed, Sunflowerseed",NO,Norway,2024,2026,2,4,Area Harvested,4,(1000 HA),0.0
2224000,"Oilseed, Sunflowerseed",NO,Norway,2024,2026,2,20,Beginning Stocks,8,(1000 MT),0.0
2224000,"Oilseed, Sunflowerseed",NO,Norway,2024,2026,2,7,Crush,8,(1000 MT),0.0
2224000,"Oilseed, Sunflowerseed",NO,Norway,2024,2026,2,125,Domestic Consumption,8,(1000 MT),14.0
2224000,"Oilseed, Sunflowerseed",NO,Norway,2024,2026,2,176,Ending Stocks,8,(1000 MT),0.0
2224000,"Oilseed, Sunflowerseed",NO,Norway,2024,2026,2,88,Exports,8,(1000 MT),0.0
2224000,"Oilseed, Sunflowerseed",NO,Norway,2024,2026,2,161,Feed Waste Dom. Cons.,8,(1000 MT),0.0
2224000,"Oilseed, Sunflowerseed",NO,Norway,2024,2026,2,149,Food Use Dom. Cons.,8,(1000 MT),14.0
2224000,"Oilseed, Sunflowerseed",NO,Norway,2024,2026,2,57,Imports,8,(1000 MT),14.0
2224000,"Oilseed, Sunflowerseed",NO,Norway,2024,2026,2,28,Production,8,(1000 MT),0.0
2224000,"Oilseed, Sunflowerseed",NO,Norway,2024,2026,2,178,Total Distribution,8,(1000 MT),14.0
2224000,"Oilseed, Sunflowerseed",NO,Norway,2024,2026,2,86,Total Supply,8,(1000 MT),14.0
2224000,"Oilseed, Sunflowerseed",NO,Norway,2024,2026,2,184,Yield,26,(MT/HA),0.0
2224000,"Oilseed, Sunflowerseed",NO,Norway,2025,2026,3,4,Area Harvested,4,(1000 HA),0.0
2224000,"Oilseed, Sunflowerseed",NO,Norway,2025,2026,3,20,Beginning Stocks,8,(1000 MT),0.0
2224000,"Oilseed, Sunflowerseed",NO,Norway,2025,2026,3,7,Crush,8,(1000 MT),0.0
2224000,"Oilseed, Sunflowerseed",NO,Norway,2025,2026,3,125,Domestic Consumption,8,(1000 MT),13.0
2224000,"Oilseed, Sunflowerseed",NO,Norway,2025,2026,3,176,Ending Stocks,8,(1000 MT),0.0
2224000,"Oilseed, Sunflowerseed",NO,Norway,2025,2026,3,88,Exports,8,(1000 MT),0.0
2224000,"Oilseed, Sunflowerseed",NO,Norway,2025,2026,3,161,Feed Waste Dom. Cons.,8,(1000 MT),0.0
2224000,"Oilseed, Sunflowerseed",NO,Norway,2025,2026,3,149,Food Use Dom. Cons.,8,(1000 MT),13.0
2224000,"Oilseed, Sunflowerseed",NO,Norway,2025,2026,3,57,Imports,8,(1000 MT),13.0
2224000,"Oilseed, Sunflowerseed",NO,Norway,2025,2026,3,28,Production,8,(1000 MT),0.0
2224000,"Oilseed, Sunflowerseed",NO,Norway,2025,2026,3,178,Total Distribution,8,(1000 MT),13.0
2224000,"Oilseed, Sunflowerseed",NO,Norway,2025,2026,3,86,Total Supply,8,(1000 MT),13.0
2224000,"Oilseed, Sunflowerseed",NO,Norway,2025,2026,3,184,Yield,26,(MT/HA),0.0
2224000,"Oilseed, Sunflowerseed",PK,Pakistan,2022,2025,4,4,Area Harvested,4,(1000 HA),72.0
2224000,"Oilseed, Sunflowerseed",PK,Pakistan,2022,2025,4,20,Beginning Stocks,8,(1000 MT),15.0
2224000,"Oilseed, Sunflowerseed",PK,Pakistan,2022,2025,4,7,Crush,8,(1000 MT),110.0
2224000,"Oilseed, Sunflowerseed",PK,Pakistan,2022,2025,4,125,Domestic Consumption,8,(1000 MT),130.0
2224000,"Oilseed, Sunflowerseed",PK,Pakistan,2022,2025,4,176,Ending Stocks,8,(1000 MT),11.0
2224000,"Oilseed, Sunflowerseed",PK,Pakistan,2022,2025,4,88,Exports,8,(1000 MT),0.0
2224000,"Oilseed, Sunflowerseed",PK,Pakistan,2022,2025,4,161,Feed Waste Dom. Cons.,8,(1000 MT),20.0
2224000,"Oilseed, Sunflowerseed",PK,Pakistan,2022,2025,4,149,Food Use Dom. Cons.,8,(1000 MT),0.0
2224000,"Oilseed, Sunflowerseed",PK,Pakistan,2022,2025,4,57,Imports,8,(1000 MT),2.0
2224000,"Oilseed, Sunflowerseed",PK,Pakistan,2022,2025,4,28,Production,8,(1000 MT),124.0
2224000,"Oilseed, Sunflowerseed",PK,Pakistan,2022,2025,4,178,Total Distribution,8,(1000 MT),141.0
2224000,"Oilseed, Sunflowerseed",PK,Pakistan,2022,2025,4,86,Total Supply,8,(1000 MT),141.0
2224000,"Oilseed, Sunflowerseed",PK,Pakistan,2022,2025,4,184,Yield,26,(MT/HA),1.72
2224000,"Oilseed, Sunflowerseed",PK,Pakistan,2023,2025,4,4,Area Harvested,4,(1000 HA),80.0
2224000,"Oilseed, Sunflowerseed",PK,Pakistan,2023,2025,4,20,Beginning Stocks,8,(1000 MT),11.0
2224000,"Oilseed, Sunflowerseed",PK,Pakistan,2023,2025,4,7,Crush,8,(1000 MT),190.0
2224000,"Oilseed, Sunflowerseed",PK,Pakistan,2023,2025,4,125,Domestic Consumption,8,(1000 MT),210.0
2224000,"Oilseed, Sunflowerseed",PK,Pakistan,2023,2025,4,176,Ending Stocks,8,(1000 MT),9.0
2224000,"Oilseed, Sunflowerseed",PK,Pakistan,2023,2025,4,88,Exports,8,(1000 MT),0.0
2224000,"Oilseed, Sunflowerseed",PK,Pakistan,2023,2025,4,161,Feed Waste Dom. Cons.,8,(1000 MT),20.0
2224000,"Oilseed, Sunflowerseed",PK,Pakistan,2023,2025,4,149,Food Use Dom. Cons.,8,(1000 MT),0.0
2224000,"Oilseed, Sunflowerseed",PK,Pakistan,2023,2025,4,57,Imports,8,(1000 MT),100.0
2224000,"Oilseed, Sunflowerseed",PK,Pakistan,2023,2025,4,28,Production,8,(1000 MT),108.0
2224000,"Oilseed, Sunflowerseed",PK,Pakistan,2023,2025,4,178,Total Distribution,8,(1000 MT),219.0
2224000,"Oilseed, Sunflowerseed",PK,Pakistan,2023,2025,4,86,Total Supply,8,(1000 MT),219.0
2224000,"Oilseed, Sunflowerseed",PK,Pakistan,2023,2025,4,184,Yield,26,(MT/HA),1.35
2224000,"Oilseed, Sunflowerseed",PK,Pakistan,2024,2025,11,4,Area Harvested,4,(1000 HA),65.0
2224000,"Oilseed, Sunflowerseed",PK,Pakistan,2024,2025,11,20,Beginning Stocks,8,(1000 MT),9.0
2224000,"Oilseed, Sunflowerseed",PK,Pakistan,2024,2025,11,7,Crush,8,(1000 MT),90.0
2224000,"Oilseed, Sunflowerseed",PK,Pakistan,2024,2025,11,125,Domestic Consumption,8,(1000 MT),110.0
2224000,"Oilseed, Sunflowerseed",PK,Pakistan,2024,2025,11,176,Ending Stocks,8,(1000 MT),15.0
2224000,"Oilseed, Sunflowerseed",PK,Pakistan,2024,2025,11,88,Exports,8,(1000 MT),0.0
2224000,"Oilseed, Sunflowerseed",PK,Pakistan,2024,2025,11,161,Feed Waste Dom. Cons.,8,(1000 MT),20.0
2224000,"Oilseed, Sunflowerseed",PK,Pakistan,2024,2025,11,149,Food Use Dom. Cons.,8,(1000 MT),0.0
2224000,"Oilseed, Sunflowerseed",PK,Pakistan,2024,2025,11,57,Imports,8,(1000 MT),30.0
2224000,"Oilseed, Sunflowerseed",PK,Pakistan,2024,2025,11,28,Production,8,(1000 MT),86.0
2224000,"Oilseed, Sunflowerseed",PK,Pakistan,2024,2025,11,178,Total Distribution,8,(1000 MT),125.0
2224000,"Oilseed, Sunflowerseed",PK,Pakistan,2024,2025,11,86,Total Supply,8,(1000 MT),125.0
2224000,"Oilseed, Sunflowerseed",PK,Pakistan,2024,2025,11,184,Yield,26,(MT/HA),1.32
2224000,"Oilseed, Sunflowerseed",PK,Pakistan,2025,2026,3,4,Area Harvested,4,(1000 HA),65.0
2224000,"Oilseed, Sunflowerseed",PK,Pakistan,2025,2026,3,20,Beginning Stocks,8,(1000 MT),15.0
2224000,"Oilseed, Sunflowerseed",PK,Pakistan,2025,2026,3,7,Crush,8,(1000 MT),115.0
2224000,"Oilseed, Sunflowerseed",PK,Pakistan,2025,2026,3,125,Domestic Consumption,8,(1000 MT),135.0
2224000,"Oilseed, Sunflowerseed",PK,Pakistan,2025,2026,3,176,Ending Stocks,8,(1000 MT),16.0
2224000,"Oilseed, Sunflowerseed",PK,Pakistan,2025,2026,3,88,Exports,8,(1000 MT),0.0
2224000,"Oilseed, Sunflowerseed",PK,Pakistan,2025,2026,3,161,Feed Waste Dom. Cons.,8,(1000 MT),20.0
2224000,"Oilseed, Sunflowerseed",PK,Pakistan,2025,2026,3,149,Food Use Dom. Cons.,8,(1000 MT),0.0
2224000,"Oilseed, Sunflowerseed",PK,Pakistan,2025,2026,3,57,Imports,8,(1000 MT),50.0
2224000,"Oilseed, Sunflowerseed",PK,Pakistan,2025,2026,3,28,Production,8,(1000 MT),86.0
2224000,"Oilseed, Sunflowerseed",PK,Pakistan,2025,2026,3,178,Total Distribution,8,(1000 MT),151.0
2224000,"Oilseed, Sunflowerseed",PK,Pakistan,2025,2026,3,86,Total Supply,8,(1000 MT),151.0
2224000,"Oilseed, Sunflowerseed",PK,Pakistan,2025,2026,3,184,Yield,26,(MT/HA),1.32
2224000,"Oilseed, Sunflowerseed",PA,Paraguay,2022,2024,3,4,Area Harvested,4,(1000 HA),25.0
2224000,"Oilseed, Sunflowerseed",PA,Paraguay,2022,2024,3,20,Beginning Stocks,8,(1000 MT),0.0
2224000,"Oilseed, Sunflowerseed",PA,Paraguay,2022,2024,3,7,Crush,8,(1000 MT),35.0
2224000,"Oilseed, Sunflowerseed",PA,Paraguay,2022,2024,3,125,Domestic Consumption,8,(1000 MT),41.0
2224000,"Oilseed, Sunflowerseed",PA,Paraguay,2022,2024,3,176,Ending Stocks,8,(1000 MT),0.0
2224000,"Oilseed, Sunflowerseed",PA,Paraguay,2022,2024,3,88,Exports,8,(1000 MT),0.0
2224000,"Oilseed, Sunflowerseed",PA,Paraguay,2022,2024,3,161,Feed Waste Dom. Cons.,8,(1000 MT),5.0
2224000,"Oilseed, Sunflowerseed",PA,Paraguay,2022,2024,3,149,Food Use Dom. Cons.,8,(1000 MT),1.0
2224000,"Oilseed, Sunflowerseed",PA,Paraguay,2022,2024,3,57,Imports,8,(1000 MT),0.0
2224000,"Oilseed, Sunflowerseed",PA,Paraguay,2022,2024,3,28,Production,8,(1000 MT),41.0
2224000,"Oilseed, Sunflowerseed",PA,Paraguay,2022,2024,3,178,Total Distribution,8,(1000 MT),41.0
2224000,"Oilseed, Sunflowerseed",PA,Paraguay,2022,2024,3,86,Total Supply,8,(1000 MT),41.0
2224000,"Oilseed, Sunflowerseed",PA,Paraguay,2022,2024,3,184,Yield,26,(MT/HA),1.64
2224000,"Oilseed, Sunflowerseed",PA,Paraguay,2023,2024,4,4,Area Harvested,4,(1000 HA),24.0
2224000,"Oilseed, Sunflowerseed",PA,Paraguay,2023,2024,4,20,Beginning Stocks,8,(1000 MT),0.0
2224000,"Oilseed, Sunflowerseed",PA,Paraguay,2023,2024,4,7,Crush,8,(1000 MT),35.0
2224000,"Oilseed, Sunflowerseed",PA,Paraguay,2023,2024,4,125,Domestic Consumption,8,(1000 MT),39.0
2224000,"Oilseed, Sunflowerseed",PA,Paraguay,2023,2024,4,176,Ending Stocks,8,(1000 MT),0.0
2224000,"Oilseed, Sunflowerseed",PA,Paraguay,2023,2024,4,88,Exports,8,(1000 MT),0.0
2224000,"Oilseed, Sunflowerseed",PA,Paraguay,2023,2024,4,161,Feed Waste Dom. Cons.,8,(1000 MT),3.0
2224000,"Oilseed, Sunflowerseed",PA,Paraguay,2023,2024,4,149,Food Use Dom. Cons.,8,(1000 MT),1.0
2224000,"Oilseed, Sunflowerseed",PA,Paraguay,2023,2024,4,57,Imports,8,(1000 MT),0.0
2224000,"Oilseed, Sunflowerseed",PA,Paraguay,2023,2024,4,28,Production,8,(1000 MT),39.0
2224000,"Oilseed, Sunflowerseed",PA,Paraguay,2023,2024,4,178,Total Distribution,8,(1000 MT),39.0
2224000,"Oilseed, Sunflowerseed",PA,Paraguay,2023,2024,4,86,Total Supply,8,(1000 MT),39.0
2224000,"Oilseed, Sunflowerseed",PA,Paraguay,2023,2024,4,184,Yield,26,(MT/HA),1.63
2224000,"Oilseed, Sunflowerseed",PA,Paraguay,2024,2025,4,4,Area Harvested,4,(1000 HA),25.0
2224000,"Oilseed, Sunflowerseed",PA,Paraguay,2024,2025,4,20,Beginning Stocks,8,(1000 MT),0.0
2224000,"Oilseed, Sunflowerseed",PA,Paraguay,2024,2025,4,7,Crush,8,(1000 MT),35.0
2224000,"Oilseed, Sunflowerseed",PA,Paraguay,2024,2025,4,125,Domestic Consumption,8,(1000 MT),40.0
2224000,"Oilseed, Sunflowerseed",PA,Paraguay,2024,2025,4,176,Ending Stocks,8,(1000 MT),0.0
2224000,"Oilseed, Sunflowerseed",PA,Paraguay,2024,2025,4,88,Exports,8,(1000 MT),0.0
2224000,"Oilseed, Sunflowerseed",PA,Paraguay,2024,2025,4,161,Feed Waste Dom. Cons.,8,(1000 MT),4.0
2224000,"Oilseed, Sunflowerseed",PA,Paraguay,2024,2025,4,149,Food Use Dom. Cons.,8,(1000 MT),1.0
2224000,"Oilseed, Sunflowerseed",PA,Paraguay,2024,2025,4,57,Imports,8,(1000 MT),0.0
2224000,"Oilseed, Sunflowerseed",PA,Paraguay,2024,2025,4,28,Production,8,(1000 MT),40.0
2224000,"Oilseed, Sunflowerseed",PA,Paraguay,2024,2025,4,178,Total Distribution,8,(1000 MT),40.0
2224000,"Oilseed, Sunflowerseed",PA,Paraguay,2024,2025,4,86,Total Supply,8,(1000 MT),40.0
2224000,"Oilseed, Sunflowerseed",PA,Paraguay,2024,2025,4,184,Yield,26,(MT/HA),1.6
2224000,"Oilseed, Sunflowerseed",PA,Paraguay,2025,2026,3,4,Area Harvested,4,(1000 HA),25.0
2224000,"Oilseed, Sunflowerseed",PA,Paraguay,2025,2026,3,20,Beginning Stocks,8,(1000 MT),0.0
2224000,"Oilseed, Sunflowerseed",PA,Paraguay,2025,2026,3,7,Crush,8,(1000 MT),35.0
2224000,"Oilseed, Sunflowerseed",PA,Paraguay,2025,2026,3,125,Domestic Consumption,8,(1000 MT),40.0
2224000,"Oilseed, Sunflowerseed",PA,Paraguay,2025,2026,3,176,Ending Stocks,8,(1000 MT),0.0
2224000,"Oilseed, Sunflowerseed",PA,Paraguay,2025,2026,3,88,Exports,8,(1000 MT),0.0
2224000,"Oilseed, Sunflowerseed",PA,Paraguay,2025,2026,3,161,Feed Waste Dom. Cons.,8,(1000 MT),4.0
2224000,"Oilseed, Sunflowerseed",PA,Paraguay,2025,2026,3,149,Food Use Dom. Cons.,8,(1000 MT),1.0
2224000,"Oilseed, Sunflowerseed",PA,Paraguay,2025,2026,3,57,Imports,8,(1000 MT),0.0
2224000,"Oilseed, Sunflowerseed",PA,Paraguay,2025,2026,3,28,Production,8,(1000 MT),40.0
2224000,"Oilseed, Sunflowerseed",PA,Paraguay,2025,2026,3,178,Total Distribution,8,(1000 MT),40.0
2224000,"Oilseed, Sunflowerseed",PA,Paraguay,2025,2026,3,86,Total Supply,8,(1000 MT),40.0
2224000,"Oilseed, Sunflowerseed",PA,Paraguay,2025,2026,3,184,Yield,26,(MT/HA),1.6
2224000,"Oilseed, Sunflowerseed",RS,Russia,2022,2024,1,4,Area Harvested,4,(1000 HA),9111.0
2224000,"Oilseed, Sunflowerseed",RS,Russia,2022,2024,1,20,Beginning Stocks,8,(1000 MT),1018.0
2224000,"Oilseed, Sunflowerseed",RS,Russia,2022,2024,1,7,Crush,8,(1000 MT),15700.0
2224000,"Oilseed, Sunflowerseed",RS,Russia,2022,2024,1,125,Domestic Consumption,8,(1000 MT),16180.0
2224000,"Oilseed, Sunflowerseed",RS,Russia,2022,2024,1,176,Ending Stocks,8,(1000 MT),907.0
2224000,"Oilseed, Sunflowerseed",RS,Russia,2022,2024,1,88,Exports,8,(1000 MT),260.0
2224000,"Oilseed, Sunflowerseed",RS,Russia,2022,2024,1,161,Feed Waste Dom. Cons.,8,(1000 MT),280.0
2224000,"Oilseed, Sunflowerseed",RS,Russia,2022,2024,1,149,Food Use Dom. Cons.,8,(1000 MT),200.0
2224000,"Oilseed, Sunflowerseed",RS,Russia,2022,2024,1,57,Imports,8,(1000 MT),75.0
2224000,"Oilseed, Sunflowerseed",RS,Russia,2022,2024,1,28,Production,8,(1000 MT),16254.0
2224000,"Oilseed, Sunflowerseed",RS,Russia,2022,2024,1,178,Total Distribution,8,(1000 MT),17347.0
2224000,"Oilseed, Sunflowerseed",RS,Russia,2022,2024,1,86,Total Supply,8,(1000 MT),17347.0
2224000,"Oilseed, Sunflowerseed",RS,Russia,2022,2024,1,184,Yield,26,(MT/HA),1.78
2224000,"Oilseed, Sunflowerseed",RS,Russia,2023,2025,1,4,Area Harvested,4,(1000 HA),9300.0
2224000,"Oilseed, Sunflowerseed",RS,Russia,2023,2025,1,20,Beginning Stocks,8,(1000 MT),907.0
2224000,"Oilseed, Sunflowerseed",RS,Russia,2023,2025,1,7,Crush,8,(1000 MT),16500.0
2224000,"Oilseed, Sunflowerseed",RS,Russia,2023,2025,1,125,Domestic Consumption,8,(1000 MT),16980.0
2224000,"Oilseed, Sunflowerseed",RS,Russia,2023,2025,1,176,Ending Stocks,8,(1000 MT),717.0
2224000,"Oilseed, Sunflowerseed",RS,Russia,2023,2025,1,88,Exports,8,(1000 MT),375.0
2224000,"Oilseed, Sunflowerseed",RS,Russia,2023,2025,1,161,Feed Waste Dom. Cons.,8,(1000 MT),280.0
2224000,"Oilseed, Sunflowerseed",RS,Russia,2023,2025,1,149,Food Use Dom. Cons.,8,(1000 MT),200.0
2224000,"Oilseed, Sunflowerseed",RS,Russia,2023,2025,1,57,Imports,8,(1000 MT),65.0
2224000,"Oilseed, Sunflowerseed",RS,Russia,2023,2025,1,28,Production,8,(1000 MT),17100.0
2224000,"Oilseed, Sunflowerseed",RS,Russia,2023,2025,1,178,Total Distribution,8,(1000 MT),18072.0
2224000,"Oilseed, Sunflowerseed",RS,Russia,2023,2025,1,86,Total Supply,8,(1000 MT),18072.0
2224000,"Oilseed, Sunflowerseed",RS,Russia,2023,2025,1,184,Yield,26,(MT/HA),1.84
2224000,"Oilseed, Sunflowerseed",RS,Russia,2024,2025,11,4,Area Harvested,4,(1000 HA),9600.0
2224000,"Oilseed, Sunflowerseed",RS,Russia,2024,2025,11,20,Beginning Stocks,8,(1000 MT),717.0
2224000,"Oilseed, Sunflowerseed",RS,Russia,2024,2025,11,7,Crush,8,(1000 MT),16300.0
2224000,"Oilseed, Sunflowerseed",RS,Russia,2024,2025,11,125,Domestic Consumption,8,(1000 MT),16800.0
2224000,"Oilseed, Sunflowerseed",RS,Russia,2024,2025,11,176,Ending Stocks,8,(1000 MT),697.0
2224000,"Oilseed, Sunflowerseed",RS,Russia,2024,2025,11,88,Exports,8,(1000 MT),200.0
2224000,"Oilseed, Sunflowerseed",RS,Russia,2024,2025,11,161,Feed Waste Dom. Cons.,8,(1000 MT),300.0
2224000,"Oilseed, Sunflowerseed",RS,Russia,2024,2025,11,149,Food Use Dom. Cons.,8,(1000 MT),200.0
2224000,"Oilseed, Sunflowerseed",RS,Russia,2024,2025,11,57,Imports,8,(1000 MT),80.0
2224000,"Oilseed, Sunflowerseed",RS,Russia,2024,2025,11,28,Production,8,(1000 MT),16900.0
2224000,"Oilseed, Sunflowerseed",RS,Russia,2024,2025,11,178,Total Distribution,8,(1000 MT),17697.0
2224000,"Oilseed, Sunflowerseed",RS,Russia,2024,2025,11,86,Total Supply,8,(1000 MT),17697.0
2224000,"Oilseed, Sunflowerseed",RS,Russia,2024,2025,11,184,Yield,26,(MT/HA),1.76
2224000,"Oilseed, Sunflowerseed",RS,Russia,2025,2026,3,4,Area Harvested,4,(1000 HA),10300.0
2224000,"Oilseed, Sunflowerseed",RS,Russia,2025,2026,3,20,Beginning Stocks,8,(1000 MT),697.0
2224000,"Oilseed, Sunflowerseed",RS,Russia,2025,2026,3,7,Crush,8,(1000 MT),16300.0
2224000,"Oilseed, Sunflowerseed",RS,Russia,2025,2026,3,125,Domestic Consumption,8,(1000 MT),16800.0
2224000,"Oilseed, Sunflowerseed",RS,Russia,2025,2026,3,176,Ending Stocks,8,(1000 MT),647.0
2224000,"Oilseed, Sunflowerseed",RS,Russia,2025,2026,3,88,Exports,8,(1000 MT),300.0
2224000,"Oilseed, Sunflowerseed",RS,Russia,2025,2026,3,161,Feed Waste Dom. Cons.,8,(1000 MT),300.0
2224000,"Oilseed, Sunflowerseed",RS,Russia,2025,2026,3,149,Food Use Dom. Cons.,8,(1000 MT),200.0
2224000,"Oilseed, Sunflowerseed",RS,Russia,2025,2026,3,57,Imports,8,(1000 MT),50.0
2224000,"Oilseed, Sunflowerseed",RS,Russia,2025,2026,3,28,Production,8,(1000 MT),17000.0
2224000,"Oilseed, Sunflowerseed",RS,Russia,2025,2026,3,178,Total Distribution,8,(1000 MT),17747.0
2224000,"Oilseed, Sunflowerseed",RS,Russia,2025,2026,3,86,Total Supply,8,(1000 MT),17747.0
2224000,"Oilseed, Sunflowerseed",RS,Russia,2025,2026,3,184,Yield,26,(MT/HA),1.65
2224000,"Oilseed, Sunflowerseed",SA,Saudi Arabia,2022,2024,3,4,Area Harvested,4,(1000 HA),0.0
2224000,"Oilseed, Sunflowerseed",SA,Saudi Arabia,2022,2024,3,20,Beginning Stocks,8,(1000 MT),0.0
2224000,"Oilseed, Sunflowerseed",SA,Saudi Arabia,2022,2024,3,7,Crush,8,(1000 MT),0.0
2224000,"Oilseed, Sunflowerseed",SA,Saudi Arabia,2022,2024,3,125,Domestic Consumption,8,(1000 MT),12.0
2224000,"Oilseed, Sunflowerseed",SA,Saudi Arabia,2022,2024,3,176,Ending Stocks,8,(1000 MT),0.0
2224000,"Oilseed, Sunflowerseed",SA,Saudi Arabia,2022,2024,3,88,Exports,8,(1000 MT),0.0
2224000,"Oilseed, Sunflowerseed",SA,Saudi Arabia,2022,2024,3,161,Feed Waste Dom. Cons.,8,(1000 MT),0.0
2224000,"Oilseed, Sunflowerseed",SA,Saudi Arabia,2022,2024,3,149,Food Use Dom. Cons.,8,(1000 MT),12.0
2224000,"Oilseed, Sunflowerseed",SA,Saudi Arabia,2022,2024,3,57,Imports,8,(1000 MT),12.0
2224000,"Oilseed, Sunflowerseed",SA,Saudi Arabia,2022,2024,3,28,Production,8,(1000 MT),0.0
2224000,"Oilseed, Sunflowerseed",SA,Saudi Arabia,2022,2024,3,178,Total Distribution,8,(1000 MT),12.0
2224000,"Oilseed, Sunflowerseed",SA,Saudi Arabia,2022,2024,3,86,Total Supply,8,(1000 MT),12.0
2224000,"Oilseed, Sunflowerseed",SA,Saudi Arabia,2022,2024,3,184,Yield,26,(MT/HA),0.0
2224000,"Oilseed, Sunflowerseed",SA,Saudi Arabia,2023,2025,4,4,Area Harvested,4,(1000 HA),0.0
2224000,"Oilseed, Sunflowerseed",SA,Saudi Arabia,2023,2025,4,20,Beginning Stocks,8,(1000 MT),0.0
2224000,"Oilseed, Sunflowerseed",SA,Saudi Arabia,2023,2025,4,7,Crush,8,(1000 MT),0.0
2224000,"Oilseed, Sunflowerseed",SA,Saudi Arabia,2023,2025,4,125,Domestic Consumption,8,(1000 MT),16.0
2224000,"Oilseed, Sunflowerseed",SA,Saudi Arabia,2023,2025,4,176,Ending Stocks,8,(1000 MT),0.0
2224000,"Oilseed, Sunflowerseed",SA,Saudi Arabia,2023,2025,4,88,Exports,8,(1000 MT),0.0
2224000,"Oilseed, Sunflowerseed",SA,Saudi Arabia,2023,2025,4,161,Feed Waste Dom. Cons.,8,(1000 MT),0.0
2224000,"Oilseed, Sunflowerseed",SA,Saudi Arabia,2023,2025,4,149,Food Use Dom. Cons.,8,(1000 MT),16.0
2224000,"Oilseed, Sunflowerseed",SA,Saudi Arabia,2023,2025,4,57,Imports,8,(1000 MT),16.0
2224000,"Oilseed, Sunflowerseed",SA,Saudi Arabia,2023,2025,4,28,Production,8,(1000 MT),0.0
2224000,"Oilseed, Sunflowerseed",SA,Saudi Arabia,2023,2025,4,178,Total Distribution,8,(1000 MT),16.0
2224000,"Oilseed, Sunflowerseed",SA,Saudi Arabia,2023,2025,4,86,Total Supply,8,(1000 MT),16.0
2224000,"Oilseed, Sunflowerseed",SA,Saudi Arabia,2023,2025,4,184,Yield,26,(MT/HA),0.0
2224000,"Oilseed, Sunflowerseed",SA,Saudi Arabia,2024,2025,12,4,Area Harvested,4,(1000 HA),0.0
2224000,"Oilseed, Sunflowerseed",SA,Saudi Arabia,2024,2025,12,20,Beginning Stocks,8,(1000 MT),0.0
2224000,"Oilseed, Sunflowerseed",SA,Saudi Arabia,2024,2025,12,7,Crush,8,(1000 MT),0.0
2224000,"Oilseed, Sunflowerseed",SA,Saudi Arabia,2024,2025,12,125,Domestic Consumption,8,(1000 MT),13.0
2224000,"Oilseed, Sunflowerseed",SA,Saudi Arabia,2024,2025,12,176,Ending Stocks,8,(1000 MT),0.0
2224000,"Oilseed, Sunflowerseed",SA,Saudi Arabia,2024,2025,12,88,Exports,8,(1000 MT),0.0
2224000,"Oilseed, Sunflowerseed",SA,Saudi Arabia,2024,2025,12,161,Feed Waste Dom. Cons.,8,(1000 MT),0.0
2224000,"Oilseed, Sunflowerseed",SA,Saudi Arabia,2024,2025,12,149,Food Use Dom. Cons.,8,(1000 MT),13.0
2224000,"Oilseed, Sunflowerseed",SA,Saudi Arabia,2024,2025,12,57,Imports,8,(1000 MT),13.0
2224000,"Oilseed, Sunflowerseed",SA,Saudi Arabia,2024,2025,12,28,Production,8,(1000 MT),0.0
2224000,"Oilseed, Sunflowerseed",SA,Saudi Arabia,2024,2025,12,178,Total Distribution,8,(1000 MT),13.0
2224000,"Oilseed, Sunflowerseed",SA,Saudi Arabia,2024,2025,12,86,Total Supply,8,(1000 MT),13.0
2224000,"Oilseed, Sunflowerseed",SA,Saudi Arabia,2024,2025,12,184,Yield,26,(MT/HA),0.0
2224000,"Oilseed, Sunflowerseed",SA,Saudi Arabia,2025,2026,3,4,Area Harvested,4,(1000 HA),0.0
2224000,"Oilseed, Sunflowerseed",SA,Saudi Arabia,2025,2026,3,20,Beginning Stocks,8,(1000 MT),0.0
2224000,"Oilseed, Sunflowerseed",SA,Saudi Arabia,2025,2026,3,7,Crush,8,(1000 MT),0.0
2224000,"Oilseed, Sunflowerseed",SA,Saudi Arabia,2025,2026,3,125,Domestic Consumption,8,(1000 MT),16.0
2224000,"Oilseed, Sunflowerseed",SA,Saudi Arabia,2025,2026,3,176,Ending Stocks,8,(1000 MT),0.0
2224000,"Oilseed, Sunflowerseed",SA,Saudi Arabia,2025,2026,3,88,Exports,8,(1000 MT),0.0
2224000,"Oilseed, Sunflowerseed",SA,Saudi Arabia,2025,2026,3,161,Feed Waste Dom. Cons.,8,(1000 MT),0.0
2224000,"Oilseed, Sunflowerseed",SA,Saudi Arabia,2025,2026,3,149,Food Use Dom. Cons.,8,(1000 MT),16.0
2224000,"Oilseed, Sunflowerseed",SA,Saudi Arabia,2025,2026,3,57,Imports,8,(1000 MT),16.0
2224000,"Oilseed, Sunflowerseed",SA,Saudi Arabia,2025,2026,3,28,Production,8,(1000 MT),0.0
2224000,"Oilseed, Sunflowerseed",SA,Saudi Arabia,2025,2026,3,178,Total Distribution,8,(1000 MT),16.0
2224000,"Oilseed, Sunflowerseed",SA,Saudi Arabia,2025,2026,3,86,Total Supply,8,(1000 MT),16.0
2224000,"Oilseed, Sunflowerseed",SA,Saudi Arabia,2025,2026,3,184,Yield,26,(MT/HA),0.0
2224000,"Oilseed, Sunflowerseed",RB,Serbia,2022,2025,4,4,Area Harvested,4,(1000 HA),251.0
2224000,"Oilseed, Sunflowerseed",RB,Serbia,2022,2025,4,20,Beginning Stocks,8,(1000 MT),41.0
2224000,"Oilseed, Sunflowerseed",RB,Serbia,2022,2025,4,7,Crush,8,(1000 MT),530.0
2224000,"Oilseed, Sunflowerseed",RB,Serbia,2022,2025,4,125,Domestic Consumption,8,(1000 MT),562.0
2224000,"Oilseed, Sunflowerseed",RB,Serbia,2022,2025,4,176,Ending Stocks,8,(1000 MT),42.0
2224000,"Oilseed, Sunflowerseed",RB,Serbia,2022,2025,4,88,Exports,8,(1000 MT),84.0
2224000,"Oilseed, Sunflowerseed",RB,Serbia,2022,2025,4,161,Feed Waste Dom. Cons.,8,(1000 MT),7.0
2224000,"Oilseed, Sunflowerseed",RB,Serbia,2022,2025,4,149,Food Use Dom. Cons.,8,(1000 MT),25.0
2224000,"Oilseed, Sunflowerseed",RB,Serbia,2022,2025,4,57,Imports,8,(1000 MT),4.0
2224000,"Oilseed, Sunflowerseed",RB,Serbia,2022,2025,4,28,Production,8,(1000 MT),643.0
2224000,"Oilseed, Sunflowerseed",RB,Serbia,2022,2025,4,178,Total Distribution,8,(1000 MT),688.0
2224000,"Oilseed, Sunflowerseed",RB,Serbia,2022,2025,4,86,Total Supply,8,(1000 MT),688.0
2224000,"Oilseed, Sunflowerseed",RB,Serbia,2022,2025,4,184,Yield,26,(MT/HA),2.56
2224000,"Oilseed, Sunflowerseed",RB,Serbia,2023,2025,4,4,Area Harvested,4,(1000 HA),250.0
2224000,"Oilseed, Sunflowerseed",RB,Serbia,2023,2025,4,20,Beginning Stocks,8,(1000 MT),42.0
2224000,"Oilseed, Sunflowerseed",RB,Serbia,2023,2025,4,7,Crush,8,(1000 MT),570.0
2224000,"Oilseed, Sunflowerseed",RB,Serbia,2023,2025,4,125,Domestic Consumption,8,(1000 MT),603.0
2224000,"Oilseed, Sunflowerseed",RB,Serbia,2023,2025,4,176,Ending Stocks,8,(1000 MT),59.0
2224000,"Oilseed, Sunflowerseed",RB,Serbia,2023,2025,4,88,Exports,8,(1000 MT),115.0
2224000,"Oilseed, Sunflowerseed",RB,Serbia,2023,2025,4,161,Feed Waste Dom. Cons.,8,(1000 MT),8.0
2224000,"Oilseed, Sunflowerseed",RB,Serbia,2023,2025,4,149,Food Use Dom. Cons.,8,(1000 MT),25.0
2224000,"Oilseed, Sunflowerseed",RB,Serbia,2023,2025,4,57,Imports,8,(1000 MT),10.0
2224000,"Oilseed, Sunflowerseed",RB,Serbia,2023,2025,4,28,Production,8,(1000 MT),725.0
2224000,"Oilseed, Sunflowerseed",RB,Serbia,2023,2025,4,178,Total Distribution,8,(1000 MT),777.0
2224000,"Oilseed, Sunflowerseed",RB,Serbia,2023,2025,4,86,Total Supply,8,(1000 MT),777.0
2224000,"Oilseed, Sunflowerseed",RB,Serbia,2023,2025,4,184,Yield,26,(MT/HA),2.9
2224000,"Oilseed, Sunflowerseed",RB,Serbia,2024,2025,12,4,Area Harvested,4,(1000 HA),250.0
2224000,"Oilseed, Sunflowerseed",RB,Serbia,2024,2025,12,20,Beginning Stocks,8,(1000 MT),59.0
2224000,"Oilseed, Sunflowerseed",RB,Serbia,2024,2025,12,7,Crush,8,(1000 MT),500.0
2224000,"Oilseed, Sunflowerseed",RB,Serbia,2024,2025,12,125,Domestic Consumption,8,(1000 MT),532.0
2224000,"Oilseed, Sunflowerseed",RB,Serbia,2024,2025,12,176,Ending Stocks,8,(1000 MT),38.0
2224000,"Oilseed, Sunflowerseed",RB,Serbia,2024,2025,12,88,Exports,8,(1000 MT),143.0
2224000,"Oilseed, Sunflowerseed",RB,Serbia,2024,2025,12,161,Feed Waste Dom. Cons.,8,(1000 MT),7.0
2224000,"Oilseed, Sunflowerseed",RB,Serbia,2024,2025,12,149,Food Use Dom. Cons.,8,(1000 MT),25.0
2224000,"Oilseed, Sunflowerseed",RB,Serbia,2024,2025,12,57,Imports,8,(1000 MT),29.0
2224000,"Oilseed, Sunflowerseed",RB,Serbia,2024,2025,12,28,Production,8,(1000 MT),625.0
2224000,"Oilseed, Sunflowerseed",RB,Serbia,2024,2025,12,178,Total Distribution,8,(1000 MT),713.0
2224000,"Oilseed, Sunflowerseed",RB,Serbia,2024,2025,12,86,Total Supply,8,(1000 MT),713.0
2224000,"Oilseed, Sunflowerseed",RB,Serbia,2024,2025,12,184,Yield,26,(MT/HA),2.5
2224000,"Oilseed, Sunflowerseed",RB,Serbia,2025,2026,3,4,Area Harvested,4,(1000 HA),250.0
2224000,"Oilseed, Sunflowerseed",RB,Serbia,2025,2026,3,20,Beginning Stocks,8,(1000 MT),38.0
2224000,"Oilseed, Sunflowerseed",RB,Serbia,2025,2026,3,7,Crush,8,(1000 MT),500.0
2224000,"Oilseed, Sunflowerseed",RB,Serbia,2025,2026,3,125,Domestic Consumption,8,(1000 MT),532.0
2224000,"Oilseed, Sunflowerseed",RB,Serbia,2025,2026,3,176,Ending Stocks,8,(1000 MT),46.0
2224000,"Oilseed, Sunflowerseed",RB,Serbia,2025,2026,3,88,Exports,8,(1000 MT),90.0
2224000,"Oilseed, Sunflowerseed",RB,Serbia,2025,2026,3,161,Feed Waste Dom. Cons.,8,(1000 MT),7.0
2224000,"Oilseed, Sunflowerseed",RB,Serbia,2025,2026,3,149,Food Use Dom. Cons.,8,(1000 MT),25.0
2224000,"Oilseed, Sunflowerseed",RB,Serbia,2025,2026,3,57,Imports,8,(1000 MT),30.0
2224000,"Oilseed, Sunflowerseed",RB,Serbia,2025,2026,3,28,Production,8,(1000 MT),600.0
2224000,"Oilseed, Sunflowerseed",RB,Serbia,2025,2026,3,178,Total Distribution,8,(1000 MT),668.0
2224000,"Oilseed, Sunflowerseed",RB,Serbia,2025,2026,3,86,Total Supply,8,(1000 MT),668.0
2224000,"Oilseed, Sunflowerseed",RB,Serbia,2025,2026,3,184,Yield,26,(MT/HA),2.4
2224000,"Oilseed, Sunflowerseed",SF,South Africa,2022,2025,4,4,Area Harvested,4,(1000 HA),556.0
2224000,"Oilseed, Sunflowerseed",SF,South Africa,2022,2025,4,20,Beginning Stocks,8,(1000 MT),54.0
2224000,"Oilseed, Sunflowerseed",SF,South Africa,2022,2025,4,7,Crush,8,(1000 MT),675.0
2224000,"Oilseed, Sunflowerseed",SF,South Africa,2022,2025,4,125,Domestic Consumption,8,(1000 MT),687.0
2224000,"Oilseed, Sunflowerseed",SF,South Africa,2022,2025,4,176,Ending Stocks,8,(1000 MT),99.0
2224000,"Oilseed, Sunflowerseed",SF,South Africa,2022,2025,4,88,Exports,8,(1000 MT),1.0
2224000,"Oilseed, Sunflowerseed",SF,South Africa,2022,2025,4,161,Feed Waste Dom. Cons.,8,(1000 MT),10.0
2224000,"Oilseed, Sunflowerseed",SF,South Africa,2022,2025,4,149,Food Use Dom. Cons.,8,(1000 MT),2.0
2224000,"Oilseed, Sunflowerseed",SF,South Africa,2022,2025,4,57,Imports,8,(1000 MT),13.0
2224000,"Oilseed, Sunflowerseed",SF,South Africa,2022,2025,4,28,Production,8,(1000 MT),720.0
2224000,"Oilseed, Sunflowerseed",SF,South Africa,2022,2025,4,178,Total Distribution,8,(1000 MT),787.0
2224000,"Oilseed, Sunflowerseed",SF,South Africa,2022,2025,4,86,Total Supply,8,(1000 MT),787.0
2224000,"Oilseed, Sunflowerseed",SF,South Africa,2022,2025,4,184,Yield,26,(MT/HA),1.3
2224000,"Oilseed, Sunflowerseed",SF,South Africa,2023,2025,9,4,Area Harvested,4,(1000 HA),529.0
2224000,"Oilseed, Sunflowerseed",SF,South Africa,2023,2025,9,20,Beginning Stocks,8,(1000 MT),99.0
2224000,"Oilseed, Sunflowerseed",SF,South Africa,2023,2025,9,7,Crush,8,(1000 MT),650.0
2224000,"Oilseed, Sunflowerseed",SF,South Africa,2023,2025,9,125,Domestic Consumption,8,(1000 MT),661.0
2224000,"Oilseed, Sunflowerseed",SF,South Africa,2023,2025,9,176,Ending Stocks,8,(1000 MT),70.0
2224000,"Oilseed, Sunflowerseed",SF,South Africa,2023,2025,9,88,Exports,8,(1000 MT),2.0
2224000,"Oilseed, Sunflowerseed",SF,South Africa,2023,2025,9,161,Feed Waste Dom. Cons.,8,(1000 MT),9.0
2224000,"Oilseed, Sunflowerseed",SF,South Africa,2023,2025,9,149,Food Use Dom. Cons.,8,(1000 MT),2.0
2224000,"Oilseed, Sunflowerseed",SF,South Africa,2023,2025,9,57,Imports,8,(1000 MT),2.0
2224000,"Oilseed, Sunflowerseed",SF,South Africa,2023,2025,9,28,Production,8,(1000 MT),632.0
2224000,"Oilseed, Sunflowerseed",SF,South Africa,2023,2025,9,178,Total Distribution,8,(1000 MT),733.0
2224000,"Oilseed, Sunflowerseed",SF,South Africa,2023,2025,9,86,Total Supply,8,(1000 MT),733.0
2224000,"Oilseed, Sunflowerseed",SF,South Africa,2023,2025,9,184,Yield,26,(MT/HA),1.19
2224000,"Oilseed, Sunflowerseed",SF,South Africa,2024,2026,3,4,Area Harvested,4,(1000 HA),556.0
2224000,"Oilseed, Sunflowerseed",SF,South Africa,2024,2026,3,20,Beginning Stocks,8,(1000 MT),70.0
2224000,"Oilseed, Sunflowerseed",SF,South Africa,2024,2026,3,7,Crush,8,(1000 MT),750.0
2224000,"Oilseed, Sunflowerseed",SF,South Africa,2024,2026,3,125,Domestic Consumption,8,(1000 MT),762.0
2224000,"Oilseed, Sunflowerseed",SF,South Africa,2024,2026,3,176,Ending Stocks,8,(1000 MT),66.0
2224000,"Oilseed, Sunflowerseed",SF,South Africa,2024,2026,3,88,Exports,8,(1000 MT),20.0
2224000,"Oilseed, Sunflowerseed",SF,South Africa,2024,2026,3,161,Feed Waste Dom. Cons.,8,(1000 MT),10.0
2224000,"Oilseed, Sunflowerseed",SF,South Africa,2024,2026,3,149,Food Use Dom. Cons.,8,(1000 MT),2.0
2224000,"Oilseed, Sunflowerseed",SF,South Africa,2024,2026,3,57,Imports,8,(1000 MT),70.0
2224000,"Oilseed, Sunflowerseed",SF,South Africa,2024,2026,3,28,Production,8,(1000 MT),708.0
2224000,"Oilseed, Sunflowerseed",SF,South Africa,2024,2026,3,178,Total Distribution,8,(1000 MT),848.0
2224000,"Oilseed, Sunflowerseed",SF,South Africa,2024,2026,3,86,Total Supply,8,(1000 MT),848.0
2224000,"Oilseed, Sunflowerseed",SF,South Africa,2024,2026,3,184,Yield,26,(MT/HA),1.27
2224000,"Oilseed, Sunflowerseed",SF,South Africa,2025,2026,3,4,Area Harvested,4,(1000 HA),560.0
2224000,"Oilseed, Sunflowerseed",SF,South Africa,2025,2026,3,20,Beginning Stocks,8,(1000 MT),66.0
2224000,"Oilseed, Sunflowerseed",SF,South Africa,2025,2026,3,7,Crush,8,(1000 MT),725.0
2224000,"Oilseed, Sunflowerseed",SF,South Africa,2025,2026,3,125,Domestic Consumption,8,(1000 MT),735.0
2224000,"Oilseed, Sunflowerseed",SF,South Africa,2025,2026,3,176,Ending Stocks,8,(1000 MT),65.0
2224000,"Oilseed, Sunflowerseed",SF,South Africa,2025,2026,3,88,Exports,8,(1000 MT),1.0
2224000,"Oilseed, Sunflowerseed",SF,South Africa,2025,2026,3,161,Feed Waste Dom. Cons.,8,(1000 MT),8.0
2224000,"Oilseed, Sunflowerseed",SF,South Africa,2025,2026,3,149,Food Use Dom. Cons.,8,(1000 MT),2.0
2224000,"Oilseed, Sunflowerseed",SF,South Africa,2025,2026,3,57,Imports,8,(1000 MT),15.0
2224000,"Oilseed, Sunflowerseed",SF,South Africa,2025,2026,3,28,Production,8,(1000 MT),720.0
2224000,"Oilseed, Sunflowerseed",SF,South Africa,2025,2026,3,178,Total Distribution,8,(1000 MT),801.0
2224000,"Oilseed, Sunflowerseed",SF,South Africa,2025,2026,3,86,Total Supply,8,(1000 MT),801.0
2224000,"Oilseed, Sunflowerseed",SF,South Africa,2025,2026,3,184,Yield,26,(MT/HA),1.29
2224000,"Oilseed, Sunflowerseed",SZ,Switzerland,2022,2025,4,4,Area Harvested,4,(1000 HA),5.0
2224000,"Oilseed, Sunflowerseed",SZ,Switzerland,2022,2025,4,20,Beginning Stocks,8,(1000 MT),0.0
2224000,"Oilseed, Sunflowerseed",SZ,Switzerland,2022,2025,4,7,Crush,8,(1000 MT),18.0
2224000,"Oilseed, Sunflowerseed",SZ,Switzerland,2022,2025,4,125,Domestic Consumption,8,(1000 MT),18.0
2224000,"Oilseed, Sunflowerseed",SZ,Switzerland,2022,2025,4,176,Ending Stocks,8,(1000 MT),0.0
2224000,"Oilseed, Sunflowerseed",SZ,Switzerland,2022,2025,4,88,Exports,8,(1000 MT),0.0
2224000,"Oilseed, Sunflowerseed",SZ,Switzerland,2022,2025,4,161,Feed Waste Dom. Cons.,8,(1000 MT),0.0
2224000,"Oilseed, Sunflowerseed",SZ,Switzerland,2022,2025,4,149,Food Use Dom. Cons.,8,(1000 MT),0.0
2224000,"Oilseed, Sunflowerseed",SZ,Switzerland,2022,2025,4,57,Imports,8,(1000 MT),4.0
2224000,"Oilseed, Sunflowerseed",SZ,Switzerland,2022,2025,4,28,Production,8,(1000 MT),14.0
2224000,"Oilseed, Sunflowerseed",SZ,Switzerland,2022,2025,4,178,Total Distribution,8,(1000 MT),18.0
2224000,"Oilseed, Sunflowerseed",SZ,Switzerland,2022,2025,4,86,Total Supply,8,(1000 MT),18.0
2224000,"Oilseed, Sunflowerseed",SZ,Switzerland,2022,2025,4,184,Yield,26,(MT/HA),2.8
2224000,"Oilseed, Sunflowerseed",SZ,Switzerland,2023,2025,4,4,Area Harvested,4,(1000 HA),5.0
2224000,"Oilseed, Sunflowerseed",SZ,Switzerland,2023,2025,4,20,Beginning Stocks,8,(1000 MT),0.0
2224000,"Oilseed, Sunflowerseed",SZ,Switzerland,2023,2025,4,7,Crush,8,(1000 MT),20.0
2224000,"Oilseed, Sunflowerseed",SZ,Switzerland,2023,2025,4,125,Domestic Consumption,8,(1000 MT),20.0
2224000,"Oilseed, Sunflowerseed",SZ,Switzerland,2023,2025,4,176,Ending Stocks,8,(1000 MT),0.0
2224000,"Oilseed, Sunflowerseed",SZ,Switzerland,2023,2025,4,88,Exports,8,(1000 MT),0.0
2224000,"Oilseed, Sunflowerseed",SZ,Switzerland,2023,2025,4,161,Feed Waste Dom. Cons.,8,(1000 MT),0.0
2224000,"Oilseed, Sunflowerseed",SZ,Switzerland,2023,2025,4,149,Food Use Dom. Cons.,8,(1000 MT),0.0
2224000,"Oilseed, Sunflowerseed",SZ,Switzerland,2023,2025,4,57,Imports,8,(1000 MT),5.0
2224000,"Oilseed, Sunflowerseed",SZ,Switzerland,2023,2025,4,28,Production,8,(1000 MT),15.0
2224000,"Oilseed, Sunflowerseed",SZ,Switzerland,2023,2025,4,178,Total Distribution,8,(1000 MT),20.0
2224000,"Oilseed, Sunflowerseed",SZ,Switzerland,2023,2025,4,86,Total Supply,8,(1000 MT),20.0
2224000,"Oilseed, Sunflowerseed",SZ,Switzerland,2023,2025,4,184,Yield,26,(MT/HA),3.0
2224000,"Oilseed, Sunflowerseed",SZ,Switzerland,2024,2025,4,4,Area Harvested,4,(1000 HA),5.0
2224000,"Oilseed, Sunflowerseed",SZ,Switzerland,2024,2025,4,20,Beginning Stocks,8,(1000 MT),0.0
2224000,"Oilseed, Sunflowerseed",SZ,Switzerland,2024,2025,4,7,Crush,8,(1000 MT),20.0
2224000,"Oilseed, Sunflowerseed",SZ,Switzerland,2024,2025,4,125,Domestic Consumption,8,(1000 MT),20.0
2224000,"Oilseed, Sunflowerseed",SZ,Switzerland,2024,2025,4,176,Ending Stocks,8,(1000 MT),0.0
2224000,"Oilseed, Sunflowerseed",SZ,Switzerland,2024,2025,4,88,Exports,8,(1000 MT),0.0
2224000,"Oilseed, Sunflowerseed",SZ,Switzerland,2024,2025,4,161,Feed Waste Dom. Cons.,8,(1000 MT),0.0
2224000,"Oilseed, Sunflowerseed",SZ,Switzerland,2024,2025,4,149,Food Use Dom. Cons.,8,(1000 MT),0.0
2224000,"Oilseed, Sunflowerseed",SZ,Switzerland,2024,2025,4,57,Imports,8,(1000 MT),5.0
2224000,"Oilseed, Sunflowerseed",SZ,Switzerland,2024,2025,4,28,Production,8,(1000 MT),15.0
2224000,"Oilseed, Sunflowerseed",SZ,Switzerland,2024,2025,4,178,Total Distribution,8,(1000 MT),20.0
2224000,"Oilseed, Sunflowerseed",SZ,Switzerland,2024,2025,4,86,Total Supply,8,(1000 MT),20.0
2224000,"Oilseed, Sunflowerseed",SZ,Switzerland,2024,2025,4,184,Yield,26,(MT/HA),3.0
2224000,"Oilseed, Sunflowerseed",SZ,Switzerland,2025,2026,3,4,Area Harvested,4,(1000 HA),5.0
2224000,"Oilseed, Sunflowerseed",SZ,Switzerland,2025,2026,3,20,Beginning Stocks,8,(1000 MT),0.0
2224000,"Oilseed, Sunflowerseed",SZ,Switzerland,2025,2026,3,7,Crush,8,(1000 MT),20.0
2224000,"Oilseed, Sunflowerseed",SZ,Switzerland,2025,2026,3,125,Domestic Consumption,8,(1000 MT),20.0
2224000,"Oilseed, Sunflowerseed",SZ,Switzerland,2025,2026,3,176,Ending Stocks,8,(1000 MT),0.0
2224000,"Oilseed, Sunflowerseed",SZ,Switzerland,2025,2026,3,88,Exports,8,(1000 MT),0.0
2224000,"Oilseed, Sunflowerseed",SZ,Switzerland,2025,2026,3,161,Feed Waste Dom. Cons.,8,(1000 MT),0.0
2224000,"Oilseed, Sunflowerseed",SZ,Switzerland,2025,2026,3,149,Food Use Dom. Cons.,8,(1000 MT),0.0
2224000,"Oilseed, Sunflowerseed",SZ,Switzerland,2025,2026,3,57,Imports,8,(1000 MT),5.0
2224000,"Oilseed, Sunflowerseed",SZ,Switzerland,2025,2026,3,28,Production,8,(1000 MT),15.0
2224000,"Oilseed, Sunflowerseed",SZ,Switzerland,2025,2026,3,178,Total Distribution,8,(1000 MT),20.0
2224000,"Oilseed, Sunflowerseed",SZ,Switzerland,2025,2026,3,86,Total Supply,8,(1000 MT),20.0
2224000,"Oilseed, Sunflowerseed",SZ,Switzerland,2025,2026,3,184,Yield,26,(MT/HA),3.0
2224000,"Oilseed, Sunflowerseed",TU,Turkey,2022,2025,4,4,Area Harvested,4,(1000 HA),790.0
2224000,"Oilseed, Sunflowerseed",TU,Turkey,2022,2025,4,20,Beginning Stocks,8,(1000 MT),101.0
2224000,"Oilseed, Sunflowerseed",TU,Turkey,2022,2025,4,7,Crush,8,(1000 MT),2450.0
2224000,"Oilseed, Sunflowerseed",TU,Turkey,2022,2025,4,125,Domestic Consumption,8,(1000 MT),2672.0
2224000,"Oilseed, Sunflowerseed",TU,Turkey,2022,2025,4,176,Ending Stocks,8,(1000 MT),168.0
2224000,"Oilseed, Sunflowerseed",TU,Turkey,2022,2025,4,88,Exports,8,(1000 MT),102.0
2224000,"Oilseed, Sunflowerseed",TU,Turkey,2022,2025,4,161,Feed Waste Dom. Cons.,8,(1000 MT),2.0
2224000,"Oilseed, Sunflowerseed",TU,Turkey,2022,2025,4,149,Food Use Dom. Cons.,8,(1000 MT),220.0
2224000,"Oilseed, Sunflowerseed",TU,Turkey,2022,2025,4,57,Imports,8,(1000 MT),941.0
2224000,"Oilseed, Sunflowerseed",TU,Turkey,2022,2025,4,28,Production,8,(1000 MT),1900.0
2224000,"Oilseed, Sunflowerseed",TU,Turkey,2022,2025,4,178,Total Distribution,8,(1000 MT),2942.0
2224000,"Oilseed, Sunflowerseed",TU,Turkey,2022,2025,4,86,Total Supply,8,(1000 MT),2942.0
2224000,"Oilseed, Sunflowerseed",TU,Turkey,2022,2025,4,184,Yield,26,(MT/HA),2.41
2224000,"Oilseed, Sunflowerseed",TU,Turkey,2023,2025,4,4,Area Harvested,4,(1000 HA),700.0
2224000,"Oilseed, Sunflowerseed",TU,Turkey,2023,2025,4,20,Beginning Stocks,8,(1000 MT),168.0
2224000,"Oilseed, Sunflowerseed",TU,Turkey,2023,2025,4,7,Crush,8,(1000 MT),1600.0
2224000,"Oilseed, Sunflowerseed",TU,Turkey,2023,2025,4,125,Domestic Consumption,8,(1000 MT),1802.0
2224000,"Oilseed, Sunflowerseed",TU,Turkey,2023,2025,4,176,Ending Stocks,8,(1000 MT),142.0
2224000,"Oilseed, Sunflowerseed",TU,Turkey,2023,2025,4,88,Exports,8,(1000 MT),102.0
2224000,"Oilseed, Sunflowerseed",TU,Turkey,2023,2025,4,161,Feed Waste Dom. Cons.,8,(1000 MT),2.0
2224000,"Oilseed, Sunflowerseed",TU,Turkey,2023,2025,4,149,Food Use Dom. Cons.,8,(1000 MT),200.0
2224000,"Oilseed, Sunflowerseed",TU,Turkey,2023,2025,4,57,Imports,8,(1000 MT),328.0
2224000,"Oilseed, Sunflowerseed",TU,Turkey,2023,2025,4,28,Production,8,(1000 MT),1550.0
2224000,"Oilseed, Sunflowerseed",TU,Turkey,2023,2025,4,178,Total Distribution,8,(1000 MT),2046.0
2224000,"Oilseed, Sunflowerseed",TU,Turkey,2023,2025,4,86,Total Supply,8,(1000 MT),2046.0
2224000,"Oilseed, Sunflowerseed",TU,Turkey,2023,2025,4,184,Yield,26,(MT/HA),2.21
2224000,"Oilseed, Sunflowerseed",TU,Turkey,2024,2025,11,4,Area Harvested,4,(1000 HA),690.0
2224000,"Oilseed, Sunflowerseed",TU,Turkey,2024,2025,11,20,Beginning Stocks,8,(1000 MT),142.0
2224000,"Oilseed, Sunflowerseed",TU,Turkey,2024,2025,11,7,Crush,8,(1000 MT),1825.0
2224000,"Oilseed, Sunflowerseed",TU,Turkey,2024,2025,11,125,Domestic Consumption,8,(1000 MT),2027.0
2224000,"Oilseed, Sunflowerseed",TU,Turkey,2024,2025,11,176,Ending Stocks,8,(1000 MT),80.0
2224000,"Oilseed, Sunflowerseed",TU,Turkey,2024,2025,11,88,Exports,8,(1000 MT),174.0
2224000,"Oilseed, Sunflowerseed",TU,Turkey,2024,2025,11,161,Feed Waste Dom. Cons.,8,(1000 MT),2.0
2224000,"Oilseed, Sunflowerseed",TU,Turkey,2024,2025,11,149,Food Use Dom. Cons.,8,(1000 MT),200.0
2224000,"Oilseed, Sunflowerseed",TU,Turkey,2024,2025,11,57,Imports,8,(1000 MT),789.0
2224000,"Oilseed, Sunflowerseed",TU,Turkey,2024,2025,11,28,Production,8,(1000 MT),1350.0
2224000,"Oilseed, Sunflowerseed",TU,Turkey,2024,2025,11,178,Total Distribution,8,(1000 MT),2281.0
2224000,"Oilseed, Sunflowerseed",TU,Turkey,2024,2025,11,86,Total Supply,8,(1000 MT),2281.0
2224000,"Oilseed, Sunflowerseed",TU,Turkey,2024,2025,11,184,Yield,26,(MT/HA),1.96
2224000,"Oilseed, Sunflowerseed",TU,Turkey,2025,2026,3,4,Area Harvested,4,(1000 HA),760.0
2224000,"Oilseed, Sunflowerseed",TU,Turkey,2025,2026,3,20,Beginning Stocks,8,(1000 MT),80.0
2224000,"Oilseed, Sunflowerseed",TU,Turkey,2025,2026,3,7,Crush,8,(1000 MT),2150.0
2224000,"Oilseed, Sunflowerseed",TU,Turkey,2025,2026,3,125,Domestic Consumption,8,(1000 MT),2352.0
2224000,"Oilseed, Sunflowerseed",TU,Turkey,2025,2026,3,176,Ending Stocks,8,(1000 MT),198.0
2224000,"Oilseed, Sunflowerseed",TU,Turkey,2025,2026,3,88,Exports,8,(1000 MT),100.0
2224000,"Oilseed, Sunflowerseed",TU,Turkey,2025,2026,3,161,Feed Waste Dom. Cons.,8,(1000 MT),2.0
2224000,"Oilseed, Sunflowerseed",TU,Turkey,2025,2026,3,149,Food Use Dom. Cons.,8,(1000 MT),200.0
2224000,"Oilseed, Sunflowerseed",TU,Turkey,2025,2026,3,57,Imports,8,(1000 MT),1200.0
2224000,"Oilseed, Sunflowerseed",TU,Turkey,2025,2026,3,28,Production,8,(1000 MT),1370.0
2224000,"Oilseed, Sunflowerseed",TU,Turkey,2025,2026,3,178,Total Distribution,8,(1000 MT),2650.0
2224000,"Oilseed, Sunflowerseed",TU,Turkey,2025,2026,3,86,Total Supply,8,(1000 MT),2650.0
2224000,"Oilseed, Sunflowerseed",TU,Turkey,2025,2026,3,184,Yield,26,(MT/HA),1.8
2224000,"Oilseed, Sunflowerseed",UP,Ukraine,2022,2025,4,4,Area Harvested,4,(1000 HA),5700.0
2224000,"Oilseed, Sunflowerseed",UP,Ukraine,2022,2025,4,20,Beginning Stocks,8,(1000 MT),4645.0
2224000,"Oilseed, Sunflowerseed",UP,Ukraine,2022,2025,4,7,Crush,8,(1000 MT),14000.0
2224000,"Oilseed, Sunflowerseed",UP,Ukraine,2022,2025,4,125,Domestic Consumption,8,(1000 MT),14175.0
2224000,"Oilseed, Sunflowerseed",UP,Ukraine,2022,2025,4,176,Ending Stocks,8,(1000 MT),845.0
2224000,"Oilseed, Sunflowerseed",UP,Ukraine,2022,2025,4,88,Exports,8,(1000 MT),1856.0
2224000,"Oilseed, Sunflowerseed",UP,Ukraine,2022,2025,4,161,Feed Waste Dom. Cons.,8,(1000 MT),125.0
2224000,"Oilseed, Sunflowerseed",UP,Ukraine,2022,2025,4,149,Food Use Dom. Cons.,8,(1000 MT),50.0
2224000,"Oilseed, Sunflowerseed",UP,Ukraine,2022,2025,4,57,Imports,8,(1000 MT),31.0
2224000,"Oilseed, Sunflowerseed",UP,Ukraine,2022,2025,4,28,Production,8,(1000 MT),12200.0
2224000,"Oilseed, Sunflowerseed",UP,Ukraine,2022,2025,4,178,Total Distribution,8,(1000 MT),16876.0
2224000,"Oilseed, Sunflowerseed",UP,Ukraine,2022,2025,4,86,Total Supply,8,(1000 MT),16876.0
2224000,"Oilseed, Sunflowerseed",UP,Ukraine,2022,2025,4,184,Yield,26,(MT/HA),2.14
2224000,"Oilseed, Sunflowerseed",UP,Ukraine,2023,2025,4,4,Area Harvested,4,(1000 HA),6400.0
2224000,"Oilseed, Sunflowerseed",UP,Ukraine,2023,2025,4,20,Beginning Stocks,8,(1000 MT),845.0
2224000,"Oilseed, Sunflowerseed",UP,Ukraine,2023,2025,4,7,Crush,8,(1000 MT),15700.0
2224000,"Oilseed, Sunflowerseed",UP,Ukraine,2023,2025,4,125,Domestic Consumption,8,(1000 MT),15875.0
2224000,"Oilseed, Sunflowerseed",UP,Ukraine,2023,2025,4,176,Ending Stocks,8,(1000 MT),176.0
2224000,"Oilseed, Sunflowerseed",UP,Ukraine,2023,2025,4,88,Exports,8,(1000 MT),314.0
2224000,"Oilseed, Sunflowerseed",UP,Ukraine,2023,2025,4,161,Feed Waste Dom. Cons.,8,(1000 MT),125.0
2224000,"Oilseed, Sunflowerseed",UP,Ukraine,2023,2025,4,149,Food Use Dom. Cons.,8,(1000 MT),50.0
2224000,"Oilseed, Sunflowerseed",UP,Ukraine,2023,2025,4,57,Imports,8,(1000 MT),20.0
2224000,"Oilseed, Sunflowerseed",UP,Ukraine,2023,2025,4,28,Production,8,(1000 MT),15500.0
2224000,"Oilseed, Sunflowerseed",UP,Ukraine,2023,2025,4,178,Total Distribution,8,(1000 MT),16365.0
2224000,"Oilseed, Sunflowerseed",UP,Ukraine,2023,2025,4,86,Total Supply,8,(1000 MT),16365.0
2224000,"Oilseed, Sunflowerseed",UP,Ukraine,2023,2025,4,184,Yield,26,(MT/HA),2.42
2224000,"Oilseed, Sunflowerseed",UP,Ukraine,2024,2025,9,4,Area Harvested,4,(1000 HA),6000.0
2224000,"Oilseed, Sunflowerseed",UP,Ukraine,2024,2025,9,20,Beginning Stocks,8,(1000 MT),176.0
2224000,"Oilseed, Sunflowerseed",UP,Ukraine,2024,2025,9,7,Crush,8,(1000 MT),12300.0
2224000,"Oilseed, Sunflowerseed",UP,Ukraine,2024,2025,9,125,Domestic Consumption,8,(1000 MT),12825.0
2224000,"Oilseed, Sunflowerseed",UP,Ukraine,2024,2025,9,176,Ending Stocks,8,(1000 MT),305.0
2224000,"Oilseed, Sunflowerseed",UP,Ukraine,2024,2025,9,88,Exports,8,(1000 MT),68.0
2224000,"Oilseed, Sunflowerseed",UP,Ukraine,2024,2025,9,161,Feed Waste Dom. Cons.,8,(1000 MT),475.0
2224000,"Oilseed, Sunflowerseed",UP,Ukraine,2024,2025,9,149,Food Use Dom. Cons.,8,(1000 MT),50.0
2224000,"Oilseed, Sunflowerseed",UP,Ukraine,2024,2025,9,57,Imports,8,(1000 MT),22.0
2224000,"Oilseed, Sunflowerseed",UP,Ukraine,2024,2025,9,28,Production,8,(1000 MT),13000.0
2224000,"Oilseed, Sunflowerseed",UP,Ukraine,2024,2025,9,178,Total Distribution,8,(1000 MT),13198.0
2224000,"Oilseed, Sunflowerseed",UP,Ukraine,2024,2025,9,86,Total Supply,8,(1000 MT),13198.0
2224000,"Oilseed, Sunflowerseed",UP,Ukraine,2024,2025,9,184,Yield,26,(MT/HA),2.17
2224000,"Oilseed, Sunflowerseed",UP,Ukraine,2025,2026,3,4,Area Harvested,4,(1000 HA),5600.0
2224000,"Oilseed, Sunflowerseed",UP,Ukraine,2025,2026,3,20,Beginning Stocks,8,(1000 MT),305.0
2224000,"Oilseed, Sunflowerseed",UP,Ukraine,2025,2026,3,7,Crush,8,(1000 MT),11000.0
2224000,"Oilseed, Sunflowerseed",UP,Ukraine,2025,2026,3,125,Domestic Consumption,8,(1000 MT),11150.0
2224000,"Oilseed, Sunflowerseed",UP,Ukraine,2025,2026,3,176,Ending Stocks,8,(1000 MT),135.0
2224000,"Oilseed, Sunflowerseed",UP,Ukraine,2025,2026,3,88,Exports,8,(1000 MT),50.0
2224000,"Oilseed, Sunflowerseed",UP,Ukraine,2025,2026,3,161,Feed Waste Dom. Cons.,8,(1000 MT),100.0
2224000,"Oilseed, Sunflowerseed",UP,Ukraine,2025,2026,3,149,Food Use Dom. Cons.,8,(1000 MT),50.0
2224000,"Oilseed, Sunflowerseed",UP,Ukraine,2025,2026,3,57,Imports,8,(1000 MT),30.0
2224000,"Oilseed, Sunflowerseed",UP,Ukraine,2025,2026,3,28,Production,8,(1000 MT),11000.0
2224000,"Oilseed, Sunflowerseed",UP,Ukraine,2025,2026,3,178,Total Distribution,8,(1000 MT),11335.0
2224000,"Oilseed, Sunflowerseed",UP,Ukraine,2025,2026,3,86,Total Supply,8,(1000 MT),11335.0
2224000,"Oilseed, Sunflowerseed",UP,Ukraine,2025,2026,3,184,Yield,26,(MT/HA),1.96
2224000,"Oilseed, Sunflowerseed",UK,United Kingdom,2022,2025,4,4,Area Harvested,4,(1000 HA),0.0
2224000,"Oilseed, Sunflowerseed",UK,United Kingdom,2022,2025,4,20,Beginning Stocks,8,(1000 MT),0.0
2224000,"Oilseed, Sunflowerseed",UK,United Kingdom,2022,2025,4,7,Crush,8,(1000 MT),25.0
2224000,"Oilseed, Sunflowerseed",UK,United Kingdom,2022,2025,4,125,Domestic Consumption,8,(1000 MT),50.0
2224000,"Oilseed, Sunflowerseed",UK,United Kingdom,2022,2025,4,176,Ending Stocks,8,(1000 MT),0.0
2224000,"Oilseed, Sunflowerseed",UK,United Kingdom,2022,2025,4,88,Exports,8,(1000 MT),1.0
2224000,"Oilseed, Sunflowerseed",UK,United Kingdom,2022,2025,4,161,Feed Waste Dom. Cons.,8,(1000 MT),20.0
2224000,"Oilseed, Sunflowerseed",UK,United Kingdom,2022,2025,4,149,Food Use Dom. Cons.,8,(1000 MT),5.0
2224000,"Oilseed, Sunflowerseed",UK,United Kingdom,2022,2025,4,57,Imports,8,(1000 MT),51.0
2224000,"Oilseed, Sunflowerseed",UK,United Kingdom,2022,2025,4,28,Production,8,(1000 MT),0.0
2224000,"Oilseed, Sunflowerseed",UK,United Kingdom,2022,2025,4,178,Total Distribution,8,(1000 MT),51.0
2224000,"Oilseed, Sunflowerseed",UK,United Kingdom,2022,2025,4,86,Total Supply,8,(1000 MT),51.0
2224000,"Oilseed, Sunflowerseed",UK,United Kingdom,2022,2025,4,184,Yield,26,(MT/HA),0.0
2224000,"Oilseed, Sunflowerseed",UK,United Kingdom,2023,2025,4,4,Area Harvested,4,(1000 HA),0.0
2224000,"Oilseed, Sunflowerseed",UK,United Kingdom,2023,2025,4,20,Beginning Stocks,8,(1000 MT),0.0
2224000,"Oilseed, Sunflowerseed",UK,United Kingdom,2023,2025,4,7,Crush,8,(1000 MT),35.0
2224000,"Oilseed, Sunflowerseed",UK,United Kingdom,2023,2025,4,125,Domestic Consumption,8,(1000 MT),60.0
2224000,"Oilseed, Sunflowerseed",UK,United Kingdom,2023,2025,4,176,Ending Stocks,8,(1000 MT),0.0
2224000,"Oilseed, Sunflowerseed",UK,United Kingdom,2023,2025,4,88,Exports,8,(1000 MT),0.0
2224000,"Oilseed, Sunflowerseed",UK,United Kingdom,2023,2025,4,161,Feed Waste Dom. Cons.,8,(1000 MT),20.0
2224000,"Oilseed, Sunflowerseed",UK,United Kingdom,2023,2025,4,149,Food Use Dom. Cons.,8,(1000 MT),5.0
2224000,"Oilseed, Sunflowerseed",UK,United Kingdom,2023,2025,4,57,Imports,8,(1000 MT),60.0
2224000,"Oilseed, Sunflowerseed",UK,United Kingdom,2023,2025,4,28,Production,8,(1000 MT),0.0
2224000,"Oilseed, Sunflowerseed",UK,United Kingdom,2023,2025,4,178,Total Distribution,8,(1000 MT),60.0
2224000,"Oilseed, Sunflowerseed",UK,United Kingdom,2023,2025,4,86,Total Supply,8,(1000 MT),60.0
2224000,"Oilseed, Sunflowerseed",UK,United Kingdom,2023,2025,4,184,Yield,26,(MT/HA),0.0
2224000,"Oilseed, Sunflowerseed",UK,United Kingdom,2024,2025,12,4,Area Harvested,4,(1000 HA),0.0
2224000,"Oilseed, Sunflowerseed",UK,United Kingdom,2024,2025,12,20,Beginning Stocks,8,(1000 MT),0.0
2224000,"Oilseed, Sunflowerseed",UK,United Kingdom,2024,2025,12,7,Crush,8,(1000 MT),37.0
2224000,"Oilseed, Sunflowerseed",UK,United Kingdom,2024,2025,12,125,Domestic Consumption,8,(1000 MT),62.0
2224000,"Oilseed, Sunflowerseed",UK,United Kingdom,2024,2025,12,176,Ending Stocks,8,(1000 MT),0.0
2224000,"Oilseed, Sunflowerseed",UK,United Kingdom,2024,2025,12,88,Exports,8,(1000 MT),0.0
2224000,"Oilseed, Sunflowerseed",UK,United Kingdom,2024,2025,12,161,Feed Waste Dom. Cons.,8,(1000 MT),20.0
2224000,"Oilseed, Sunflowerseed",UK,United Kingdom,2024,2025,12,149,Food Use Dom. Cons.,8,(1000 MT),5.0
2224000,"Oilseed, Sunflowerseed",UK,United Kingdom,2024,2025,12,57,Imports,8,(1000 MT),62.0
2224000,"Oilseed, Sunflowerseed",UK,United Kingdom,2024,2025,12,28,Production,8,(1000 MT),0.0
2224000,"Oilseed, Sunflowerseed",UK,United Kingdom,2024,2025,12,178,Total Distribution,8,(1000 MT),62.0
2224000,"Oilseed, Sunflowerseed",UK,United Kingdom,2024,2025,12,86,Total Supply,8,(1000 MT),62.0
2224000,"Oilseed, Sunflowerseed",UK,United Kingdom,2024,2025,12,184,Yield,26,(MT/HA),0.0
2224000,"Oilseed, Sunflowerseed",UK,United Kingdom,2025,2026,3,4,Area Harvested,4,(1000 HA),0.0
2224000,"Oilseed, Sunflowerseed",UK,United Kingdom,2025,2026,3,20,Beginning Stocks,8,(1000 MT),0.0
2224000,"Oilseed, Sunflowerseed",UK,United Kingdom,2025,2026,3,7,Crush,8,(1000 MT),25.0
2224000,"Oilseed, Sunflowerseed",UK,United Kingdom,2025,2026,3,125,Domestic Consumption,8,(1000 MT),49.0
2224000,"Oilseed, Sunflowerseed",UK,United Kingdom,2025,2026,3,176,Ending Stocks,8,(1000 MT),0.0
2224000,"Oilseed, Sunflowerseed",UK,United Kingdom,2025,2026,3,88,Exports,8,(1000 MT),1.0
2224000,"Oilseed, Sunflowerseed",UK,United Kingdom,2025,2026,3,161,Feed Waste Dom. Cons.,8,(1000 MT),19.0
2224000,"Oilseed, Sunflowerseed",UK,United Kingdom,2025,2026,3,149,Food Use Dom. Cons.,8,(1000 MT),5.0
2224000,"Oilseed, Sunflowerseed",UK,United Kingdom,2025,2026,3,57,Imports,8,(1000 MT),50.0
2224000,"Oilseed, Sunflowerseed",UK,United Kingdom,2025,2026,3,28,Production,8,(1000 MT),0.0
2224000,"Oilseed, Sunflowerseed",UK,United Kingdom,2025,2026,3,178,Total Distribution,8,(1000 MT),50.0
2224000,"Oilseed, Sunflowerseed",UK,United Kingdom,2025,2026,3,86,Total Supply,8,(1000 MT),50.0
2224000,"Oilseed, Sunflowerseed",UK,United Kingdom,2025,2026,3,184,Yield,26,(MT/HA),0.0
2224000,"Oilseed, Sunflowerseed",US,United States,2022,2025,4,4,Area Harvested,4,(1000 HA),647.0
2224000,"Oilseed, Sunflowerseed",US,United States,2022,2025,4,20,Beginning Stocks,8,(1000 MT),134.0
2224000,"Oilseed, Sunflowerseed",US,United States,2022,2025,4,7,Crush,8,(1000 MT),411.0
2224000,"Oilseed, Sunflowerseed",US,United States,2022,2025,4,125,Domestic Consumption,8,(1000 MT),1332.0
2224000,"Oilseed, Sunflowerseed",US,United States,2022,2025,4,176,Ending Stocks,8,(1000 MT),166.0
2224000,"Oilseed, Sunflowerseed",US,United States,2022,2025,4,88,Exports,8,(1000 MT),50.0
2224000,"Oilseed, Sunflowerseed",US,United States,2022,2025,4,161,Feed Waste Dom. Cons.,8,(1000 MT),921.0
2224000,"Oilseed, Sunflowerseed",US,United States,2022,2025,4,149,Food Use Dom. Cons.,8,(1000 MT),0.0
2224000,"Oilseed, Sunflowerseed",US,United States,2022,2025,4,57,Imports,8,(1000 MT),140.0
2224000,"Oilseed, Sunflowerseed",US,United States,2022,2025,4,28,Production,8,(1000 MT),1274.0
2224000,"Oilseed, Sunflowerseed",US,United States,2022,2025,4,178,Total Distribution,8,(1000 MT),1548.0
2224000,"Oilseed, Sunflowerseed",US,United States,2022,2025,4,86,Total Supply,8,(1000 MT),1548.0
2224000,"Oilseed, Sunflowerseed",US,United States,2022,2025,4,184,Yield,26,(MT/HA),1.97
2224000,"Oilseed, Sunflowerseed",US,United States,2023,2025,4,4,Area Harvested,4,(1000 HA),511.0
2224000,"Oilseed, Sunflowerseed",US,United States,2023,2025,4,20,Beginning Stocks,8,(1000 MT),166.0
2224000,"Oilseed, Sunflowerseed",US,United States,2023,2025,4,7,Crush,8,(1000 MT),378.0
2224000,"Oilseed, Sunflowerseed",US,United States,2023,2025,4,125,Domestic Consumption,8,(1000 MT),1050.0
2224000,"Oilseed, Sunflowerseed",US,United States,2023,2025,4,176,Ending Stocks,8,(1000 MT),259.0
2224000,"Oilseed, Sunflowerseed",US,United States,2023,2025,4,88,Exports,8,(1000 MT),38.0
2224000,"Oilseed, Sunflowerseed",US,United States,2023,2025,4,161,Feed Waste Dom. Cons.,8,(1000 MT),672.0
2224000,"Oilseed, Sunflowerseed",US,United States,2023,2025,4,149,Food Use Dom. Cons.,8,(1000 MT),0.0
2224000,"Oilseed, Sunflowerseed",US,United States,2023,2025,4,57,Imports,8,(1000 MT),157.0
2224000,"Oilseed, Sunflowerseed",US,United States,2023,2025,4,28,Production,8,(1000 MT),1024.0
2224000,"Oilseed, Sunflowerseed",US,United States,2023,2025,4,178,Total Distribution,8,(1000 MT),1347.0
2224000,"Oilseed, Sunflowerseed",US,United States,2023,2025,4,86,Total Supply,8,(1000 MT),1347.0
2224000,"Oilseed, Sunflowerseed",US,United States,2023,2025,4,184,Yield,26,(MT/HA),2.0
2224000,"Oilseed, Sunflowerseed",US,United States,2024,2026,2,4,Area Harvested,4,(1000 HA),277.0
2224000,"Oilseed, Sunflowerseed",US,United States,2024,2026,2,20,Beginning Stocks,8,(1000 MT),259.0
2224000,"Oilseed, Sunflowerseed",US,United States,2024,2026,2,7,Crush,8,(1000 MT),361.0
2224000,"Oilseed, Sunflowerseed",US,United States,2024,2026,2,125,Domestic Consumption,8,(1000 MT),810.0
2224000,"Oilseed, Sunflowerseed",US,United States,2024,2026,2,176,Ending Stocks,8,(1000 MT),95.0
2224000,"Oilseed, Sunflowerseed",US,United States,2024,2026,2,88,Exports,8,(1000 MT),34.0
2224000,"Oilseed, Sunflowerseed",US,United States,2024,2026,2,161,Feed Waste Dom. Cons.,8,(1000 MT),449.0
2224000,"Oilseed, Sunflowerseed",US,United States,2024,2026,2,149,Food Use Dom. Cons.,8,(1000 MT),0.0
2224000,"Oilseed, Sunflowerseed",US,United States,2024,2026,2,57,Imports,8,(1000 MT),162.0
2224000,"Oilseed, Sunflowerseed",US,United States,2024,2026,2,28,Production,8,(1000 MT),518.0
2224000,"Oilseed, Sunflowerseed",US,United States,2024,2026,2,178,Total Distribution,8,(1000 MT),939.0
2224000,"Oilseed, Sunflowerseed",US,United States,2024,2026,2,86,Total Supply,8,(1000 MT),939.0
2224000,"Oilseed, Sunflowerseed",US,United States,2024,2026,2,184,Yield,26,(MT/HA),1.87
2224000,"Oilseed, Sunflowerseed",US,United States,2025,2026,3,4,Area Harvested,4,(1000 HA),504.0
2224000,"Oilseed, Sunflowerseed",US,United States,2025,2026,3,20,Beginning Stocks,8,(1000 MT),95.0
2224000,"Oilseed, Sunflowerseed",US,United States,2025,2026,3,7,Crush,8,(1000 MT),450.0
2224000,"Oilseed, Sunflowerseed",US,United States,2025,2026,3,125,Domestic Consumption,8,(1000 MT),1139.0
2224000,"Oilseed, Sunflowerseed",US,United States,2025,2026,3,176,Ending Stocks,8,(1000 MT),147.0
2224000,"Oilseed, Sunflowerseed",US,United States,2025,2026,3,88,Exports,8,(1000 MT),37.0
2224000,"Oilseed, Sunflowerseed",US,United States,2025,2026,3,161,Feed Waste Dom. Cons.,8,(1000 MT),689.0
2224000,"Oilseed, Sunflowerseed",US,United States,2025,2026,3,149,Food Use Dom. Cons.,8,(1000 MT),0.0
2224000,"Oilseed, Sunflowerseed",US,United States,2025,2026,3,57,Imports,8,(1000 MT),175.0
2224000,"Oilseed, Sunflowerseed",US,United States,2025,2026,3,28,Production,8,(1000 MT),1053.0
2224000,"Oilseed, Sunflowerseed",US,United States,2025,2026,3,178,Total Distribution,8,(1000 MT),1323.0
2224000,"Oilseed, Sunflowerseed",US,United States,2025,2026,3,86,Total Supply,8,(1000 MT),1323.0
2224000,"Oilseed, Sunflowerseed",US,United States,2025,2026,3,184,Yield,26,(MT/HA),2.09
2224000,"Oilseed, Sunflowerseed",UY,Uruguay,2022,2025,1,4,Area Harvested,4,(1000 HA),11.0
2224000,"Oilseed, Sunflowerseed",UY,Uruguay,2022,2025,1,20,Beginning Stocks,8,(1000 MT),0.0
2224000,"Oilseed, Sunflowerseed",UY,Uruguay,2022,2025,1,7,Crush,8,(1000 MT),7.0
2224000,"Oilseed, Sunflowerseed",UY,Uruguay,2022,2025,1,125,Domestic Consumption,8,(1000 MT),10.0
2224000,"Oilseed, Sunflowerseed",UY,Uruguay,2022,2025,1,176,Ending Stocks,8,(1000 MT),0.0
2224000,"Oilseed, Sunflowerseed",UY,Uruguay,2022,2025,1,88,Exports,8,(1000 MT),0.0
2224000,"Oilseed, Sunflowerseed",UY,Uruguay,2022,2025,1,161,Feed Waste Dom. Cons.,8,(1000 MT),3.0
2224000,"Oilseed, Sunflowerseed",UY,Uruguay,2022,2025,1,149,Food Use Dom. Cons.,8,(1000 MT),0.0
2224000,"Oilseed, Sunflowerseed",UY,Uruguay,2022,2025,1,57,Imports,8,(1000 MT),0.0
2224000,"Oilseed, Sunflowerseed",UY,Uruguay,2022,2025,1,28,Production,8,(1000 MT),10.0
2224000,"Oilseed, Sunflowerseed",UY,Uruguay,2022,2025,1,178,Total Distribution,8,(1000 MT),10.0
2224000,"Oilseed, Sunflowerseed",UY,Uruguay,2022,2025,1,86,Total Supply,8,(1000 MT),10.0
2224000,"Oilseed, Sunflowerseed",UY,Uruguay,2022,2025,1,184,Yield,26,(MT/HA),0.91
2224000,"Oilseed, Sunflowerseed",UY,Uruguay,2023,2025,4,4,Area Harvested,4,(1000 HA),4.0
2224000,"Oilseed, Sunflowerseed",UY,Uruguay,2023,2025,4,20,Beginning Stocks,8,(1000 MT),0.0
2224000,"Oilseed, Sunflowerseed",UY,Uruguay,2023,2025,4,7,Crush,8,(1000 MT),3.0
2224000,"Oilseed, Sunflowerseed",UY,Uruguay,2023,2025,4,125,Domestic Consumption,8,(1000 MT),6.0
2224000,"Oilseed, Sunflowerseed",UY,Uruguay,2023,2025,4,176,Ending Stocks,8,(1000 MT),0.0
2224000,"Oilseed, Sunflowerseed",UY,Uruguay,2023,2025,4,88,Exports,8,(1000 MT),0.0
2224000,"Oilseed, Sunflowerseed",UY,Uruguay,2023,2025,4,161,Feed Waste Dom. Cons.,8,(1000 MT),3.0
2224000,"Oilseed, Sunflowerseed",UY,Uruguay,2023,2025,4,149,Food Use Dom. Cons.,8,(1000 MT),0.0
2224000,"Oilseed, Sunflowerseed",UY,Uruguay,2023,2025,4,57,Imports,8,(1000 MT),1.0
2224000,"Oilseed, Sunflowerseed",UY,Uruguay,2023,2025,4,28,Production,8,(1000 MT),5.0
2224000,"Oilseed, Sunflowerseed",UY,Uruguay,2023,2025,4,178,Total Distribution,8,(1000 MT),6.0
2224000,"Oilseed, Sunflowerseed",UY,Uruguay,2023,2025,4,86,Total Supply,8,(1000 MT),6.0
2224000,"Oilseed, Sunflowerseed",UY,Uruguay,2023,2025,4,184,Yield,26,(MT/HA),1.25
2224000,"Oilseed, Sunflowerseed",UY,Uruguay,2024,2025,8,4,Area Harvested,4,(1000 HA),7.0
2224000,"Oilseed, Sunflowerseed",UY,Uruguay,2024,2025,8,20,Beginning Stocks,8,(1000 MT),0.0
2224000,"Oilseed, Sunflowerseed",UY,Uruguay,2024,2025,8,7,Crush,8,(1000 MT),11.0
2224000,"Oilseed, Sunflowerseed",UY,Uruguay,2024,2025,8,125,Domestic Consumption,8,(1000 MT),14.0
2224000,"Oilseed, Sunflowerseed",UY,Uruguay,2024,2025,8,176,Ending Stocks,8,(1000 MT),0.0
2224000,"Oilseed, Sunflowerseed",UY,Uruguay,2024,2025,8,88,Exports,8,(1000 MT),0.0
2224000,"Oilseed, Sunflowerseed",UY,Uruguay,2024,2025,8,161,Feed Waste Dom. Cons.,8,(1000 MT),3.0
2224000,"Oilseed, Sunflowerseed",UY,Uruguay,2024,2025,8,149,Food Use Dom. Cons.,8,(1000 MT),0.0
2224000,"Oilseed, Sunflowerseed",UY,Uruguay,2024,2025,8,57,Imports,8,(1000 MT),1.0
2224000,"Oilseed, Sunflowerseed",UY,Uruguay,2024,2025,8,28,Production,8,(1000 MT),13.0
2224000,"Oilseed, Sunflowerseed",UY,Uruguay,2024,2025,8,178,Total Distribution,8,(1000 MT),14.0
2224000,"Oilseed, Sunflowerseed",UY,Uruguay,2024,2025,8,86,Total Supply,8,(1000 MT),14.0
2224000,"Oilseed, Sunflowerseed",UY,Uruguay,2024,2025,8,184,Yield,26,(MT/HA),1.86
2224000,"Oilseed, Sunflowerseed",UY,Uruguay,2025,2026,3,4,Area Harvested,4,(1000 HA),10.0
2224000,"Oilseed, Sunflowerseed",UY,Uruguay,2025,2026,3,20,Beginning Stocks,8,(1000 MT),0.0
2224000,"Oilseed, Sunflowerseed",UY,Uruguay,2025,2026,3,7,Crush,8,(1000 MT),9.0
2224000,"Oilseed, Sunflowerseed",UY,Uruguay,2025,2026,3,125,Domestic Consumption,8,(1000 MT),13.0
2224000,"Oilseed, Sunflowerseed",UY,Uruguay,2025,2026,3,176,Ending Stocks,8,(1000 MT),0.0
2224000,"Oilseed, Sunflowerseed",UY,Uruguay,2025,2026,3,88,Exports,8,(1000 MT),0.0
2224000,"Oilseed, Sunflowerseed",UY,Uruguay,2025,2026,3,161,Feed Waste Dom. Cons.,8,(1000 MT),4.0
2224000,"Oilseed, Sunflowerseed",UY,Uruguay,2025,2026,3,149,Food Use Dom. Cons.,8,(1000 MT),0.0
2224000,"Oilseed, Sunflowerseed",UY,Uruguay,2025,2026,3,57,Imports,8,(1000 MT),1.0
2224000,"Oilseed, Sunflowerseed",UY,Uruguay,2025,2026,3,28,Production,8,(1000 MT),12.0
2224000,"Oilseed, Sunflowerseed",UY,Uruguay,2025,2026,3,178,Total Distribution,8,(1000 MT),13.0
2224000,"Oilseed, Sunflowerseed",UY,Uruguay,2025,2026,3,86,Total Supply,8,(1000 MT),13.0
2224000,"Oilseed, Sunflowerseed",UY,Uruguay,2025,2026,3,184,Yield,26,(MT/HA),1.2
2224000,"Oilseed, Sunflowerseed",UZ,Uzbekistan,2022,2024,3,4,Area Harvested,4,(1000 HA),8.0
2224000,"Oilseed, Sunflowerseed",UZ,Uzbekistan,2022,2024,3,20,Beginning Stocks,8,(1000 MT),11.0
2224000,"Oilseed, Sunflowerseed",UZ,Uzbekistan,2022,2024,3,7,Crush,8,(1000 MT),145.0
2224000,"Oilseed, Sunflowerseed",UZ,Uzbekistan,2022,2024,3,125,Domestic Consumption,8,(1000 MT),150.0
2224000,"Oilseed, Sunflowerseed",UZ,Uzbekistan,2022,2024,3,176,Ending Stocks,8,(1000 MT),11.0
2224000,"Oilseed, Sunflowerseed",UZ,Uzbekistan,2022,2024,3,88,Exports,8,(1000 MT),0.0
2224000,"Oilseed, Sunflowerseed",UZ,Uzbekistan,2022,2024,3,161,Feed Waste Dom. Cons.,8,(1000 MT),5.0
2224000,"Oilseed, Sunflowerseed",UZ,Uzbekistan,2022,2024,3,149,Food Use Dom. Cons.,8,(1000 MT),0.0
2224000,"Oilseed, Sunflowerseed",UZ,Uzbekistan,2022,2024,3,57,Imports,8,(1000 MT),108.0
2224000,"Oilseed, Sunflowerseed",UZ,Uzbekistan,2022,2024,3,28,Production,8,(1000 MT),42.0
2224000,"Oilseed, Sunflowerseed",UZ,Uzbekistan,2022,2024,3,178,Total Distribution,8,(1000 MT),161.0
2224000,"Oilseed, Sunflowerseed",UZ,Uzbekistan,2022,2024,3,86,Total Supply,8,(1000 MT),161.0
2224000,"Oilseed, Sunflowerseed",UZ,Uzbekistan,2022,2024,3,184,Yield,26,(MT/HA),5.25
2224000,"Oilseed, Sunflowerseed",UZ,Uzbekistan,2023,2026,1,4,Area Harvested,4,(1000 HA),7.0
2224000,"Oilseed, Sunflowerseed",UZ,Uzbekistan,2023,2026,1,20,Beginning Stocks,8,(1000 MT),11.0
2224000,"Oilseed, Sunflowerseed",UZ,Uzbekistan,2023,2026,1,7,Crush,8,(1000 MT),70.0
2224000,"Oilseed, Sunflowerseed",UZ,Uzbekistan,2023,2026,1,125,Domestic Consumption,8,(1000 MT),75.0
2224000,"Oilseed, Sunflowerseed",UZ,Uzbekistan,2023,2026,1,176,Ending Stocks,8,(1000 MT),12.0
2224000,"Oilseed, Sunflowerseed",UZ,Uzbekistan,2023,2026,1,88,Exports,8,(1000 MT),0.0
2224000,"Oilseed, Sunflowerseed",UZ,Uzbekistan,2023,2026,1,161,Feed Waste Dom. Cons.,8,(1000 MT),5.0
2224000,"Oilseed, Sunflowerseed",UZ,Uzbekistan,2023,2026,1,149,Food Use Dom. Cons.,8,(1000 MT),0.0
2224000,"Oilseed, Sunflowerseed",UZ,Uzbekistan,2023,2026,1,57,Imports,8,(1000 MT),48.0
2224000,"Oilseed, Sunflowerseed",UZ,Uzbekistan,2023,2026,1,28,Production,8,(1000 MT),28.0
2224000,"Oilseed, Sunflowerseed",UZ,Uzbekistan,2023,2026,1,178,Total Distribution,8,(1000 MT),87.0
2224000,"Oilseed, Sunflowerseed",UZ,Uzbekistan,2023,2026,1,86,Total Supply,8,(1000 MT),87.0
2224000,"Oilseed, Sunflowerseed",UZ,Uzbekistan,2023,2026,1,184,Yield,26,(MT/HA),4.0
2224000,"Oilseed, Sunflowerseed",UZ,Uzbekistan,2024,2026,1,4,Area Harvested,4,(1000 HA),10.0
2224000,"Oilseed, Sunflowerseed",UZ,Uzbekistan,2024,2026,1,20,Beginning Stocks,8,(1000 MT),12.0
2224000,"Oilseed, Sunflowerseed",UZ,Uzbekistan,2024,2026,1,7,Crush,8,(1000 MT),70.0
2224000,"Oilseed, Sunflowerseed",UZ,Uzbekistan,2024,2026,1,125,Domestic Consumption,8,(1000 MT),75.0
2224000,"Oilseed, Sunflowerseed",UZ,Uzbekistan,2024,2026,1,176,Ending Stocks,8,(1000 MT),10.0
2224000,"Oilseed, Sunflowerseed",UZ,Uzbekistan,2024,2026,1,88,Exports,8,(1000 MT),0.0
2224000,"Oilseed, Sunflowerseed",UZ,Uzbekistan,2024,2026,1,161,Feed Waste Dom. Cons.,8,(1000 MT),5.0
2224000,"Oilseed, Sunflowerseed",UZ,Uzbekistan,2024,2026,1,149,Food Use Dom. Cons.,8,(1000 MT),0.0
2224000,"Oilseed, Sunflowerseed",UZ,Uzbekistan,2024,2026,1,57,Imports,8,(1000 MT),50.0
2224000,"Oilseed, Sunflowerseed",UZ,Uzbekistan,2024,2026,1,28,Production,8,(1000 MT),23.0
2224000,"Oilseed, Sunflowerseed",UZ,Uzbekistan,2024,2026,1,178,Total Distribution,8,(1000 MT),85.0
2224000,"Oilseed, Sunflowerseed",UZ,Uzbekistan,2024,2026,1,86,Total Supply,8,(1000 MT),85.0
2224000,"Oilseed, Sunflowerseed",UZ,Uzbekistan,2024,2026,1,184,Yield,26,(MT/HA),2.3
2224000,"Oilseed, Sunflowerseed",UZ,Uzbekistan,2025,2026,3,4,Area Harvested,4,(1000 HA),9.0
2224000,"Oilseed, Sunflowerseed",UZ,Uzbekistan,2025,2026,3,20,Beginning Stocks,8,(1000 MT),10.0
2224000,"Oilseed, Sunflowerseed",UZ,Uzbekistan,2025,2026,3,7,Crush,8,(1000 MT),82.0
2224000,"Oilseed, Sunflowerseed",UZ,Uzbekistan,2025,2026,3,125,Domestic Consumption,8,(1000 MT),87.0
2224000,"Oilseed, Sunflowerseed",UZ,Uzbekistan,2025,2026,3,176,Ending Stocks,8,(1000 MT),7.0
2224000,"Oilseed, Sunflowerseed",UZ,Uzbekistan,2025,2026,3,88,Exports,8,(1000 MT),0.0
2224000,"Oilseed, Sunflowerseed",UZ,Uzbekistan,2025,2026,3,161,Feed Waste Dom. Cons.,8,(1000 MT),5.0
2224000,"Oilseed, Sunflowerseed",UZ,Uzbekistan,2025,2026,3,149,Food Use Dom. Cons.,8,(1000 MT),0.0
2224000,"Oilseed, Sunflowerseed",UZ,Uzbekistan,2025,2026,3,57,Imports,8,(1000 MT),50.0
2224000,"Oilseed, Sunflowerseed",UZ,Uzbekistan,2025,2026,3,28,Production,8,(1000 MT),34.0
2224000,"Oilseed, Sunflowerseed",UZ,Uzbekistan,2025,2026,3,178,Total Distribution,8,(1000 MT),94.0
2224000,"Oilseed, Sunflowerseed",UZ,Uzbekistan,2025,2026,3,86,Total Supply,8,(1000 MT),94.0
2224000,"Oilseed, Sunflowerseed",UZ,Uzbekistan,2025,2026,3,184,Yield,26,(MT/HA),3.78
